Copyright 1986-2022 Xilinx, Inc. All Rights Reserved. Copyright 2022-2025 Advanced Micro Devices, Inc. All Rights Reserved.
-----------------------------------------------------------------------------------------------------------------------------------------------------------------------------------------------------------------------------------------------
| Tool Version      : Vivado v.2025.2 (win64) Build 6299465 Fri Nov 14 19:35:11 GMT 2025
| Date              : Tue Aug 18 07:49:35 2026
| Host              : RjMs running 64-bit major release  (build 9200)
| Command           : report_timing_summary -max_paths 10 -routable_nets -report_unconstrained -file hw_wrapper_timing_summary_routed.rpt -pb hw_wrapper_timing_summary_routed.pb -rpx hw_wrapper_timing_summary_routed.rpx -warn_on_violation
| Design            : hw_wrapper
| Device            : xczu3eg-sfvc784
| Speed File        : -2  PRODUCTION 1.30 05-15-2022
| Design State      : Routed
| Temperature Grade : E
-----------------------------------------------------------------------------------------------------------------------------------------------------------------------------------------------------------------------------------------------

Timing Summary Report

------------------------------------------------------------------------------------------------
| Timer Settings
| --------------
------------------------------------------------------------------------------------------------

  Enable Multi Corner Analysis               :  Yes
  Enable Pessimism Removal                   :  Yes
  Pessimism Removal Resolution               :  Nearest Common Node
  Enable Input Delay Default Clock           :  No
  Enable Preset / Clear Arcs                 :  No
  Disable Flight Delays                      :  No
  Ignore I/O Paths                           :  No
  Timing Early Launch at Borrowing Latches   :  No
  Borrow Time for Max Delay Exceptions       :  Yes
  Merge Timing Exceptions                    :  Yes
  Inter-SLR Compensation                     :  Conservative

  Corner  Analyze    Analyze    
  Name    Max Paths  Min Paths  
  ------  ---------  ---------  
  Slow    Yes        Yes        
  Fast    Yes        Yes        


------------------------------------------------------------------------------------------------
| Report Methodology
| ------------------
------------------------------------------------------------------------------------------------

Rule       Severity          Description                                                Violations  
---------  ----------------  ---------------------------------------------------------  ----------  
TIMING-4   Critical Warning  Invalid primary clock redefinition on a clock tree         1           
TIMING-6   Critical Warning  No common primary clock between related clocks             1           
TIMING-7   Critical Warning  No common node between related clocks                      1           
TIMING-8   Critical Warning  No common period between related clocks                    1           
TIMING-27  Critical Warning  Invalid primary clock on hierarchical pin                  1           
TIMING-51  Critical Warning  No common phase between related clocks from parallel CMBs  1           
TIMING-18  Warning           Missing input or output delay                              5           
CLKC-56    Advisory          MMCME4 with global clock driver has no LOC                 1           

Note: This report is based on the most recent report_methodology run and may not be up-to-date. Run report_methodology on the current design for the latest report.



check_timing report

Table of Contents
-----------------
1. checking no_clock (0)
2. checking constant_clock (0)
3. checking pulse_width_clock (0)
4. checking unconstrained_internal_endpoints (0)
5. checking no_input_delay (3)
6. checking no_output_delay (7)
7. checking multiple_clock (0)
8. checking generated_clocks (0)
9. checking loops (0)
10. checking partial_input_delay (0)
11. checking partial_output_delay (0)
12. checking latch_loops (0)

1. checking no_clock (0)
------------------------
 There are 0 register/latch pins with no clock.


2. checking constant_clock (0)
------------------------------
 There are 0 register/latch pins with constant_clock.


3. checking pulse_width_clock (0)
---------------------------------
 There are 0 register/latch pins which need pulse_width check


4. checking unconstrained_internal_endpoints (0)
------------------------------------------------
 There are 0 pins that are not constrained for maximum delay.

 There are 0 pins that are not constrained for maximum delay due to constant clock.


5. checking no_input_delay (3)
------------------------------
 There are 3 input ports with no input delay specified. (HIGH)

 There are 0 input ports with no input delay but user has a false path constraint.


6. checking no_output_delay (7)
-------------------------------
 There are 6 ports with no output delay specified. (HIGH)

 There are 0 ports with no output delay but user has a false path constraint

 There is 1 port with no output delay but with a timing clock defined on it or propagating through it (LOW)


7. checking multiple_clock (0)
------------------------------
 There are 0 register/latch pins with multiple clocks.


8. checking generated_clocks (0)
--------------------------------
 There are 0 generated clocks that are not connected to a clock source.


9. checking loops (0)
---------------------
 There are 0 combinational loops in the design.


10. checking partial_input_delay (0)
------------------------------------
 There are 0 input ports with partial input delay specified.


11. checking partial_output_delay (0)
-------------------------------------
 There are 0 ports with partial output delay specified.


12. checking latch_loops (0)
----------------------------
 There are 0 combinational latch loops in the design through latch input



------------------------------------------------------------------------------------------------
| Design Timing Summary
| ---------------------
------------------------------------------------------------------------------------------------

    WNS(ns)      TNS(ns)  TNS Failing Endpoints  TNS Total Endpoints      WHS(ns)      THS(ns)  THS Failing Endpoints  THS Total Endpoints     WPWS(ns)     TPWS(ns)  TPWS Failing Endpoints  TPWS Total Endpoints  
    -------      -------  ---------------------  -------------------      -------      -------  ---------------------  -------------------     --------     --------  ----------------------  --------------------  
      2.664        0.000                      0                17567        0.010        0.000                      0                17507        2.062        0.000                       0                  4241  


All user specified timing constraints are met.


------------------------------------------------------------------------------------------------
| Clock Summary
| -------------
------------------------------------------------------------------------------------------------

Clock                              Waveform(ns)       Period(ns)      Frequency(MHz)
-----                              ------------       ----------      --------------
clk_pl_0                           {0.000 5.156}      10.312          96.974          
hw_i/audio/clk_wiz_0/inst/clk_in1  {0.000 5.156}      10.312          96.974          
  clk_out1_hw_clk_wiz_0_0          {0.000 40.685}     81.369          12.290          


------------------------------------------------------------------------------------------------
| Intra Clock Table
| -----------------
------------------------------------------------------------------------------------------------

Clock                                  WNS(ns)      TNS(ns)  TNS Failing Endpoints  TNS Total Endpoints      WHS(ns)      THS(ns)  THS Failing Endpoints  THS Total Endpoints     WPWS(ns)     TPWS(ns)  TPWS Failing Endpoints  TPWS Total Endpoints  
-----                                  -------      -------  ---------------------  -------------------      -------      -------  ---------------------  -------------------     --------     --------  ----------------------  --------------------  
clk_pl_0                                 4.814        0.000                      0                16262        0.010        0.000                      0                16262        3.656        0.000                       0                  3795  
hw_i/audio/clk_wiz_0/inst/clk_in1                                                                                                                                                    2.062        0.000                       0                     1  
  clk_out1_hw_clk_wiz_0_0               78.394        0.000                      0                 1240        0.029        0.000                      0                 1240       40.153        0.000                       0                   445  


------------------------------------------------------------------------------------------------
| Inter Clock Table
| -----------------
------------------------------------------------------------------------------------------------

From Clock               To Clock                     WNS(ns)      TNS(ns)  TNS Failing Endpoints  TNS Total Endpoints      WHS(ns)      THS(ns)  THS Failing Endpoints  THS Total Endpoints  
----------               --------                     -------      -------  ---------------------  -------------------      -------      -------  ---------------------  -------------------  
clk_out1_hw_clk_wiz_0_0  clk_pl_0                      80.523        0.000                      0                   62                                                                        
clk_pl_0                 clk_out1_hw_clk_wiz_0_0        2.664        0.000                      0                   67        0.045        0.000                      0                    5  


------------------------------------------------------------------------------------------------
| Other Path Groups Table
| -----------------------
------------------------------------------------------------------------------------------------

Path Group    From Clock    To Clock          WNS(ns)      TNS(ns)  TNS Failing Endpoints  TNS Total Endpoints      WHS(ns)      THS(ns)  THS Failing Endpoints  THS Total Endpoints  
----------    ----------    --------          -------      -------  ---------------------  -------------------      -------      -------  ---------------------  -------------------  


------------------------------------------------------------------------------------------------
| User Ignored Path Table
| -----------------------
------------------------------------------------------------------------------------------------

Path Group               From Clock               To Clock               
----------               ----------               --------               
(none)                   clk_pl_0                 clk_out1_hw_clk_wiz_0_0  
(none)                                            clk_pl_0                 
(none)                   clk_out1_hw_clk_wiz_0_0  clk_pl_0                 
(none)                   clk_pl_0                 clk_pl_0                 


------------------------------------------------------------------------------------------------
| Unconstrained Path Table
| ------------------------
------------------------------------------------------------------------------------------------

Path Group               From Clock               To Clock               
----------               ----------               --------               
(none)                   clk_out1_hw_clk_wiz_0_0                           
(none)                   clk_pl_0                                          
(none)                                            clk_out1_hw_clk_wiz_0_0  


------------------------------------------------------------------------------------------------
| Timing Details
| --------------
------------------------------------------------------------------------------------------------


---------------------------------------------------------------------------------------------------
From Clock:  clk_pl_0
  To Clock:  clk_pl_0

Setup :            0  Failing Endpoints,  Worst Slack        4.814ns,  Total Violation        0.000ns
Hold  :            0  Failing Endpoints,  Worst Slack        0.010ns,  Total Violation        0.000ns
PW    :            0  Failing Endpoints,  Worst Slack        3.656ns,  Total Violation        0.000ns
---------------------------------------------------------------------------------------------------


Max Delay Paths
--------------------------------------------------------------------------------------
Slack (MET) :             4.814ns  (required time - arrival time)
  Source:                 hw_i/audio/aic3104_dma_wrapper_0/inst/aic3104_dma/axi_dma_reader/bytes_issued_reg[16]/C
                            (rising edge-triggered cell FDRE clocked by clk_pl_0  {rise@0.000ns fall@5.156ns period=10.312ns})
  Destination:            hw_i/audio/aic3104_dma_wrapper_0/inst/aic3104_dma/axi_dma_reader/m_axi_araddr_reg[22]/CE
                            (rising edge-triggered cell FDRE clocked by clk_pl_0  {rise@0.000ns fall@5.156ns period=10.312ns})
  Path Group:             clk_pl_0
  Path Type:              Setup (Max at Slow Process Corner)
  Requirement:            10.312ns  (clk_pl_0 rise@10.312ns - clk_pl_0 rise@0.000ns)
  Data Path Delay:        5.195ns  (logic 1.787ns (34.401%)  route 3.408ns (65.599%))
  Logic Levels:           16  (CARRY8=5 LUT2=2 LUT3=2 LUT4=2 LUT6=5)
  Clock Path Skew:        -0.084ns (DCD - SCD + CPR)
    Destination Clock Delay (DCD):    1.762ns = ( 12.074 - 10.312 ) 
    Source Clock Delay      (SCD):    2.004ns
    Clock Pessimism Removal (CPR):    0.158ns
  Clock Uncertainty:      0.159ns  ((TSJ^2 + DJ^2)^1/2) / 2 + PE
    Total System Jitter     (TSJ):    0.071ns
    Discrete Jitter          (DJ):    0.310ns
    Phase Error              (PE):    0.000ns
  Clock Net Delay (Source):      1.805ns (routing 0.753ns, distribution 1.052ns)
  Clock Net Delay (Destination): 1.602ns (routing 0.683ns, distribution 0.919ns)

    Location             Delay type                Incr(ns)  Path(ns)    Netlist Resource(s)
  -------------------------------------------------------------------    -------------------
                         (clock clk_pl_0 rise edge)
                                                      0.000     0.000 r  
    PS8_X0Y0             PS8                          0.000     0.000 r  hw_i/zynq_ultra_ps_e_0/inst/PS8_i/PLCLK[0]
                         net (fo=1, routed)           0.171     0.171    hw_i/zynq_ultra_ps_e_0/inst/pl_clk_unbuffered[0]
    BUFG_PS_X0Y67        BUFG_PS (Prop_BUFG_PS_I_O)
                                                      0.028     0.199 r  hw_i/zynq_ultra_ps_e_0/inst/buffer_pl_clk_0.PL_CLK_0_BUFG/O
    X0Y1 (CLOCK_ROOT)    net (fo=3796, routed)        1.805     2.004    hw_i/audio/aic3104_dma_wrapper_0/inst/aic3104_dma/axi_dma_reader/clk
    SLICE_X5Y75          FDRE                                         r  hw_i/audio/aic3104_dma_wrapper_0/inst/aic3104_dma/axi_dma_reader/bytes_issued_reg[16]/C
  -------------------------------------------------------------------    -------------------
    SLICE_X5Y75          FDRE (Prop_BFF_SLICEM_C_Q)
                                                      0.078     2.082 r  hw_i/audio/aic3104_dma_wrapper_0/inst/aic3104_dma/axi_dma_reader/bytes_issued_reg[16]/Q
                         net (fo=6, routed)           0.398     2.480    hw_i/audio/aic3104_dma_wrapper_0/inst/aic3104_dma/axi_dma_reader/sts_bytes_read[16]
    SLICE_X6Y82          LUT2 (Prop_A6LUT_SLICEL_I0_O)
                                                      0.090     2.570 r  hw_i/audio/aic3104_dma_wrapper_0/inst/aic3104_dma/axi_dma_reader/burst_beats_q[4]_i_28/O
                         net (fo=1, routed)           0.009     2.579    hw_i/audio/aic3104_dma_wrapper_0/inst/aic3104_dma/axi_dma_reader/burst_beats_q[4]_i_28_n_0
    SLICE_X6Y82          CARRY8 (Prop_CARRY8_SLICEL_S[0]_CO[7])
                                                      0.190     2.769 r  hw_i/audio/aic3104_dma_wrapper_0/inst/aic3104_dma/axi_dma_reader/burst_beats_q_reg[4]_i_11/CO[7]
                         net (fo=1, routed)           0.026     2.795    hw_i/audio/aic3104_dma_wrapper_0/inst/aic3104_dma/axi_dma_reader/burst_beats_q_reg[4]_i_11_n_0
    SLICE_X6Y83          CARRY8 (Prop_CARRY8_SLICEL_CI_O[5])
                                                      0.116     2.911 f  hw_i/audio/aic3104_dma_wrapper_0/inst/aic3104_dma/axi_dma_reader/burst_beats_q_reg[4]_i_12/O[5]
                         net (fo=1, routed)           0.367     3.278    hw_i/audio/aic3104_dma_wrapper_0/inst/aic3104_dma/axi_dma_reader/burst_beats_q_reg[4]_i_12_n_10
    SLICE_X7Y80          LUT4 (Prop_E6LUT_SLICEL_I1_O)
                                                      0.035     3.313 f  hw_i/audio/aic3104_dma_wrapper_0/inst/aic3104_dma/axi_dma_reader/burst_beats_q[4]_i_7/O
                         net (fo=1, routed)           0.103     3.416    hw_i/audio/aic3104_dma_wrapper_0/inst/aic3104_dma/axi_dma_reader/burst_beats_q[4]_i_7_n_0
    SLICE_X7Y81          LUT6 (Prop_H6LUT_SLICEL_I3_O)
                                                      0.150     3.566 f  hw_i/audio/aic3104_dma_wrapper_0/inst/aic3104_dma/axi_dma_reader/burst_beats_q[4]_i_2/O
                         net (fo=13, routed)          0.315     3.881    hw_i/audio/aic3104_dma_wrapper_0/inst/aic3104_dma/axi_dma_reader/burst_beats_q[4]_i_2_n_0
    SLICE_X5Y74          LUT2 (Prop_C5LUT_SLICEM_I1_O)
                                                      0.068     3.949 r  hw_i/audio/aic3104_dma_wrapper_0/inst/aic3104_dma/axi_dma_reader/m_axi_arlen[7]_i_26/O
                         net (fo=2, routed)           0.167     4.116    hw_i/audio/aic3104_dma_wrapper_0/inst/aic3104_dma/axi_dma_reader/m_axi_arlen[7]_i_26_n_0
    SLICE_X5Y74          LUT6 (Prop_F6LUT_SLICEM_I5_O)
                                                      0.088     4.204 r  hw_i/audio/aic3104_dma_wrapper_0/inst/aic3104_dma/axi_dma_reader/m_axi_arlen[7]_i_16/O
                         net (fo=1, routed)           0.214     4.418    hw_i/audio/aic3104_dma_wrapper_0/inst/aic3104_dma/axi_dma_reader/m_axi_arlen[7]_i_16_n_0
    SLICE_X6Y74          CARRY8 (Prop_CARRY8_SLICEL_DI[0]_CO[5])
                                                      0.168     4.586 r  hw_i/audio/aic3104_dma_wrapper_0/inst/aic3104_dma/axi_dma_reader/m_axi_arlen_reg[7]_i_3/CO[5]
                         net (fo=15, routed)          0.193     4.779    hw_i/audio/aic3104_dma_wrapper_0/inst/aic3104_dma/axi_dma_reader/m_axi_arlen_reg[7]_i_3_n_2
    SLICE_X7Y73          LUT3 (Prop_D6LUT_SLICEL_I2_O)
                                                      0.099     4.878 r  hw_i/audio/aic3104_dma_wrapper_0/inst/aic3104_dma/axi_dma_reader/burst_beats_q[4]_i_1/O
                         net (fo=5, routed)           0.254     5.132    hw_i/audio/aic3104_dma_wrapper_0/inst/aic3104_dma/axi_dma_reader/burst_beats_q[4]_i_1_n_0
    SLICE_X6Y66          LUT3 (Prop_E5LUT_SLICEL_I1_O)
                                                      0.114     5.246 r  hw_i/audio/aic3104_dma_wrapper_0/inst/aic3104_dma/axi_dma_reader/m_axi_araddr[39]_i_40/O
                         net (fo=2, routed)           0.185     5.431    hw_i/audio/aic3104_dma_wrapper_0/inst/aic3104_dma/axi_dma_reader/m_axi_araddr[39]_i_40_n_0
    SLICE_X6Y66          LUT4 (Prop_F6LUT_SLICEL_I3_O)
                                                      0.089     5.520 r  hw_i/audio/aic3104_dma_wrapper_0/inst/aic3104_dma/axi_dma_reader/m_axi_araddr[39]_i_47/O
                         net (fo=1, routed)           0.011     5.531    hw_i/audio/aic3104_dma_wrapper_0/inst/aic3104_dma/axi_dma_reader/m_axi_araddr[39]_i_47_n_0
    SLICE_X6Y66          CARRY8 (Prop_CARRY8_SLICEL_S[5]_CO[7])
                                                      0.155     5.686 r  hw_i/audio/aic3104_dma_wrapper_0/inst/aic3104_dma/axi_dma_reader/m_axi_araddr_reg[39]_i_13/CO[7]
                         net (fo=1, routed)           0.026     5.712    hw_i/audio/aic3104_dma_wrapper_0/inst/aic3104_dma/axi_dma_reader/m_axi_araddr_reg[39]_i_13_n_0
    SLICE_X6Y67          CARRY8 (Prop_CARRY8_SLICEL_CI_O[7])
                                                      0.116     5.828 f  hw_i/audio/aic3104_dma_wrapper_0/inst/aic3104_dma/axi_dma_reader/m_axi_araddr_reg[39]_i_11/O[7]
                         net (fo=1, routed)           0.246     6.074    hw_i/audio/aic3104_dma_wrapper_0/inst/aic3104_dma/axi_dma_reader/m_axi_araddr_reg[39]_i_11_n_8
    SLICE_X6Y68          LUT6 (Prop_H6LUT_SLICEL_I1_O)
                                                      0.090     6.164 f  hw_i/audio/aic3104_dma_wrapper_0/inst/aic3104_dma/axi_dma_reader/m_axi_araddr[39]_i_9/O
                         net (fo=1, routed)           0.139     6.303    hw_i/audio/aic3104_dma_wrapper_0/inst/aic3104_dma/axi_dma_reader/m_axi_araddr[39]_i_9_n_0
    SLICE_X6Y69          LUT6 (Prop_H6LUT_SLICEL_I1_O)
                                                      0.090     6.393 f  hw_i/audio/aic3104_dma_wrapper_0/inst/aic3104_dma/axi_dma_reader/m_axi_araddr[39]_i_6/O
                         net (fo=1, routed)           0.234     6.627    hw_i/audio/aic3104_dma_wrapper_0/inst/aic3104_dma/axi_dma_reader/m_axi_araddr[39]_i_6_n_0
    SLICE_X5Y73          LUT6 (Prop_F6LUT_SLICEM_I5_O)
                                                      0.051     6.678 r  hw_i/audio/aic3104_dma_wrapper_0/inst/aic3104_dma/axi_dma_reader/m_axi_araddr[39]_i_1/O
                         net (fo=59, routed)          0.521     7.199    hw_i/audio/aic3104_dma_wrapper_0/inst/aic3104_dma/axi_dma_reader/burst_beats_q[0]
    SLICE_X2Y79          FDRE                                         r  hw_i/audio/aic3104_dma_wrapper_0/inst/aic3104_dma/axi_dma_reader/m_axi_araddr_reg[22]/CE
  -------------------------------------------------------------------    -------------------

                         (clock clk_pl_0 rise edge)
                                                     10.312    10.312 r  
    PS8_X0Y0             PS8                          0.000    10.312 r  hw_i/zynq_ultra_ps_e_0/inst/PS8_i/PLCLK[0]
                         net (fo=1, routed)           0.135    10.447    hw_i/zynq_ultra_ps_e_0/inst/pl_clk_unbuffered[0]
    BUFG_PS_X0Y67        BUFG_PS (Prop_BUFG_PS_I_O)
                                                      0.025    10.472 r  hw_i/zynq_ultra_ps_e_0/inst/buffer_pl_clk_0.PL_CLK_0_BUFG/O
    X0Y1 (CLOCK_ROOT)    net (fo=3796, routed)        1.602    12.074    hw_i/audio/aic3104_dma_wrapper_0/inst/aic3104_dma/axi_dma_reader/clk
    SLICE_X2Y79          FDRE                                         r  hw_i/audio/aic3104_dma_wrapper_0/inst/aic3104_dma/axi_dma_reader/m_axi_araddr_reg[22]/C
                         clock pessimism              0.158    12.232    
                         clock uncertainty           -0.159    12.073    
    SLICE_X2Y79          FDRE (Setup_EFF_SLICEL_C_CE)
                                                     -0.060    12.013    hw_i/audio/aic3104_dma_wrapper_0/inst/aic3104_dma/axi_dma_reader/m_axi_araddr_reg[22]
  -------------------------------------------------------------------
                         required time                         12.013    
                         arrival time                          -7.199    
  -------------------------------------------------------------------
                         slack                                  4.814    

Slack (MET) :             4.814ns  (required time - arrival time)
  Source:                 hw_i/audio/aic3104_dma_wrapper_0/inst/aic3104_dma/axi_dma_reader/bytes_issued_reg[16]/C
                            (rising edge-triggered cell FDRE clocked by clk_pl_0  {rise@0.000ns fall@5.156ns period=10.312ns})
  Destination:            hw_i/audio/aic3104_dma_wrapper_0/inst/aic3104_dma/axi_dma_reader/m_axi_araddr_reg[23]/CE
                            (rising edge-triggered cell FDRE clocked by clk_pl_0  {rise@0.000ns fall@5.156ns period=10.312ns})
  Path Group:             clk_pl_0
  Path Type:              Setup (Max at Slow Process Corner)
  Requirement:            10.312ns  (clk_pl_0 rise@10.312ns - clk_pl_0 rise@0.000ns)
  Data Path Delay:        5.195ns  (logic 1.787ns (34.401%)  route 3.408ns (65.599%))
  Logic Levels:           16  (CARRY8=5 LUT2=2 LUT3=2 LUT4=2 LUT6=5)
  Clock Path Skew:        -0.084ns (DCD - SCD + CPR)
    Destination Clock Delay (DCD):    1.762ns = ( 12.074 - 10.312 ) 
    Source Clock Delay      (SCD):    2.004ns
    Clock Pessimism Removal (CPR):    0.158ns
  Clock Uncertainty:      0.159ns  ((TSJ^2 + DJ^2)^1/2) / 2 + PE
    Total System Jitter     (TSJ):    0.071ns
    Discrete Jitter          (DJ):    0.310ns
    Phase Error              (PE):    0.000ns
  Clock Net Delay (Source):      1.805ns (routing 0.753ns, distribution 1.052ns)
  Clock Net Delay (Destination): 1.602ns (routing 0.683ns, distribution 0.919ns)

    Location             Delay type                Incr(ns)  Path(ns)    Netlist Resource(s)
  -------------------------------------------------------------------    -------------------
                         (clock clk_pl_0 rise edge)
                                                      0.000     0.000 r  
    PS8_X0Y0             PS8                          0.000     0.000 r  hw_i/zynq_ultra_ps_e_0/inst/PS8_i/PLCLK[0]
                         net (fo=1, routed)           0.171     0.171    hw_i/zynq_ultra_ps_e_0/inst/pl_clk_unbuffered[0]
    BUFG_PS_X0Y67        BUFG_PS (Prop_BUFG_PS_I_O)
                                                      0.028     0.199 r  hw_i/zynq_ultra_ps_e_0/inst/buffer_pl_clk_0.PL_CLK_0_BUFG/O
    X0Y1 (CLOCK_ROOT)    net (fo=3796, routed)        1.805     2.004    hw_i/audio/aic3104_dma_wrapper_0/inst/aic3104_dma/axi_dma_reader/clk
    SLICE_X5Y75          FDRE                                         r  hw_i/audio/aic3104_dma_wrapper_0/inst/aic3104_dma/axi_dma_reader/bytes_issued_reg[16]/C
  -------------------------------------------------------------------    -------------------
    SLICE_X5Y75          FDRE (Prop_BFF_SLICEM_C_Q)
                                                      0.078     2.082 r  hw_i/audio/aic3104_dma_wrapper_0/inst/aic3104_dma/axi_dma_reader/bytes_issued_reg[16]/Q
                         net (fo=6, routed)           0.398     2.480    hw_i/audio/aic3104_dma_wrapper_0/inst/aic3104_dma/axi_dma_reader/sts_bytes_read[16]
    SLICE_X6Y82          LUT2 (Prop_A6LUT_SLICEL_I0_O)
                                                      0.090     2.570 r  hw_i/audio/aic3104_dma_wrapper_0/inst/aic3104_dma/axi_dma_reader/burst_beats_q[4]_i_28/O
                         net (fo=1, routed)           0.009     2.579    hw_i/audio/aic3104_dma_wrapper_0/inst/aic3104_dma/axi_dma_reader/burst_beats_q[4]_i_28_n_0
    SLICE_X6Y82          CARRY8 (Prop_CARRY8_SLICEL_S[0]_CO[7])
                                                      0.190     2.769 r  hw_i/audio/aic3104_dma_wrapper_0/inst/aic3104_dma/axi_dma_reader/burst_beats_q_reg[4]_i_11/CO[7]
                         net (fo=1, routed)           0.026     2.795    hw_i/audio/aic3104_dma_wrapper_0/inst/aic3104_dma/axi_dma_reader/burst_beats_q_reg[4]_i_11_n_0
    SLICE_X6Y83          CARRY8 (Prop_CARRY8_SLICEL_CI_O[5])
                                                      0.116     2.911 f  hw_i/audio/aic3104_dma_wrapper_0/inst/aic3104_dma/axi_dma_reader/burst_beats_q_reg[4]_i_12/O[5]
                         net (fo=1, routed)           0.367     3.278    hw_i/audio/aic3104_dma_wrapper_0/inst/aic3104_dma/axi_dma_reader/burst_beats_q_reg[4]_i_12_n_10
    SLICE_X7Y80          LUT4 (Prop_E6LUT_SLICEL_I1_O)
                                                      0.035     3.313 f  hw_i/audio/aic3104_dma_wrapper_0/inst/aic3104_dma/axi_dma_reader/burst_beats_q[4]_i_7/O
                         net (fo=1, routed)           0.103     3.416    hw_i/audio/aic3104_dma_wrapper_0/inst/aic3104_dma/axi_dma_reader/burst_beats_q[4]_i_7_n_0
    SLICE_X7Y81          LUT6 (Prop_H6LUT_SLICEL_I3_O)
                                                      0.150     3.566 f  hw_i/audio/aic3104_dma_wrapper_0/inst/aic3104_dma/axi_dma_reader/burst_beats_q[4]_i_2/O
                         net (fo=13, routed)          0.315     3.881    hw_i/audio/aic3104_dma_wrapper_0/inst/aic3104_dma/axi_dma_reader/burst_beats_q[4]_i_2_n_0
    SLICE_X5Y74          LUT2 (Prop_C5LUT_SLICEM_I1_O)
                                                      0.068     3.949 r  hw_i/audio/aic3104_dma_wrapper_0/inst/aic3104_dma/axi_dma_reader/m_axi_arlen[7]_i_26/O
                         net (fo=2, routed)           0.167     4.116    hw_i/audio/aic3104_dma_wrapper_0/inst/aic3104_dma/axi_dma_reader/m_axi_arlen[7]_i_26_n_0
    SLICE_X5Y74          LUT6 (Prop_F6LUT_SLICEM_I5_O)
                                                      0.088     4.204 r  hw_i/audio/aic3104_dma_wrapper_0/inst/aic3104_dma/axi_dma_reader/m_axi_arlen[7]_i_16/O
                         net (fo=1, routed)           0.214     4.418    hw_i/audio/aic3104_dma_wrapper_0/inst/aic3104_dma/axi_dma_reader/m_axi_arlen[7]_i_16_n_0
    SLICE_X6Y74          CARRY8 (Prop_CARRY8_SLICEL_DI[0]_CO[5])
                                                      0.168     4.586 r  hw_i/audio/aic3104_dma_wrapper_0/inst/aic3104_dma/axi_dma_reader/m_axi_arlen_reg[7]_i_3/CO[5]
                         net (fo=15, routed)          0.193     4.779    hw_i/audio/aic3104_dma_wrapper_0/inst/aic3104_dma/axi_dma_reader/m_axi_arlen_reg[7]_i_3_n_2
    SLICE_X7Y73          LUT3 (Prop_D6LUT_SLICEL_I2_O)
                                                      0.099     4.878 r  hw_i/audio/aic3104_dma_wrapper_0/inst/aic3104_dma/axi_dma_reader/burst_beats_q[4]_i_1/O
                         net (fo=5, routed)           0.254     5.132    hw_i/audio/aic3104_dma_wrapper_0/inst/aic3104_dma/axi_dma_reader/burst_beats_q[4]_i_1_n_0
    SLICE_X6Y66          LUT3 (Prop_E5LUT_SLICEL_I1_O)
                                                      0.114     5.246 r  hw_i/audio/aic3104_dma_wrapper_0/inst/aic3104_dma/axi_dma_reader/m_axi_araddr[39]_i_40/O
                         net (fo=2, routed)           0.185     5.431    hw_i/audio/aic3104_dma_wrapper_0/inst/aic3104_dma/axi_dma_reader/m_axi_araddr[39]_i_40_n_0
    SLICE_X6Y66          LUT4 (Prop_F6LUT_SLICEL_I3_O)
                                                      0.089     5.520 r  hw_i/audio/aic3104_dma_wrapper_0/inst/aic3104_dma/axi_dma_reader/m_axi_araddr[39]_i_47/O
                         net (fo=1, routed)           0.011     5.531    hw_i/audio/aic3104_dma_wrapper_0/inst/aic3104_dma/axi_dma_reader/m_axi_araddr[39]_i_47_n_0
    SLICE_X6Y66          CARRY8 (Prop_CARRY8_SLICEL_S[5]_CO[7])
                                                      0.155     5.686 r  hw_i/audio/aic3104_dma_wrapper_0/inst/aic3104_dma/axi_dma_reader/m_axi_araddr_reg[39]_i_13/CO[7]
                         net (fo=1, routed)           0.026     5.712    hw_i/audio/aic3104_dma_wrapper_0/inst/aic3104_dma/axi_dma_reader/m_axi_araddr_reg[39]_i_13_n_0
    SLICE_X6Y67          CARRY8 (Prop_CARRY8_SLICEL_CI_O[7])
                                                      0.116     5.828 f  hw_i/audio/aic3104_dma_wrapper_0/inst/aic3104_dma/axi_dma_reader/m_axi_araddr_reg[39]_i_11/O[7]
                         net (fo=1, routed)           0.246     6.074    hw_i/audio/aic3104_dma_wrapper_0/inst/aic3104_dma/axi_dma_reader/m_axi_araddr_reg[39]_i_11_n_8
    SLICE_X6Y68          LUT6 (Prop_H6LUT_SLICEL_I1_O)
                                                      0.090     6.164 f  hw_i/audio/aic3104_dma_wrapper_0/inst/aic3104_dma/axi_dma_reader/m_axi_araddr[39]_i_9/O
                         net (fo=1, routed)           0.139     6.303    hw_i/audio/aic3104_dma_wrapper_0/inst/aic3104_dma/axi_dma_reader/m_axi_araddr[39]_i_9_n_0
    SLICE_X6Y69          LUT6 (Prop_H6LUT_SLICEL_I1_O)
                                                      0.090     6.393 f  hw_i/audio/aic3104_dma_wrapper_0/inst/aic3104_dma/axi_dma_reader/m_axi_araddr[39]_i_6/O
                         net (fo=1, routed)           0.234     6.627    hw_i/audio/aic3104_dma_wrapper_0/inst/aic3104_dma/axi_dma_reader/m_axi_araddr[39]_i_6_n_0
    SLICE_X5Y73          LUT6 (Prop_F6LUT_SLICEM_I5_O)
                                                      0.051     6.678 r  hw_i/audio/aic3104_dma_wrapper_0/inst/aic3104_dma/axi_dma_reader/m_axi_araddr[39]_i_1/O
                         net (fo=59, routed)          0.521     7.199    hw_i/audio/aic3104_dma_wrapper_0/inst/aic3104_dma/axi_dma_reader/burst_beats_q[0]
    SLICE_X2Y79          FDRE                                         r  hw_i/audio/aic3104_dma_wrapper_0/inst/aic3104_dma/axi_dma_reader/m_axi_araddr_reg[23]/CE
  -------------------------------------------------------------------    -------------------

                         (clock clk_pl_0 rise edge)
                                                     10.312    10.312 r  
    PS8_X0Y0             PS8                          0.000    10.312 r  hw_i/zynq_ultra_ps_e_0/inst/PS8_i/PLCLK[0]
                         net (fo=1, routed)           0.135    10.447    hw_i/zynq_ultra_ps_e_0/inst/pl_clk_unbuffered[0]
    BUFG_PS_X0Y67        BUFG_PS (Prop_BUFG_PS_I_O)
                                                      0.025    10.472 r  hw_i/zynq_ultra_ps_e_0/inst/buffer_pl_clk_0.PL_CLK_0_BUFG/O
    X0Y1 (CLOCK_ROOT)    net (fo=3796, routed)        1.602    12.074    hw_i/audio/aic3104_dma_wrapper_0/inst/aic3104_dma/axi_dma_reader/clk
    SLICE_X2Y79          FDRE                                         r  hw_i/audio/aic3104_dma_wrapper_0/inst/aic3104_dma/axi_dma_reader/m_axi_araddr_reg[23]/C
                         clock pessimism              0.158    12.232    
                         clock uncertainty           -0.159    12.073    
    SLICE_X2Y79          FDRE (Setup_FFF_SLICEL_C_CE)
                                                     -0.060    12.013    hw_i/audio/aic3104_dma_wrapper_0/inst/aic3104_dma/axi_dma_reader/m_axi_araddr_reg[23]
  -------------------------------------------------------------------
                         required time                         12.013    
                         arrival time                          -7.199    
  -------------------------------------------------------------------
                         slack                                  4.814    

Slack (MET) :             4.814ns  (required time - arrival time)
  Source:                 hw_i/audio/aic3104_dma_wrapper_0/inst/aic3104_dma/axi_dma_reader/bytes_issued_reg[16]/C
                            (rising edge-triggered cell FDRE clocked by clk_pl_0  {rise@0.000ns fall@5.156ns period=10.312ns})
  Destination:            hw_i/audio/aic3104_dma_wrapper_0/inst/aic3104_dma/axi_dma_reader/m_axi_araddr_reg[24]/CE
                            (rising edge-triggered cell FDRE clocked by clk_pl_0  {rise@0.000ns fall@5.156ns period=10.312ns})
  Path Group:             clk_pl_0
  Path Type:              Setup (Max at Slow Process Corner)
  Requirement:            10.312ns  (clk_pl_0 rise@10.312ns - clk_pl_0 rise@0.000ns)
  Data Path Delay:        5.195ns  (logic 1.787ns (34.401%)  route 3.408ns (65.599%))
  Logic Levels:           16  (CARRY8=5 LUT2=2 LUT3=2 LUT4=2 LUT6=5)
  Clock Path Skew:        -0.084ns (DCD - SCD + CPR)
    Destination Clock Delay (DCD):    1.762ns = ( 12.074 - 10.312 ) 
    Source Clock Delay      (SCD):    2.004ns
    Clock Pessimism Removal (CPR):    0.158ns
  Clock Uncertainty:      0.159ns  ((TSJ^2 + DJ^2)^1/2) / 2 + PE
    Total System Jitter     (TSJ):    0.071ns
    Discrete Jitter          (DJ):    0.310ns
    Phase Error              (PE):    0.000ns
  Clock Net Delay (Source):      1.805ns (routing 0.753ns, distribution 1.052ns)
  Clock Net Delay (Destination): 1.602ns (routing 0.683ns, distribution 0.919ns)

    Location             Delay type                Incr(ns)  Path(ns)    Netlist Resource(s)
  -------------------------------------------------------------------    -------------------
                         (clock clk_pl_0 rise edge)
                                                      0.000     0.000 r  
    PS8_X0Y0             PS8                          0.000     0.000 r  hw_i/zynq_ultra_ps_e_0/inst/PS8_i/PLCLK[0]
                         net (fo=1, routed)           0.171     0.171    hw_i/zynq_ultra_ps_e_0/inst/pl_clk_unbuffered[0]
    BUFG_PS_X0Y67        BUFG_PS (Prop_BUFG_PS_I_O)
                                                      0.028     0.199 r  hw_i/zynq_ultra_ps_e_0/inst/buffer_pl_clk_0.PL_CLK_0_BUFG/O
    X0Y1 (CLOCK_ROOT)    net (fo=3796, routed)        1.805     2.004    hw_i/audio/aic3104_dma_wrapper_0/inst/aic3104_dma/axi_dma_reader/clk
    SLICE_X5Y75          FDRE                                         r  hw_i/audio/aic3104_dma_wrapper_0/inst/aic3104_dma/axi_dma_reader/bytes_issued_reg[16]/C
  -------------------------------------------------------------------    -------------------
    SLICE_X5Y75          FDRE (Prop_BFF_SLICEM_C_Q)
                                                      0.078     2.082 r  hw_i/audio/aic3104_dma_wrapper_0/inst/aic3104_dma/axi_dma_reader/bytes_issued_reg[16]/Q
                         net (fo=6, routed)           0.398     2.480    hw_i/audio/aic3104_dma_wrapper_0/inst/aic3104_dma/axi_dma_reader/sts_bytes_read[16]
    SLICE_X6Y82          LUT2 (Prop_A6LUT_SLICEL_I0_O)
                                                      0.090     2.570 r  hw_i/audio/aic3104_dma_wrapper_0/inst/aic3104_dma/axi_dma_reader/burst_beats_q[4]_i_28/O
                         net (fo=1, routed)           0.009     2.579    hw_i/audio/aic3104_dma_wrapper_0/inst/aic3104_dma/axi_dma_reader/burst_beats_q[4]_i_28_n_0
    SLICE_X6Y82          CARRY8 (Prop_CARRY8_SLICEL_S[0]_CO[7])
                                                      0.190     2.769 r  hw_i/audio/aic3104_dma_wrapper_0/inst/aic3104_dma/axi_dma_reader/burst_beats_q_reg[4]_i_11/CO[7]
                         net (fo=1, routed)           0.026     2.795    hw_i/audio/aic3104_dma_wrapper_0/inst/aic3104_dma/axi_dma_reader/burst_beats_q_reg[4]_i_11_n_0
    SLICE_X6Y83          CARRY8 (Prop_CARRY8_SLICEL_CI_O[5])
                                                      0.116     2.911 f  hw_i/audio/aic3104_dma_wrapper_0/inst/aic3104_dma/axi_dma_reader/burst_beats_q_reg[4]_i_12/O[5]
                         net (fo=1, routed)           0.367     3.278    hw_i/audio/aic3104_dma_wrapper_0/inst/aic3104_dma/axi_dma_reader/burst_beats_q_reg[4]_i_12_n_10
    SLICE_X7Y80          LUT4 (Prop_E6LUT_SLICEL_I1_O)
                                                      0.035     3.313 f  hw_i/audio/aic3104_dma_wrapper_0/inst/aic3104_dma/axi_dma_reader/burst_beats_q[4]_i_7/O
                         net (fo=1, routed)           0.103     3.416    hw_i/audio/aic3104_dma_wrapper_0/inst/aic3104_dma/axi_dma_reader/burst_beats_q[4]_i_7_n_0
    SLICE_X7Y81          LUT6 (Prop_H6LUT_SLICEL_I3_O)
                                                      0.150     3.566 f  hw_i/audio/aic3104_dma_wrapper_0/inst/aic3104_dma/axi_dma_reader/burst_beats_q[4]_i_2/O
                         net (fo=13, routed)          0.315     3.881    hw_i/audio/aic3104_dma_wrapper_0/inst/aic3104_dma/axi_dma_reader/burst_beats_q[4]_i_2_n_0
    SLICE_X5Y74          LUT2 (Prop_C5LUT_SLICEM_I1_O)
                                                      0.068     3.949 r  hw_i/audio/aic3104_dma_wrapper_0/inst/aic3104_dma/axi_dma_reader/m_axi_arlen[7]_i_26/O
                         net (fo=2, routed)           0.167     4.116    hw_i/audio/aic3104_dma_wrapper_0/inst/aic3104_dma/axi_dma_reader/m_axi_arlen[7]_i_26_n_0
    SLICE_X5Y74          LUT6 (Prop_F6LUT_SLICEM_I5_O)
                                                      0.088     4.204 r  hw_i/audio/aic3104_dma_wrapper_0/inst/aic3104_dma/axi_dma_reader/m_axi_arlen[7]_i_16/O
                         net (fo=1, routed)           0.214     4.418    hw_i/audio/aic3104_dma_wrapper_0/inst/aic3104_dma/axi_dma_reader/m_axi_arlen[7]_i_16_n_0
    SLICE_X6Y74          CARRY8 (Prop_CARRY8_SLICEL_DI[0]_CO[5])
                                                      0.168     4.586 r  hw_i/audio/aic3104_dma_wrapper_0/inst/aic3104_dma/axi_dma_reader/m_axi_arlen_reg[7]_i_3/CO[5]
                         net (fo=15, routed)          0.193     4.779    hw_i/audio/aic3104_dma_wrapper_0/inst/aic3104_dma/axi_dma_reader/m_axi_arlen_reg[7]_i_3_n_2
    SLICE_X7Y73          LUT3 (Prop_D6LUT_SLICEL_I2_O)
                                                      0.099     4.878 r  hw_i/audio/aic3104_dma_wrapper_0/inst/aic3104_dma/axi_dma_reader/burst_beats_q[4]_i_1/O
                         net (fo=5, routed)           0.254     5.132    hw_i/audio/aic3104_dma_wrapper_0/inst/aic3104_dma/axi_dma_reader/burst_beats_q[4]_i_1_n_0
    SLICE_X6Y66          LUT3 (Prop_E5LUT_SLICEL_I1_O)
                                                      0.114     5.246 r  hw_i/audio/aic3104_dma_wrapper_0/inst/aic3104_dma/axi_dma_reader/m_axi_araddr[39]_i_40/O
                         net (fo=2, routed)           0.185     5.431    hw_i/audio/aic3104_dma_wrapper_0/inst/aic3104_dma/axi_dma_reader/m_axi_araddr[39]_i_40_n_0
    SLICE_X6Y66          LUT4 (Prop_F6LUT_SLICEL_I3_O)
                                                      0.089     5.520 r  hw_i/audio/aic3104_dma_wrapper_0/inst/aic3104_dma/axi_dma_reader/m_axi_araddr[39]_i_47/O
                         net (fo=1, routed)           0.011     5.531    hw_i/audio/aic3104_dma_wrapper_0/inst/aic3104_dma/axi_dma_reader/m_axi_araddr[39]_i_47_n_0
    SLICE_X6Y66          CARRY8 (Prop_CARRY8_SLICEL_S[5]_CO[7])
                                                      0.155     5.686 r  hw_i/audio/aic3104_dma_wrapper_0/inst/aic3104_dma/axi_dma_reader/m_axi_araddr_reg[39]_i_13/CO[7]
                         net (fo=1, routed)           0.026     5.712    hw_i/audio/aic3104_dma_wrapper_0/inst/aic3104_dma/axi_dma_reader/m_axi_araddr_reg[39]_i_13_n_0
    SLICE_X6Y67          CARRY8 (Prop_CARRY8_SLICEL_CI_O[7])
                                                      0.116     5.828 f  hw_i/audio/aic3104_dma_wrapper_0/inst/aic3104_dma/axi_dma_reader/m_axi_araddr_reg[39]_i_11/O[7]
                         net (fo=1, routed)           0.246     6.074    hw_i/audio/aic3104_dma_wrapper_0/inst/aic3104_dma/axi_dma_reader/m_axi_araddr_reg[39]_i_11_n_8
    SLICE_X6Y68          LUT6 (Prop_H6LUT_SLICEL_I1_O)
                                                      0.090     6.164 f  hw_i/audio/aic3104_dma_wrapper_0/inst/aic3104_dma/axi_dma_reader/m_axi_araddr[39]_i_9/O
                         net (fo=1, routed)           0.139     6.303    hw_i/audio/aic3104_dma_wrapper_0/inst/aic3104_dma/axi_dma_reader/m_axi_araddr[39]_i_9_n_0
    SLICE_X6Y69          LUT6 (Prop_H6LUT_SLICEL_I1_O)
                                                      0.090     6.393 f  hw_i/audio/aic3104_dma_wrapper_0/inst/aic3104_dma/axi_dma_reader/m_axi_araddr[39]_i_6/O
                         net (fo=1, routed)           0.234     6.627    hw_i/audio/aic3104_dma_wrapper_0/inst/aic3104_dma/axi_dma_reader/m_axi_araddr[39]_i_6_n_0
    SLICE_X5Y73          LUT6 (Prop_F6LUT_SLICEM_I5_O)
                                                      0.051     6.678 r  hw_i/audio/aic3104_dma_wrapper_0/inst/aic3104_dma/axi_dma_reader/m_axi_araddr[39]_i_1/O
                         net (fo=59, routed)          0.521     7.199    hw_i/audio/aic3104_dma_wrapper_0/inst/aic3104_dma/axi_dma_reader/burst_beats_q[0]
    SLICE_X2Y79          FDRE                                         r  hw_i/audio/aic3104_dma_wrapper_0/inst/aic3104_dma/axi_dma_reader/m_axi_araddr_reg[24]/CE
  -------------------------------------------------------------------    -------------------

                         (clock clk_pl_0 rise edge)
                                                     10.312    10.312 r  
    PS8_X0Y0             PS8                          0.000    10.312 r  hw_i/zynq_ultra_ps_e_0/inst/PS8_i/PLCLK[0]
                         net (fo=1, routed)           0.135    10.447    hw_i/zynq_ultra_ps_e_0/inst/pl_clk_unbuffered[0]
    BUFG_PS_X0Y67        BUFG_PS (Prop_BUFG_PS_I_O)
                                                      0.025    10.472 r  hw_i/zynq_ultra_ps_e_0/inst/buffer_pl_clk_0.PL_CLK_0_BUFG/O
    X0Y1 (CLOCK_ROOT)    net (fo=3796, routed)        1.602    12.074    hw_i/audio/aic3104_dma_wrapper_0/inst/aic3104_dma/axi_dma_reader/clk
    SLICE_X2Y79          FDRE                                         r  hw_i/audio/aic3104_dma_wrapper_0/inst/aic3104_dma/axi_dma_reader/m_axi_araddr_reg[24]/C
                         clock pessimism              0.158    12.232    
                         clock uncertainty           -0.159    12.073    
    SLICE_X2Y79          FDRE (Setup_GFF_SLICEL_C_CE)
                                                     -0.060    12.013    hw_i/audio/aic3104_dma_wrapper_0/inst/aic3104_dma/axi_dma_reader/m_axi_araddr_reg[24]
  -------------------------------------------------------------------
                         required time                         12.013    
                         arrival time                          -7.199    
  -------------------------------------------------------------------
                         slack                                  4.814    

Slack (MET) :             4.814ns  (required time - arrival time)
  Source:                 hw_i/audio/aic3104_dma_wrapper_0/inst/aic3104_dma/axi_dma_reader/bytes_issued_reg[16]/C
                            (rising edge-triggered cell FDRE clocked by clk_pl_0  {rise@0.000ns fall@5.156ns period=10.312ns})
  Destination:            hw_i/audio/aic3104_dma_wrapper_0/inst/aic3104_dma/axi_dma_reader/m_axi_araddr_reg[25]/CE
                            (rising edge-triggered cell FDRE clocked by clk_pl_0  {rise@0.000ns fall@5.156ns period=10.312ns})
  Path Group:             clk_pl_0
  Path Type:              Setup (Max at Slow Process Corner)
  Requirement:            10.312ns  (clk_pl_0 rise@10.312ns - clk_pl_0 rise@0.000ns)
  Data Path Delay:        5.195ns  (logic 1.787ns (34.401%)  route 3.408ns (65.599%))
  Logic Levels:           16  (CARRY8=5 LUT2=2 LUT3=2 LUT4=2 LUT6=5)
  Clock Path Skew:        -0.084ns (DCD - SCD + CPR)
    Destination Clock Delay (DCD):    1.762ns = ( 12.074 - 10.312 ) 
    Source Clock Delay      (SCD):    2.004ns
    Clock Pessimism Removal (CPR):    0.158ns
  Clock Uncertainty:      0.159ns  ((TSJ^2 + DJ^2)^1/2) / 2 + PE
    Total System Jitter     (TSJ):    0.071ns
    Discrete Jitter          (DJ):    0.310ns
    Phase Error              (PE):    0.000ns
  Clock Net Delay (Source):      1.805ns (routing 0.753ns, distribution 1.052ns)
  Clock Net Delay (Destination): 1.602ns (routing 0.683ns, distribution 0.919ns)

    Location             Delay type                Incr(ns)  Path(ns)    Netlist Resource(s)
  -------------------------------------------------------------------    -------------------
                         (clock clk_pl_0 rise edge)
                                                      0.000     0.000 r  
    PS8_X0Y0             PS8                          0.000     0.000 r  hw_i/zynq_ultra_ps_e_0/inst/PS8_i/PLCLK[0]
                         net (fo=1, routed)           0.171     0.171    hw_i/zynq_ultra_ps_e_0/inst/pl_clk_unbuffered[0]
    BUFG_PS_X0Y67        BUFG_PS (Prop_BUFG_PS_I_O)
                                                      0.028     0.199 r  hw_i/zynq_ultra_ps_e_0/inst/buffer_pl_clk_0.PL_CLK_0_BUFG/O
    X0Y1 (CLOCK_ROOT)    net (fo=3796, routed)        1.805     2.004    hw_i/audio/aic3104_dma_wrapper_0/inst/aic3104_dma/axi_dma_reader/clk
    SLICE_X5Y75          FDRE                                         r  hw_i/audio/aic3104_dma_wrapper_0/inst/aic3104_dma/axi_dma_reader/bytes_issued_reg[16]/C
  -------------------------------------------------------------------    -------------------
    SLICE_X5Y75          FDRE (Prop_BFF_SLICEM_C_Q)
                                                      0.078     2.082 r  hw_i/audio/aic3104_dma_wrapper_0/inst/aic3104_dma/axi_dma_reader/bytes_issued_reg[16]/Q
                         net (fo=6, routed)           0.398     2.480    hw_i/audio/aic3104_dma_wrapper_0/inst/aic3104_dma/axi_dma_reader/sts_bytes_read[16]
    SLICE_X6Y82          LUT2 (Prop_A6LUT_SLICEL_I0_O)
                                                      0.090     2.570 r  hw_i/audio/aic3104_dma_wrapper_0/inst/aic3104_dma/axi_dma_reader/burst_beats_q[4]_i_28/O
                         net (fo=1, routed)           0.009     2.579    hw_i/audio/aic3104_dma_wrapper_0/inst/aic3104_dma/axi_dma_reader/burst_beats_q[4]_i_28_n_0
    SLICE_X6Y82          CARRY8 (Prop_CARRY8_SLICEL_S[0]_CO[7])
                                                      0.190     2.769 r  hw_i/audio/aic3104_dma_wrapper_0/inst/aic3104_dma/axi_dma_reader/burst_beats_q_reg[4]_i_11/CO[7]
                         net (fo=1, routed)           0.026     2.795    hw_i/audio/aic3104_dma_wrapper_0/inst/aic3104_dma/axi_dma_reader/burst_beats_q_reg[4]_i_11_n_0
    SLICE_X6Y83          CARRY8 (Prop_CARRY8_SLICEL_CI_O[5])
                                                      0.116     2.911 f  hw_i/audio/aic3104_dma_wrapper_0/inst/aic3104_dma/axi_dma_reader/burst_beats_q_reg[4]_i_12/O[5]
                         net (fo=1, routed)           0.367     3.278    hw_i/audio/aic3104_dma_wrapper_0/inst/aic3104_dma/axi_dma_reader/burst_beats_q_reg[4]_i_12_n_10
    SLICE_X7Y80          LUT4 (Prop_E6LUT_SLICEL_I1_O)
                                                      0.035     3.313 f  hw_i/audio/aic3104_dma_wrapper_0/inst/aic3104_dma/axi_dma_reader/burst_beats_q[4]_i_7/O
                         net (fo=1, routed)           0.103     3.416    hw_i/audio/aic3104_dma_wrapper_0/inst/aic3104_dma/axi_dma_reader/burst_beats_q[4]_i_7_n_0
    SLICE_X7Y81          LUT6 (Prop_H6LUT_SLICEL_I3_O)
                                                      0.150     3.566 f  hw_i/audio/aic3104_dma_wrapper_0/inst/aic3104_dma/axi_dma_reader/burst_beats_q[4]_i_2/O
                         net (fo=13, routed)          0.315     3.881    hw_i/audio/aic3104_dma_wrapper_0/inst/aic3104_dma/axi_dma_reader/burst_beats_q[4]_i_2_n_0
    SLICE_X5Y74          LUT2 (Prop_C5LUT_SLICEM_I1_O)
                                                      0.068     3.949 r  hw_i/audio/aic3104_dma_wrapper_0/inst/aic3104_dma/axi_dma_reader/m_axi_arlen[7]_i_26/O
                         net (fo=2, routed)           0.167     4.116    hw_i/audio/aic3104_dma_wrapper_0/inst/aic3104_dma/axi_dma_reader/m_axi_arlen[7]_i_26_n_0
    SLICE_X5Y74          LUT6 (Prop_F6LUT_SLICEM_I5_O)
                                                      0.088     4.204 r  hw_i/audio/aic3104_dma_wrapper_0/inst/aic3104_dma/axi_dma_reader/m_axi_arlen[7]_i_16/O
                         net (fo=1, routed)           0.214     4.418    hw_i/audio/aic3104_dma_wrapper_0/inst/aic3104_dma/axi_dma_reader/m_axi_arlen[7]_i_16_n_0
    SLICE_X6Y74          CARRY8 (Prop_CARRY8_SLICEL_DI[0]_CO[5])
                                                      0.168     4.586 r  hw_i/audio/aic3104_dma_wrapper_0/inst/aic3104_dma/axi_dma_reader/m_axi_arlen_reg[7]_i_3/CO[5]
                         net (fo=15, routed)          0.193     4.779    hw_i/audio/aic3104_dma_wrapper_0/inst/aic3104_dma/axi_dma_reader/m_axi_arlen_reg[7]_i_3_n_2
    SLICE_X7Y73          LUT3 (Prop_D6LUT_SLICEL_I2_O)
                                                      0.099     4.878 r  hw_i/audio/aic3104_dma_wrapper_0/inst/aic3104_dma/axi_dma_reader/burst_beats_q[4]_i_1/O
                         net (fo=5, routed)           0.254     5.132    hw_i/audio/aic3104_dma_wrapper_0/inst/aic3104_dma/axi_dma_reader/burst_beats_q[4]_i_1_n_0
    SLICE_X6Y66          LUT3 (Prop_E5LUT_SLICEL_I1_O)
                                                      0.114     5.246 r  hw_i/audio/aic3104_dma_wrapper_0/inst/aic3104_dma/axi_dma_reader/m_axi_araddr[39]_i_40/O
                         net (fo=2, routed)           0.185     5.431    hw_i/audio/aic3104_dma_wrapper_0/inst/aic3104_dma/axi_dma_reader/m_axi_araddr[39]_i_40_n_0
    SLICE_X6Y66          LUT4 (Prop_F6LUT_SLICEL_I3_O)
                                                      0.089     5.520 r  hw_i/audio/aic3104_dma_wrapper_0/inst/aic3104_dma/axi_dma_reader/m_axi_araddr[39]_i_47/O
                         net (fo=1, routed)           0.011     5.531    hw_i/audio/aic3104_dma_wrapper_0/inst/aic3104_dma/axi_dma_reader/m_axi_araddr[39]_i_47_n_0
    SLICE_X6Y66          CARRY8 (Prop_CARRY8_SLICEL_S[5]_CO[7])
                                                      0.155     5.686 r  hw_i/audio/aic3104_dma_wrapper_0/inst/aic3104_dma/axi_dma_reader/m_axi_araddr_reg[39]_i_13/CO[7]
                         net (fo=1, routed)           0.026     5.712    hw_i/audio/aic3104_dma_wrapper_0/inst/aic3104_dma/axi_dma_reader/m_axi_araddr_reg[39]_i_13_n_0
    SLICE_X6Y67          CARRY8 (Prop_CARRY8_SLICEL_CI_O[7])
                                                      0.116     5.828 f  hw_i/audio/aic3104_dma_wrapper_0/inst/aic3104_dma/axi_dma_reader/m_axi_araddr_reg[39]_i_11/O[7]
                         net (fo=1, routed)           0.246     6.074    hw_i/audio/aic3104_dma_wrapper_0/inst/aic3104_dma/axi_dma_reader/m_axi_araddr_reg[39]_i_11_n_8
    SLICE_X6Y68          LUT6 (Prop_H6LUT_SLICEL_I1_O)
                                                      0.090     6.164 f  hw_i/audio/aic3104_dma_wrapper_0/inst/aic3104_dma/axi_dma_reader/m_axi_araddr[39]_i_9/O
                         net (fo=1, routed)           0.139     6.303    hw_i/audio/aic3104_dma_wrapper_0/inst/aic3104_dma/axi_dma_reader/m_axi_araddr[39]_i_9_n_0
    SLICE_X6Y69          LUT6 (Prop_H6LUT_SLICEL_I1_O)
                                                      0.090     6.393 f  hw_i/audio/aic3104_dma_wrapper_0/inst/aic3104_dma/axi_dma_reader/m_axi_araddr[39]_i_6/O
                         net (fo=1, routed)           0.234     6.627    hw_i/audio/aic3104_dma_wrapper_0/inst/aic3104_dma/axi_dma_reader/m_axi_araddr[39]_i_6_n_0
    SLICE_X5Y73          LUT6 (Prop_F6LUT_SLICEM_I5_O)
                                                      0.051     6.678 r  hw_i/audio/aic3104_dma_wrapper_0/inst/aic3104_dma/axi_dma_reader/m_axi_araddr[39]_i_1/O
                         net (fo=59, routed)          0.521     7.199    hw_i/audio/aic3104_dma_wrapper_0/inst/aic3104_dma/axi_dma_reader/burst_beats_q[0]
    SLICE_X2Y79          FDRE                                         r  hw_i/audio/aic3104_dma_wrapper_0/inst/aic3104_dma/axi_dma_reader/m_axi_araddr_reg[25]/CE
  -------------------------------------------------------------------    -------------------

                         (clock clk_pl_0 rise edge)
                                                     10.312    10.312 r  
    PS8_X0Y0             PS8                          0.000    10.312 r  hw_i/zynq_ultra_ps_e_0/inst/PS8_i/PLCLK[0]
                         net (fo=1, routed)           0.135    10.447    hw_i/zynq_ultra_ps_e_0/inst/pl_clk_unbuffered[0]
    BUFG_PS_X0Y67        BUFG_PS (Prop_BUFG_PS_I_O)
                                                      0.025    10.472 r  hw_i/zynq_ultra_ps_e_0/inst/buffer_pl_clk_0.PL_CLK_0_BUFG/O
    X0Y1 (CLOCK_ROOT)    net (fo=3796, routed)        1.602    12.074    hw_i/audio/aic3104_dma_wrapper_0/inst/aic3104_dma/axi_dma_reader/clk
    SLICE_X2Y79          FDRE                                         r  hw_i/audio/aic3104_dma_wrapper_0/inst/aic3104_dma/axi_dma_reader/m_axi_araddr_reg[25]/C
                         clock pessimism              0.158    12.232    
                         clock uncertainty           -0.159    12.073    
    SLICE_X2Y79          FDRE (Setup_HFF_SLICEL_C_CE)
                                                     -0.060    12.013    hw_i/audio/aic3104_dma_wrapper_0/inst/aic3104_dma/axi_dma_reader/m_axi_araddr_reg[25]
  -------------------------------------------------------------------
                         required time                         12.013    
                         arrival time                          -7.199    
  -------------------------------------------------------------------
                         slack                                  4.814    

Slack (MET) :             4.830ns  (required time - arrival time)
  Source:                 hw_i/audio/aic3104_dma_wrapper_0/inst/aic3104_dma/axi_dma_reader/bytes_issued_reg[16]/C
                            (rising edge-triggered cell FDRE clocked by clk_pl_0  {rise@0.000ns fall@5.156ns period=10.312ns})
  Destination:            hw_i/audio/aic3104_dma_wrapper_0/inst/aic3104_dma/axi_dma_reader/m_axi_araddr_reg[30]/CE
                            (rising edge-triggered cell FDRE clocked by clk_pl_0  {rise@0.000ns fall@5.156ns period=10.312ns})
  Path Group:             clk_pl_0
  Path Type:              Setup (Max at Slow Process Corner)
  Requirement:            10.312ns  (clk_pl_0 rise@10.312ns - clk_pl_0 rise@0.000ns)
  Data Path Delay:        5.178ns  (logic 1.787ns (34.509%)  route 3.391ns (65.491%))
  Logic Levels:           16  (CARRY8=5 LUT2=2 LUT3=2 LUT4=2 LUT6=5)
  Clock Path Skew:        -0.085ns (DCD - SCD + CPR)
    Destination Clock Delay (DCD):    1.761ns = ( 12.073 - 10.312 ) 
    Source Clock Delay      (SCD):    2.004ns
    Clock Pessimism Removal (CPR):    0.158ns
  Clock Uncertainty:      0.159ns  ((TSJ^2 + DJ^2)^1/2) / 2 + PE
    Total System Jitter     (TSJ):    0.071ns
    Discrete Jitter          (DJ):    0.310ns
    Phase Error              (PE):    0.000ns
  Clock Net Delay (Source):      1.805ns (routing 0.753ns, distribution 1.052ns)
  Clock Net Delay (Destination): 1.601ns (routing 0.683ns, distribution 0.918ns)

    Location             Delay type                Incr(ns)  Path(ns)    Netlist Resource(s)
  -------------------------------------------------------------------    -------------------
                         (clock clk_pl_0 rise edge)
                                                      0.000     0.000 r  
    PS8_X0Y0             PS8                          0.000     0.000 r  hw_i/zynq_ultra_ps_e_0/inst/PS8_i/PLCLK[0]
                         net (fo=1, routed)           0.171     0.171    hw_i/zynq_ultra_ps_e_0/inst/pl_clk_unbuffered[0]
    BUFG_PS_X0Y67        BUFG_PS (Prop_BUFG_PS_I_O)
                                                      0.028     0.199 r  hw_i/zynq_ultra_ps_e_0/inst/buffer_pl_clk_0.PL_CLK_0_BUFG/O
    X0Y1 (CLOCK_ROOT)    net (fo=3796, routed)        1.805     2.004    hw_i/audio/aic3104_dma_wrapper_0/inst/aic3104_dma/axi_dma_reader/clk
    SLICE_X5Y75          FDRE                                         r  hw_i/audio/aic3104_dma_wrapper_0/inst/aic3104_dma/axi_dma_reader/bytes_issued_reg[16]/C
  -------------------------------------------------------------------    -------------------
    SLICE_X5Y75          FDRE (Prop_BFF_SLICEM_C_Q)
                                                      0.078     2.082 r  hw_i/audio/aic3104_dma_wrapper_0/inst/aic3104_dma/axi_dma_reader/bytes_issued_reg[16]/Q
                         net (fo=6, routed)           0.398     2.480    hw_i/audio/aic3104_dma_wrapper_0/inst/aic3104_dma/axi_dma_reader/sts_bytes_read[16]
    SLICE_X6Y82          LUT2 (Prop_A6LUT_SLICEL_I0_O)
                                                      0.090     2.570 r  hw_i/audio/aic3104_dma_wrapper_0/inst/aic3104_dma/axi_dma_reader/burst_beats_q[4]_i_28/O
                         net (fo=1, routed)           0.009     2.579    hw_i/audio/aic3104_dma_wrapper_0/inst/aic3104_dma/axi_dma_reader/burst_beats_q[4]_i_28_n_0
    SLICE_X6Y82          CARRY8 (Prop_CARRY8_SLICEL_S[0]_CO[7])
                                                      0.190     2.769 r  hw_i/audio/aic3104_dma_wrapper_0/inst/aic3104_dma/axi_dma_reader/burst_beats_q_reg[4]_i_11/CO[7]
                         net (fo=1, routed)           0.026     2.795    hw_i/audio/aic3104_dma_wrapper_0/inst/aic3104_dma/axi_dma_reader/burst_beats_q_reg[4]_i_11_n_0
    SLICE_X6Y83          CARRY8 (Prop_CARRY8_SLICEL_CI_O[5])
                                                      0.116     2.911 f  hw_i/audio/aic3104_dma_wrapper_0/inst/aic3104_dma/axi_dma_reader/burst_beats_q_reg[4]_i_12/O[5]
                         net (fo=1, routed)           0.367     3.278    hw_i/audio/aic3104_dma_wrapper_0/inst/aic3104_dma/axi_dma_reader/burst_beats_q_reg[4]_i_12_n_10
    SLICE_X7Y80          LUT4 (Prop_E6LUT_SLICEL_I1_O)
                                                      0.035     3.313 f  hw_i/audio/aic3104_dma_wrapper_0/inst/aic3104_dma/axi_dma_reader/burst_beats_q[4]_i_7/O
                         net (fo=1, routed)           0.103     3.416    hw_i/audio/aic3104_dma_wrapper_0/inst/aic3104_dma/axi_dma_reader/burst_beats_q[4]_i_7_n_0
    SLICE_X7Y81          LUT6 (Prop_H6LUT_SLICEL_I3_O)
                                                      0.150     3.566 f  hw_i/audio/aic3104_dma_wrapper_0/inst/aic3104_dma/axi_dma_reader/burst_beats_q[4]_i_2/O
                         net (fo=13, routed)          0.315     3.881    hw_i/audio/aic3104_dma_wrapper_0/inst/aic3104_dma/axi_dma_reader/burst_beats_q[4]_i_2_n_0
    SLICE_X5Y74          LUT2 (Prop_C5LUT_SLICEM_I1_O)
                                                      0.068     3.949 r  hw_i/audio/aic3104_dma_wrapper_0/inst/aic3104_dma/axi_dma_reader/m_axi_arlen[7]_i_26/O
                         net (fo=2, routed)           0.167     4.116    hw_i/audio/aic3104_dma_wrapper_0/inst/aic3104_dma/axi_dma_reader/m_axi_arlen[7]_i_26_n_0
    SLICE_X5Y74          LUT6 (Prop_F6LUT_SLICEM_I5_O)
                                                      0.088     4.204 r  hw_i/audio/aic3104_dma_wrapper_0/inst/aic3104_dma/axi_dma_reader/m_axi_arlen[7]_i_16/O
                         net (fo=1, routed)           0.214     4.418    hw_i/audio/aic3104_dma_wrapper_0/inst/aic3104_dma/axi_dma_reader/m_axi_arlen[7]_i_16_n_0
    SLICE_X6Y74          CARRY8 (Prop_CARRY8_SLICEL_DI[0]_CO[5])
                                                      0.168     4.586 r  hw_i/audio/aic3104_dma_wrapper_0/inst/aic3104_dma/axi_dma_reader/m_axi_arlen_reg[7]_i_3/CO[5]
                         net (fo=15, routed)          0.193     4.779    hw_i/audio/aic3104_dma_wrapper_0/inst/aic3104_dma/axi_dma_reader/m_axi_arlen_reg[7]_i_3_n_2
    SLICE_X7Y73          LUT3 (Prop_D6LUT_SLICEL_I2_O)
                                                      0.099     4.878 r  hw_i/audio/aic3104_dma_wrapper_0/inst/aic3104_dma/axi_dma_reader/burst_beats_q[4]_i_1/O
                         net (fo=5, routed)           0.254     5.132    hw_i/audio/aic3104_dma_wrapper_0/inst/aic3104_dma/axi_dma_reader/burst_beats_q[4]_i_1_n_0
    SLICE_X6Y66          LUT3 (Prop_E5LUT_SLICEL_I1_O)
                                                      0.114     5.246 r  hw_i/audio/aic3104_dma_wrapper_0/inst/aic3104_dma/axi_dma_reader/m_axi_araddr[39]_i_40/O
                         net (fo=2, routed)           0.185     5.431    hw_i/audio/aic3104_dma_wrapper_0/inst/aic3104_dma/axi_dma_reader/m_axi_araddr[39]_i_40_n_0
    SLICE_X6Y66          LUT4 (Prop_F6LUT_SLICEL_I3_O)
                                                      0.089     5.520 r  hw_i/audio/aic3104_dma_wrapper_0/inst/aic3104_dma/axi_dma_reader/m_axi_araddr[39]_i_47/O
                         net (fo=1, routed)           0.011     5.531    hw_i/audio/aic3104_dma_wrapper_0/inst/aic3104_dma/axi_dma_reader/m_axi_araddr[39]_i_47_n_0
    SLICE_X6Y66          CARRY8 (Prop_CARRY8_SLICEL_S[5]_CO[7])
                                                      0.155     5.686 r  hw_i/audio/aic3104_dma_wrapper_0/inst/aic3104_dma/axi_dma_reader/m_axi_araddr_reg[39]_i_13/CO[7]
                         net (fo=1, routed)           0.026     5.712    hw_i/audio/aic3104_dma_wrapper_0/inst/aic3104_dma/axi_dma_reader/m_axi_araddr_reg[39]_i_13_n_0
    SLICE_X6Y67          CARRY8 (Prop_CARRY8_SLICEL_CI_O[7])
                                                      0.116     5.828 f  hw_i/audio/aic3104_dma_wrapper_0/inst/aic3104_dma/axi_dma_reader/m_axi_araddr_reg[39]_i_11/O[7]
                         net (fo=1, routed)           0.246     6.074    hw_i/audio/aic3104_dma_wrapper_0/inst/aic3104_dma/axi_dma_reader/m_axi_araddr_reg[39]_i_11_n_8
    SLICE_X6Y68          LUT6 (Prop_H6LUT_SLICEL_I1_O)
                                                      0.090     6.164 f  hw_i/audio/aic3104_dma_wrapper_0/inst/aic3104_dma/axi_dma_reader/m_axi_araddr[39]_i_9/O
                         net (fo=1, routed)           0.139     6.303    hw_i/audio/aic3104_dma_wrapper_0/inst/aic3104_dma/axi_dma_reader/m_axi_araddr[39]_i_9_n_0
    SLICE_X6Y69          LUT6 (Prop_H6LUT_SLICEL_I1_O)
                                                      0.090     6.393 f  hw_i/audio/aic3104_dma_wrapper_0/inst/aic3104_dma/axi_dma_reader/m_axi_araddr[39]_i_6/O
                         net (fo=1, routed)           0.234     6.627    hw_i/audio/aic3104_dma_wrapper_0/inst/aic3104_dma/axi_dma_reader/m_axi_araddr[39]_i_6_n_0
    SLICE_X5Y73          LUT6 (Prop_F6LUT_SLICEM_I5_O)
                                                      0.051     6.678 r  hw_i/audio/aic3104_dma_wrapper_0/inst/aic3104_dma/axi_dma_reader/m_axi_araddr[39]_i_1/O
                         net (fo=59, routed)          0.505     7.183    hw_i/audio/aic3104_dma_wrapper_0/inst/aic3104_dma/axi_dma_reader/burst_beats_q[0]
    SLICE_X2Y80          FDRE                                         r  hw_i/audio/aic3104_dma_wrapper_0/inst/aic3104_dma/axi_dma_reader/m_axi_araddr_reg[30]/CE
  -------------------------------------------------------------------    -------------------

                         (clock clk_pl_0 rise edge)
                                                     10.312    10.312 r  
    PS8_X0Y0             PS8                          0.000    10.312 r  hw_i/zynq_ultra_ps_e_0/inst/PS8_i/PLCLK[0]
                         net (fo=1, routed)           0.135    10.447    hw_i/zynq_ultra_ps_e_0/inst/pl_clk_unbuffered[0]
    BUFG_PS_X0Y67        BUFG_PS (Prop_BUFG_PS_I_O)
                                                      0.025    10.472 r  hw_i/zynq_ultra_ps_e_0/inst/buffer_pl_clk_0.PL_CLK_0_BUFG/O
    X0Y1 (CLOCK_ROOT)    net (fo=3796, routed)        1.601    12.073    hw_i/audio/aic3104_dma_wrapper_0/inst/aic3104_dma/axi_dma_reader/clk
    SLICE_X2Y80          FDRE                                         r  hw_i/audio/aic3104_dma_wrapper_0/inst/aic3104_dma/axi_dma_reader/m_axi_araddr_reg[30]/C
                         clock pessimism              0.158    12.231    
                         clock uncertainty           -0.159    12.072    
    SLICE_X2Y80          FDRE (Setup_EFF_SLICEL_C_CE)
                                                     -0.060    12.012    hw_i/audio/aic3104_dma_wrapper_0/inst/aic3104_dma/axi_dma_reader/m_axi_araddr_reg[30]
  -------------------------------------------------------------------
                         required time                         12.012    
                         arrival time                          -7.183    
  -------------------------------------------------------------------
                         slack                                  4.830    

Slack (MET) :             4.830ns  (required time - arrival time)
  Source:                 hw_i/audio/aic3104_dma_wrapper_0/inst/aic3104_dma/axi_dma_reader/bytes_issued_reg[16]/C
                            (rising edge-triggered cell FDRE clocked by clk_pl_0  {rise@0.000ns fall@5.156ns period=10.312ns})
  Destination:            hw_i/audio/aic3104_dma_wrapper_0/inst/aic3104_dma/axi_dma_reader/m_axi_araddr_reg[31]/CE
                            (rising edge-triggered cell FDRE clocked by clk_pl_0  {rise@0.000ns fall@5.156ns period=10.312ns})
  Path Group:             clk_pl_0
  Path Type:              Setup (Max at Slow Process Corner)
  Requirement:            10.312ns  (clk_pl_0 rise@10.312ns - clk_pl_0 rise@0.000ns)
  Data Path Delay:        5.178ns  (logic 1.787ns (34.509%)  route 3.391ns (65.491%))
  Logic Levels:           16  (CARRY8=5 LUT2=2 LUT3=2 LUT4=2 LUT6=5)
  Clock Path Skew:        -0.085ns (DCD - SCD + CPR)
    Destination Clock Delay (DCD):    1.761ns = ( 12.073 - 10.312 ) 
    Source Clock Delay      (SCD):    2.004ns
    Clock Pessimism Removal (CPR):    0.158ns
  Clock Uncertainty:      0.159ns  ((TSJ^2 + DJ^2)^1/2) / 2 + PE
    Total System Jitter     (TSJ):    0.071ns
    Discrete Jitter          (DJ):    0.310ns
    Phase Error              (PE):    0.000ns
  Clock Net Delay (Source):      1.805ns (routing 0.753ns, distribution 1.052ns)
  Clock Net Delay (Destination): 1.601ns (routing 0.683ns, distribution 0.918ns)

    Location             Delay type                Incr(ns)  Path(ns)    Netlist Resource(s)
  -------------------------------------------------------------------    -------------------
                         (clock clk_pl_0 rise edge)
                                                      0.000     0.000 r  
    PS8_X0Y0             PS8                          0.000     0.000 r  hw_i/zynq_ultra_ps_e_0/inst/PS8_i/PLCLK[0]
                         net (fo=1, routed)           0.171     0.171    hw_i/zynq_ultra_ps_e_0/inst/pl_clk_unbuffered[0]
    BUFG_PS_X0Y67        BUFG_PS (Prop_BUFG_PS_I_O)
                                                      0.028     0.199 r  hw_i/zynq_ultra_ps_e_0/inst/buffer_pl_clk_0.PL_CLK_0_BUFG/O
    X0Y1 (CLOCK_ROOT)    net (fo=3796, routed)        1.805     2.004    hw_i/audio/aic3104_dma_wrapper_0/inst/aic3104_dma/axi_dma_reader/clk
    SLICE_X5Y75          FDRE                                         r  hw_i/audio/aic3104_dma_wrapper_0/inst/aic3104_dma/axi_dma_reader/bytes_issued_reg[16]/C
  -------------------------------------------------------------------    -------------------
    SLICE_X5Y75          FDRE (Prop_BFF_SLICEM_C_Q)
                                                      0.078     2.082 r  hw_i/audio/aic3104_dma_wrapper_0/inst/aic3104_dma/axi_dma_reader/bytes_issued_reg[16]/Q
                         net (fo=6, routed)           0.398     2.480    hw_i/audio/aic3104_dma_wrapper_0/inst/aic3104_dma/axi_dma_reader/sts_bytes_read[16]
    SLICE_X6Y82          LUT2 (Prop_A6LUT_SLICEL_I0_O)
                                                      0.090     2.570 r  hw_i/audio/aic3104_dma_wrapper_0/inst/aic3104_dma/axi_dma_reader/burst_beats_q[4]_i_28/O
                         net (fo=1, routed)           0.009     2.579    hw_i/audio/aic3104_dma_wrapper_0/inst/aic3104_dma/axi_dma_reader/burst_beats_q[4]_i_28_n_0
    SLICE_X6Y82          CARRY8 (Prop_CARRY8_SLICEL_S[0]_CO[7])
                                                      0.190     2.769 r  hw_i/audio/aic3104_dma_wrapper_0/inst/aic3104_dma/axi_dma_reader/burst_beats_q_reg[4]_i_11/CO[7]
                         net (fo=1, routed)           0.026     2.795    hw_i/audio/aic3104_dma_wrapper_0/inst/aic3104_dma/axi_dma_reader/burst_beats_q_reg[4]_i_11_n_0
    SLICE_X6Y83          CARRY8 (Prop_CARRY8_SLICEL_CI_O[5])
                                                      0.116     2.911 f  hw_i/audio/aic3104_dma_wrapper_0/inst/aic3104_dma/axi_dma_reader/burst_beats_q_reg[4]_i_12/O[5]
                         net (fo=1, routed)           0.367     3.278    hw_i/audio/aic3104_dma_wrapper_0/inst/aic3104_dma/axi_dma_reader/burst_beats_q_reg[4]_i_12_n_10
    SLICE_X7Y80          LUT4 (Prop_E6LUT_SLICEL_I1_O)
                                                      0.035     3.313 f  hw_i/audio/aic3104_dma_wrapper_0/inst/aic3104_dma/axi_dma_reader/burst_beats_q[4]_i_7/O
                         net (fo=1, routed)           0.103     3.416    hw_i/audio/aic3104_dma_wrapper_0/inst/aic3104_dma/axi_dma_reader/burst_beats_q[4]_i_7_n_0
    SLICE_X7Y81          LUT6 (Prop_H6LUT_SLICEL_I3_O)
                                                      0.150     3.566 f  hw_i/audio/aic3104_dma_wrapper_0/inst/aic3104_dma/axi_dma_reader/burst_beats_q[4]_i_2/O
                         net (fo=13, routed)          0.315     3.881    hw_i/audio/aic3104_dma_wrapper_0/inst/aic3104_dma/axi_dma_reader/burst_beats_q[4]_i_2_n_0
    SLICE_X5Y74          LUT2 (Prop_C5LUT_SLICEM_I1_O)
                                                      0.068     3.949 r  hw_i/audio/aic3104_dma_wrapper_0/inst/aic3104_dma/axi_dma_reader/m_axi_arlen[7]_i_26/O
                         net (fo=2, routed)           0.167     4.116    hw_i/audio/aic3104_dma_wrapper_0/inst/aic3104_dma/axi_dma_reader/m_axi_arlen[7]_i_26_n_0
    SLICE_X5Y74          LUT6 (Prop_F6LUT_SLICEM_I5_O)
                                                      0.088     4.204 r  hw_i/audio/aic3104_dma_wrapper_0/inst/aic3104_dma/axi_dma_reader/m_axi_arlen[7]_i_16/O
                         net (fo=1, routed)           0.214     4.418    hw_i/audio/aic3104_dma_wrapper_0/inst/aic3104_dma/axi_dma_reader/m_axi_arlen[7]_i_16_n_0
    SLICE_X6Y74          CARRY8 (Prop_CARRY8_SLICEL_DI[0]_CO[5])
                                                      0.168     4.586 r  hw_i/audio/aic3104_dma_wrapper_0/inst/aic3104_dma/axi_dma_reader/m_axi_arlen_reg[7]_i_3/CO[5]
                         net (fo=15, routed)          0.193     4.779    hw_i/audio/aic3104_dma_wrapper_0/inst/aic3104_dma/axi_dma_reader/m_axi_arlen_reg[7]_i_3_n_2
    SLICE_X7Y73          LUT3 (Prop_D6LUT_SLICEL_I2_O)
                                                      0.099     4.878 r  hw_i/audio/aic3104_dma_wrapper_0/inst/aic3104_dma/axi_dma_reader/burst_beats_q[4]_i_1/O
                         net (fo=5, routed)           0.254     5.132    hw_i/audio/aic3104_dma_wrapper_0/inst/aic3104_dma/axi_dma_reader/burst_beats_q[4]_i_1_n_0
    SLICE_X6Y66          LUT3 (Prop_E5LUT_SLICEL_I1_O)
                                                      0.114     5.246 r  hw_i/audio/aic3104_dma_wrapper_0/inst/aic3104_dma/axi_dma_reader/m_axi_araddr[39]_i_40/O
                         net (fo=2, routed)           0.185     5.431    hw_i/audio/aic3104_dma_wrapper_0/inst/aic3104_dma/axi_dma_reader/m_axi_araddr[39]_i_40_n_0
    SLICE_X6Y66          LUT4 (Prop_F6LUT_SLICEL_I3_O)
                                                      0.089     5.520 r  hw_i/audio/aic3104_dma_wrapper_0/inst/aic3104_dma/axi_dma_reader/m_axi_araddr[39]_i_47/O
                         net (fo=1, routed)           0.011     5.531    hw_i/audio/aic3104_dma_wrapper_0/inst/aic3104_dma/axi_dma_reader/m_axi_araddr[39]_i_47_n_0
    SLICE_X6Y66          CARRY8 (Prop_CARRY8_SLICEL_S[5]_CO[7])
                                                      0.155     5.686 r  hw_i/audio/aic3104_dma_wrapper_0/inst/aic3104_dma/axi_dma_reader/m_axi_araddr_reg[39]_i_13/CO[7]
                         net (fo=1, routed)           0.026     5.712    hw_i/audio/aic3104_dma_wrapper_0/inst/aic3104_dma/axi_dma_reader/m_axi_araddr_reg[39]_i_13_n_0
    SLICE_X6Y67          CARRY8 (Prop_CARRY8_SLICEL_CI_O[7])
                                                      0.116     5.828 f  hw_i/audio/aic3104_dma_wrapper_0/inst/aic3104_dma/axi_dma_reader/m_axi_araddr_reg[39]_i_11/O[7]
                         net (fo=1, routed)           0.246     6.074    hw_i/audio/aic3104_dma_wrapper_0/inst/aic3104_dma/axi_dma_reader/m_axi_araddr_reg[39]_i_11_n_8
    SLICE_X6Y68          LUT6 (Prop_H6LUT_SLICEL_I1_O)
                                                      0.090     6.164 f  hw_i/audio/aic3104_dma_wrapper_0/inst/aic3104_dma/axi_dma_reader/m_axi_araddr[39]_i_9/O
                         net (fo=1, routed)           0.139     6.303    hw_i/audio/aic3104_dma_wrapper_0/inst/aic3104_dma/axi_dma_reader/m_axi_araddr[39]_i_9_n_0
    SLICE_X6Y69          LUT6 (Prop_H6LUT_SLICEL_I1_O)
                                                      0.090     6.393 f  hw_i/audio/aic3104_dma_wrapper_0/inst/aic3104_dma/axi_dma_reader/m_axi_araddr[39]_i_6/O
                         net (fo=1, routed)           0.234     6.627    hw_i/audio/aic3104_dma_wrapper_0/inst/aic3104_dma/axi_dma_reader/m_axi_araddr[39]_i_6_n_0
    SLICE_X5Y73          LUT6 (Prop_F6LUT_SLICEM_I5_O)
                                                      0.051     6.678 r  hw_i/audio/aic3104_dma_wrapper_0/inst/aic3104_dma/axi_dma_reader/m_axi_araddr[39]_i_1/O
                         net (fo=59, routed)          0.505     7.183    hw_i/audio/aic3104_dma_wrapper_0/inst/aic3104_dma/axi_dma_reader/burst_beats_q[0]
    SLICE_X2Y80          FDRE                                         r  hw_i/audio/aic3104_dma_wrapper_0/inst/aic3104_dma/axi_dma_reader/m_axi_araddr_reg[31]/CE
  -------------------------------------------------------------------    -------------------

                         (clock clk_pl_0 rise edge)
                                                     10.312    10.312 r  
    PS8_X0Y0             PS8                          0.000    10.312 r  hw_i/zynq_ultra_ps_e_0/inst/PS8_i/PLCLK[0]
                         net (fo=1, routed)           0.135    10.447    hw_i/zynq_ultra_ps_e_0/inst/pl_clk_unbuffered[0]
    BUFG_PS_X0Y67        BUFG_PS (Prop_BUFG_PS_I_O)
                                                      0.025    10.472 r  hw_i/zynq_ultra_ps_e_0/inst/buffer_pl_clk_0.PL_CLK_0_BUFG/O
    X0Y1 (CLOCK_ROOT)    net (fo=3796, routed)        1.601    12.073    hw_i/audio/aic3104_dma_wrapper_0/inst/aic3104_dma/axi_dma_reader/clk
    SLICE_X2Y80          FDRE                                         r  hw_i/audio/aic3104_dma_wrapper_0/inst/aic3104_dma/axi_dma_reader/m_axi_araddr_reg[31]/C
                         clock pessimism              0.158    12.231    
                         clock uncertainty           -0.159    12.072    
    SLICE_X2Y80          FDRE (Setup_FFF_SLICEL_C_CE)
                                                     -0.060    12.012    hw_i/audio/aic3104_dma_wrapper_0/inst/aic3104_dma/axi_dma_reader/m_axi_araddr_reg[31]
  -------------------------------------------------------------------
                         required time                         12.012    
                         arrival time                          -7.183    
  -------------------------------------------------------------------
                         slack                                  4.830    

Slack (MET) :             4.830ns  (required time - arrival time)
  Source:                 hw_i/audio/aic3104_dma_wrapper_0/inst/aic3104_dma/axi_dma_reader/bytes_issued_reg[16]/C
                            (rising edge-triggered cell FDRE clocked by clk_pl_0  {rise@0.000ns fall@5.156ns period=10.312ns})
  Destination:            hw_i/audio/aic3104_dma_wrapper_0/inst/aic3104_dma/axi_dma_reader/m_axi_araddr_reg[32]/CE
                            (rising edge-triggered cell FDRE clocked by clk_pl_0  {rise@0.000ns fall@5.156ns period=10.312ns})
  Path Group:             clk_pl_0
  Path Type:              Setup (Max at Slow Process Corner)
  Requirement:            10.312ns  (clk_pl_0 rise@10.312ns - clk_pl_0 rise@0.000ns)
  Data Path Delay:        5.178ns  (logic 1.787ns (34.509%)  route 3.391ns (65.491%))
  Logic Levels:           16  (CARRY8=5 LUT2=2 LUT3=2 LUT4=2 LUT6=5)
  Clock Path Skew:        -0.085ns (DCD - SCD + CPR)
    Destination Clock Delay (DCD):    1.761ns = ( 12.073 - 10.312 ) 
    Source Clock Delay      (SCD):    2.004ns
    Clock Pessimism Removal (CPR):    0.158ns
  Clock Uncertainty:      0.159ns  ((TSJ^2 + DJ^2)^1/2) / 2 + PE
    Total System Jitter     (TSJ):    0.071ns
    Discrete Jitter          (DJ):    0.310ns
    Phase Error              (PE):    0.000ns
  Clock Net Delay (Source):      1.805ns (routing 0.753ns, distribution 1.052ns)
  Clock Net Delay (Destination): 1.601ns (routing 0.683ns, distribution 0.918ns)

    Location             Delay type                Incr(ns)  Path(ns)    Netlist Resource(s)
  -------------------------------------------------------------------    -------------------
                         (clock clk_pl_0 rise edge)
                                                      0.000     0.000 r  
    PS8_X0Y0             PS8                          0.000     0.000 r  hw_i/zynq_ultra_ps_e_0/inst/PS8_i/PLCLK[0]
                         net (fo=1, routed)           0.171     0.171    hw_i/zynq_ultra_ps_e_0/inst/pl_clk_unbuffered[0]
    BUFG_PS_X0Y67        BUFG_PS (Prop_BUFG_PS_I_O)
                                                      0.028     0.199 r  hw_i/zynq_ultra_ps_e_0/inst/buffer_pl_clk_0.PL_CLK_0_BUFG/O
    X0Y1 (CLOCK_ROOT)    net (fo=3796, routed)        1.805     2.004    hw_i/audio/aic3104_dma_wrapper_0/inst/aic3104_dma/axi_dma_reader/clk
    SLICE_X5Y75          FDRE                                         r  hw_i/audio/aic3104_dma_wrapper_0/inst/aic3104_dma/axi_dma_reader/bytes_issued_reg[16]/C
  -------------------------------------------------------------------    -------------------
    SLICE_X5Y75          FDRE (Prop_BFF_SLICEM_C_Q)
                                                      0.078     2.082 r  hw_i/audio/aic3104_dma_wrapper_0/inst/aic3104_dma/axi_dma_reader/bytes_issued_reg[16]/Q
                         net (fo=6, routed)           0.398     2.480    hw_i/audio/aic3104_dma_wrapper_0/inst/aic3104_dma/axi_dma_reader/sts_bytes_read[16]
    SLICE_X6Y82          LUT2 (Prop_A6LUT_SLICEL_I0_O)
                                                      0.090     2.570 r  hw_i/audio/aic3104_dma_wrapper_0/inst/aic3104_dma/axi_dma_reader/burst_beats_q[4]_i_28/O
                         net (fo=1, routed)           0.009     2.579    hw_i/audio/aic3104_dma_wrapper_0/inst/aic3104_dma/axi_dma_reader/burst_beats_q[4]_i_28_n_0
    SLICE_X6Y82          CARRY8 (Prop_CARRY8_SLICEL_S[0]_CO[7])
                                                      0.190     2.769 r  hw_i/audio/aic3104_dma_wrapper_0/inst/aic3104_dma/axi_dma_reader/burst_beats_q_reg[4]_i_11/CO[7]
                         net (fo=1, routed)           0.026     2.795    hw_i/audio/aic3104_dma_wrapper_0/inst/aic3104_dma/axi_dma_reader/burst_beats_q_reg[4]_i_11_n_0
    SLICE_X6Y83          CARRY8 (Prop_CARRY8_SLICEL_CI_O[5])
                                                      0.116     2.911 f  hw_i/audio/aic3104_dma_wrapper_0/inst/aic3104_dma/axi_dma_reader/burst_beats_q_reg[4]_i_12/O[5]
                         net (fo=1, routed)           0.367     3.278    hw_i/audio/aic3104_dma_wrapper_0/inst/aic3104_dma/axi_dma_reader/burst_beats_q_reg[4]_i_12_n_10
    SLICE_X7Y80          LUT4 (Prop_E6LUT_SLICEL_I1_O)
                                                      0.035     3.313 f  hw_i/audio/aic3104_dma_wrapper_0/inst/aic3104_dma/axi_dma_reader/burst_beats_q[4]_i_7/O
                         net (fo=1, routed)           0.103     3.416    hw_i/audio/aic3104_dma_wrapper_0/inst/aic3104_dma/axi_dma_reader/burst_beats_q[4]_i_7_n_0
    SLICE_X7Y81          LUT6 (Prop_H6LUT_SLICEL_I3_O)
                                                      0.150     3.566 f  hw_i/audio/aic3104_dma_wrapper_0/inst/aic3104_dma/axi_dma_reader/burst_beats_q[4]_i_2/O
                         net (fo=13, routed)          0.315     3.881    hw_i/audio/aic3104_dma_wrapper_0/inst/aic3104_dma/axi_dma_reader/burst_beats_q[4]_i_2_n_0
    SLICE_X5Y74          LUT2 (Prop_C5LUT_SLICEM_I1_O)
                                                      0.068     3.949 r  hw_i/audio/aic3104_dma_wrapper_0/inst/aic3104_dma/axi_dma_reader/m_axi_arlen[7]_i_26/O
                         net (fo=2, routed)           0.167     4.116    hw_i/audio/aic3104_dma_wrapper_0/inst/aic3104_dma/axi_dma_reader/m_axi_arlen[7]_i_26_n_0
    SLICE_X5Y74          LUT6 (Prop_F6LUT_SLICEM_I5_O)
                                                      0.088     4.204 r  hw_i/audio/aic3104_dma_wrapper_0/inst/aic3104_dma/axi_dma_reader/m_axi_arlen[7]_i_16/O
                         net (fo=1, routed)           0.214     4.418    hw_i/audio/aic3104_dma_wrapper_0/inst/aic3104_dma/axi_dma_reader/m_axi_arlen[7]_i_16_n_0
    SLICE_X6Y74          CARRY8 (Prop_CARRY8_SLICEL_DI[0]_CO[5])
                                                      0.168     4.586 r  hw_i/audio/aic3104_dma_wrapper_0/inst/aic3104_dma/axi_dma_reader/m_axi_arlen_reg[7]_i_3/CO[5]
                         net (fo=15, routed)          0.193     4.779    hw_i/audio/aic3104_dma_wrapper_0/inst/aic3104_dma/axi_dma_reader/m_axi_arlen_reg[7]_i_3_n_2
    SLICE_X7Y73          LUT3 (Prop_D6LUT_SLICEL_I2_O)
                                                      0.099     4.878 r  hw_i/audio/aic3104_dma_wrapper_0/inst/aic3104_dma/axi_dma_reader/burst_beats_q[4]_i_1/O
                         net (fo=5, routed)           0.254     5.132    hw_i/audio/aic3104_dma_wrapper_0/inst/aic3104_dma/axi_dma_reader/burst_beats_q[4]_i_1_n_0
    SLICE_X6Y66          LUT3 (Prop_E5LUT_SLICEL_I1_O)
                                                      0.114     5.246 r  hw_i/audio/aic3104_dma_wrapper_0/inst/aic3104_dma/axi_dma_reader/m_axi_araddr[39]_i_40/O
                         net (fo=2, routed)           0.185     5.431    hw_i/audio/aic3104_dma_wrapper_0/inst/aic3104_dma/axi_dma_reader/m_axi_araddr[39]_i_40_n_0
    SLICE_X6Y66          LUT4 (Prop_F6LUT_SLICEL_I3_O)
                                                      0.089     5.520 r  hw_i/audio/aic3104_dma_wrapper_0/inst/aic3104_dma/axi_dma_reader/m_axi_araddr[39]_i_47/O
                         net (fo=1, routed)           0.011     5.531    hw_i/audio/aic3104_dma_wrapper_0/inst/aic3104_dma/axi_dma_reader/m_axi_araddr[39]_i_47_n_0
    SLICE_X6Y66          CARRY8 (Prop_CARRY8_SLICEL_S[5]_CO[7])
                                                      0.155     5.686 r  hw_i/audio/aic3104_dma_wrapper_0/inst/aic3104_dma/axi_dma_reader/m_axi_araddr_reg[39]_i_13/CO[7]
                         net (fo=1, routed)           0.026     5.712    hw_i/audio/aic3104_dma_wrapper_0/inst/aic3104_dma/axi_dma_reader/m_axi_araddr_reg[39]_i_13_n_0
    SLICE_X6Y67          CARRY8 (Prop_CARRY8_SLICEL_CI_O[7])
                                                      0.116     5.828 f  hw_i/audio/aic3104_dma_wrapper_0/inst/aic3104_dma/axi_dma_reader/m_axi_araddr_reg[39]_i_11/O[7]
                         net (fo=1, routed)           0.246     6.074    hw_i/audio/aic3104_dma_wrapper_0/inst/aic3104_dma/axi_dma_reader/m_axi_araddr_reg[39]_i_11_n_8
    SLICE_X6Y68          LUT6 (Prop_H6LUT_SLICEL_I1_O)
                                                      0.090     6.164 f  hw_i/audio/aic3104_dma_wrapper_0/inst/aic3104_dma/axi_dma_reader/m_axi_araddr[39]_i_9/O
                         net (fo=1, routed)           0.139     6.303    hw_i/audio/aic3104_dma_wrapper_0/inst/aic3104_dma/axi_dma_reader/m_axi_araddr[39]_i_9_n_0
    SLICE_X6Y69          LUT6 (Prop_H6LUT_SLICEL_I1_O)
                                                      0.090     6.393 f  hw_i/audio/aic3104_dma_wrapper_0/inst/aic3104_dma/axi_dma_reader/m_axi_araddr[39]_i_6/O
                         net (fo=1, routed)           0.234     6.627    hw_i/audio/aic3104_dma_wrapper_0/inst/aic3104_dma/axi_dma_reader/m_axi_araddr[39]_i_6_n_0
    SLICE_X5Y73          LUT6 (Prop_F6LUT_SLICEM_I5_O)
                                                      0.051     6.678 r  hw_i/audio/aic3104_dma_wrapper_0/inst/aic3104_dma/axi_dma_reader/m_axi_araddr[39]_i_1/O
                         net (fo=59, routed)          0.505     7.183    hw_i/audio/aic3104_dma_wrapper_0/inst/aic3104_dma/axi_dma_reader/burst_beats_q[0]
    SLICE_X2Y80          FDRE                                         r  hw_i/audio/aic3104_dma_wrapper_0/inst/aic3104_dma/axi_dma_reader/m_axi_araddr_reg[32]/CE
  -------------------------------------------------------------------    -------------------

                         (clock clk_pl_0 rise edge)
                                                     10.312    10.312 r  
    PS8_X0Y0             PS8                          0.000    10.312 r  hw_i/zynq_ultra_ps_e_0/inst/PS8_i/PLCLK[0]
                         net (fo=1, routed)           0.135    10.447    hw_i/zynq_ultra_ps_e_0/inst/pl_clk_unbuffered[0]
    BUFG_PS_X0Y67        BUFG_PS (Prop_BUFG_PS_I_O)
                                                      0.025    10.472 r  hw_i/zynq_ultra_ps_e_0/inst/buffer_pl_clk_0.PL_CLK_0_BUFG/O
    X0Y1 (CLOCK_ROOT)    net (fo=3796, routed)        1.601    12.073    hw_i/audio/aic3104_dma_wrapper_0/inst/aic3104_dma/axi_dma_reader/clk
    SLICE_X2Y80          FDRE                                         r  hw_i/audio/aic3104_dma_wrapper_0/inst/aic3104_dma/axi_dma_reader/m_axi_araddr_reg[32]/C
                         clock pessimism              0.158    12.231    
                         clock uncertainty           -0.159    12.072    
    SLICE_X2Y80          FDRE (Setup_GFF_SLICEL_C_CE)
                                                     -0.060    12.012    hw_i/audio/aic3104_dma_wrapper_0/inst/aic3104_dma/axi_dma_reader/m_axi_araddr_reg[32]
  -------------------------------------------------------------------
                         required time                         12.012    
                         arrival time                          -7.183    
  -------------------------------------------------------------------
                         slack                                  4.830    

Slack (MET) :             4.830ns  (required time - arrival time)
  Source:                 hw_i/audio/aic3104_dma_wrapper_0/inst/aic3104_dma/axi_dma_reader/bytes_issued_reg[16]/C
                            (rising edge-triggered cell FDRE clocked by clk_pl_0  {rise@0.000ns fall@5.156ns period=10.312ns})
  Destination:            hw_i/audio/aic3104_dma_wrapper_0/inst/aic3104_dma/axi_dma_reader/m_axi_araddr_reg[33]/CE
                            (rising edge-triggered cell FDRE clocked by clk_pl_0  {rise@0.000ns fall@5.156ns period=10.312ns})
  Path Group:             clk_pl_0
  Path Type:              Setup (Max at Slow Process Corner)
  Requirement:            10.312ns  (clk_pl_0 rise@10.312ns - clk_pl_0 rise@0.000ns)
  Data Path Delay:        5.178ns  (logic 1.787ns (34.509%)  route 3.391ns (65.491%))
  Logic Levels:           16  (CARRY8=5 LUT2=2 LUT3=2 LUT4=2 LUT6=5)
  Clock Path Skew:        -0.085ns (DCD - SCD + CPR)
    Destination Clock Delay (DCD):    1.761ns = ( 12.073 - 10.312 ) 
    Source Clock Delay      (SCD):    2.004ns
    Clock Pessimism Removal (CPR):    0.158ns
  Clock Uncertainty:      0.159ns  ((TSJ^2 + DJ^2)^1/2) / 2 + PE
    Total System Jitter     (TSJ):    0.071ns
    Discrete Jitter          (DJ):    0.310ns
    Phase Error              (PE):    0.000ns
  Clock Net Delay (Source):      1.805ns (routing 0.753ns, distribution 1.052ns)
  Clock Net Delay (Destination): 1.601ns (routing 0.683ns, distribution 0.918ns)

    Location             Delay type                Incr(ns)  Path(ns)    Netlist Resource(s)
  -------------------------------------------------------------------    -------------------
                         (clock clk_pl_0 rise edge)
                                                      0.000     0.000 r  
    PS8_X0Y0             PS8                          0.000     0.000 r  hw_i/zynq_ultra_ps_e_0/inst/PS8_i/PLCLK[0]
                         net (fo=1, routed)           0.171     0.171    hw_i/zynq_ultra_ps_e_0/inst/pl_clk_unbuffered[0]
    BUFG_PS_X0Y67        BUFG_PS (Prop_BUFG_PS_I_O)
                                                      0.028     0.199 r  hw_i/zynq_ultra_ps_e_0/inst/buffer_pl_clk_0.PL_CLK_0_BUFG/O
    X0Y1 (CLOCK_ROOT)    net (fo=3796, routed)        1.805     2.004    hw_i/audio/aic3104_dma_wrapper_0/inst/aic3104_dma/axi_dma_reader/clk
    SLICE_X5Y75          FDRE                                         r  hw_i/audio/aic3104_dma_wrapper_0/inst/aic3104_dma/axi_dma_reader/bytes_issued_reg[16]/C
  -------------------------------------------------------------------    -------------------
    SLICE_X5Y75          FDRE (Prop_BFF_SLICEM_C_Q)
                                                      0.078     2.082 r  hw_i/audio/aic3104_dma_wrapper_0/inst/aic3104_dma/axi_dma_reader/bytes_issued_reg[16]/Q
                         net (fo=6, routed)           0.398     2.480    hw_i/audio/aic3104_dma_wrapper_0/inst/aic3104_dma/axi_dma_reader/sts_bytes_read[16]
    SLICE_X6Y82          LUT2 (Prop_A6LUT_SLICEL_I0_O)
                                                      0.090     2.570 r  hw_i/audio/aic3104_dma_wrapper_0/inst/aic3104_dma/axi_dma_reader/burst_beats_q[4]_i_28/O
                         net (fo=1, routed)           0.009     2.579    hw_i/audio/aic3104_dma_wrapper_0/inst/aic3104_dma/axi_dma_reader/burst_beats_q[4]_i_28_n_0
    SLICE_X6Y82          CARRY8 (Prop_CARRY8_SLICEL_S[0]_CO[7])
                                                      0.190     2.769 r  hw_i/audio/aic3104_dma_wrapper_0/inst/aic3104_dma/axi_dma_reader/burst_beats_q_reg[4]_i_11/CO[7]
                         net (fo=1, routed)           0.026     2.795    hw_i/audio/aic3104_dma_wrapper_0/inst/aic3104_dma/axi_dma_reader/burst_beats_q_reg[4]_i_11_n_0
    SLICE_X6Y83          CARRY8 (Prop_CARRY8_SLICEL_CI_O[5])
                                                      0.116     2.911 f  hw_i/audio/aic3104_dma_wrapper_0/inst/aic3104_dma/axi_dma_reader/burst_beats_q_reg[4]_i_12/O[5]
                         net (fo=1, routed)           0.367     3.278    hw_i/audio/aic3104_dma_wrapper_0/inst/aic3104_dma/axi_dma_reader/burst_beats_q_reg[4]_i_12_n_10
    SLICE_X7Y80          LUT4 (Prop_E6LUT_SLICEL_I1_O)
                                                      0.035     3.313 f  hw_i/audio/aic3104_dma_wrapper_0/inst/aic3104_dma/axi_dma_reader/burst_beats_q[4]_i_7/O
                         net (fo=1, routed)           0.103     3.416    hw_i/audio/aic3104_dma_wrapper_0/inst/aic3104_dma/axi_dma_reader/burst_beats_q[4]_i_7_n_0
    SLICE_X7Y81          LUT6 (Prop_H6LUT_SLICEL_I3_O)
                                                      0.150     3.566 f  hw_i/audio/aic3104_dma_wrapper_0/inst/aic3104_dma/axi_dma_reader/burst_beats_q[4]_i_2/O
                         net (fo=13, routed)          0.315     3.881    hw_i/audio/aic3104_dma_wrapper_0/inst/aic3104_dma/axi_dma_reader/burst_beats_q[4]_i_2_n_0
    SLICE_X5Y74          LUT2 (Prop_C5LUT_SLICEM_I1_O)
                                                      0.068     3.949 r  hw_i/audio/aic3104_dma_wrapper_0/inst/aic3104_dma/axi_dma_reader/m_axi_arlen[7]_i_26/O
                         net (fo=2, routed)           0.167     4.116    hw_i/audio/aic3104_dma_wrapper_0/inst/aic3104_dma/axi_dma_reader/m_axi_arlen[7]_i_26_n_0
    SLICE_X5Y74          LUT6 (Prop_F6LUT_SLICEM_I5_O)
                                                      0.088     4.204 r  hw_i/audio/aic3104_dma_wrapper_0/inst/aic3104_dma/axi_dma_reader/m_axi_arlen[7]_i_16/O
                         net (fo=1, routed)           0.214     4.418    hw_i/audio/aic3104_dma_wrapper_0/inst/aic3104_dma/axi_dma_reader/m_axi_arlen[7]_i_16_n_0
    SLICE_X6Y74          CARRY8 (Prop_CARRY8_SLICEL_DI[0]_CO[5])
                                                      0.168     4.586 r  hw_i/audio/aic3104_dma_wrapper_0/inst/aic3104_dma/axi_dma_reader/m_axi_arlen_reg[7]_i_3/CO[5]
                         net (fo=15, routed)          0.193     4.779    hw_i/audio/aic3104_dma_wrapper_0/inst/aic3104_dma/axi_dma_reader/m_axi_arlen_reg[7]_i_3_n_2
    SLICE_X7Y73          LUT3 (Prop_D6LUT_SLICEL_I2_O)
                                                      0.099     4.878 r  hw_i/audio/aic3104_dma_wrapper_0/inst/aic3104_dma/axi_dma_reader/burst_beats_q[4]_i_1/O
                         net (fo=5, routed)           0.254     5.132    hw_i/audio/aic3104_dma_wrapper_0/inst/aic3104_dma/axi_dma_reader/burst_beats_q[4]_i_1_n_0
    SLICE_X6Y66          LUT3 (Prop_E5LUT_SLICEL_I1_O)
                                                      0.114     5.246 r  hw_i/audio/aic3104_dma_wrapper_0/inst/aic3104_dma/axi_dma_reader/m_axi_araddr[39]_i_40/O
                         net (fo=2, routed)           0.185     5.431    hw_i/audio/aic3104_dma_wrapper_0/inst/aic3104_dma/axi_dma_reader/m_axi_araddr[39]_i_40_n_0
    SLICE_X6Y66          LUT4 (Prop_F6LUT_SLICEL_I3_O)
                                                      0.089     5.520 r  hw_i/audio/aic3104_dma_wrapper_0/inst/aic3104_dma/axi_dma_reader/m_axi_araddr[39]_i_47/O
                         net (fo=1, routed)           0.011     5.531    hw_i/audio/aic3104_dma_wrapper_0/inst/aic3104_dma/axi_dma_reader/m_axi_araddr[39]_i_47_n_0
    SLICE_X6Y66          CARRY8 (Prop_CARRY8_SLICEL_S[5]_CO[7])
                                                      0.155     5.686 r  hw_i/audio/aic3104_dma_wrapper_0/inst/aic3104_dma/axi_dma_reader/m_axi_araddr_reg[39]_i_13/CO[7]
                         net (fo=1, routed)           0.026     5.712    hw_i/audio/aic3104_dma_wrapper_0/inst/aic3104_dma/axi_dma_reader/m_axi_araddr_reg[39]_i_13_n_0
    SLICE_X6Y67          CARRY8 (Prop_CARRY8_SLICEL_CI_O[7])
                                                      0.116     5.828 f  hw_i/audio/aic3104_dma_wrapper_0/inst/aic3104_dma/axi_dma_reader/m_axi_araddr_reg[39]_i_11/O[7]
                         net (fo=1, routed)           0.246     6.074    hw_i/audio/aic3104_dma_wrapper_0/inst/aic3104_dma/axi_dma_reader/m_axi_araddr_reg[39]_i_11_n_8
    SLICE_X6Y68          LUT6 (Prop_H6LUT_SLICEL_I1_O)
                                                      0.090     6.164 f  hw_i/audio/aic3104_dma_wrapper_0/inst/aic3104_dma/axi_dma_reader/m_axi_araddr[39]_i_9/O
                         net (fo=1, routed)           0.139     6.303    hw_i/audio/aic3104_dma_wrapper_0/inst/aic3104_dma/axi_dma_reader/m_axi_araddr[39]_i_9_n_0
    SLICE_X6Y69          LUT6 (Prop_H6LUT_SLICEL_I1_O)
                                                      0.090     6.393 f  hw_i/audio/aic3104_dma_wrapper_0/inst/aic3104_dma/axi_dma_reader/m_axi_araddr[39]_i_6/O
                         net (fo=1, routed)           0.234     6.627    hw_i/audio/aic3104_dma_wrapper_0/inst/aic3104_dma/axi_dma_reader/m_axi_araddr[39]_i_6_n_0
    SLICE_X5Y73          LUT6 (Prop_F6LUT_SLICEM_I5_O)
                                                      0.051     6.678 r  hw_i/audio/aic3104_dma_wrapper_0/inst/aic3104_dma/axi_dma_reader/m_axi_araddr[39]_i_1/O
                         net (fo=59, routed)          0.505     7.183    hw_i/audio/aic3104_dma_wrapper_0/inst/aic3104_dma/axi_dma_reader/burst_beats_q[0]
    SLICE_X2Y80          FDRE                                         r  hw_i/audio/aic3104_dma_wrapper_0/inst/aic3104_dma/axi_dma_reader/m_axi_araddr_reg[33]/CE
  -------------------------------------------------------------------    -------------------

                         (clock clk_pl_0 rise edge)
                                                     10.312    10.312 r  
    PS8_X0Y0             PS8                          0.000    10.312 r  hw_i/zynq_ultra_ps_e_0/inst/PS8_i/PLCLK[0]
                         net (fo=1, routed)           0.135    10.447    hw_i/zynq_ultra_ps_e_0/inst/pl_clk_unbuffered[0]
    BUFG_PS_X0Y67        BUFG_PS (Prop_BUFG_PS_I_O)
                                                      0.025    10.472 r  hw_i/zynq_ultra_ps_e_0/inst/buffer_pl_clk_0.PL_CLK_0_BUFG/O
    X0Y1 (CLOCK_ROOT)    net (fo=3796, routed)        1.601    12.073    hw_i/audio/aic3104_dma_wrapper_0/inst/aic3104_dma/axi_dma_reader/clk
    SLICE_X2Y80          FDRE                                         r  hw_i/audio/aic3104_dma_wrapper_0/inst/aic3104_dma/axi_dma_reader/m_axi_araddr_reg[33]/C
                         clock pessimism              0.158    12.231    
                         clock uncertainty           -0.159    12.072    
    SLICE_X2Y80          FDRE (Setup_HFF_SLICEL_C_CE)
                                                     -0.060    12.012    hw_i/audio/aic3104_dma_wrapper_0/inst/aic3104_dma/axi_dma_reader/m_axi_araddr_reg[33]
  -------------------------------------------------------------------
                         required time                         12.012    
                         arrival time                          -7.183    
  -------------------------------------------------------------------
                         slack                                  4.830    

Slack (MET) :             4.835ns  (required time - arrival time)
  Source:                 hw_i/audio/aic3104_dma_wrapper_0/inst/aic3104_dma/axi_dma_reader/bytes_issued_reg[16]/C
                            (rising edge-triggered cell FDRE clocked by clk_pl_0  {rise@0.000ns fall@5.156ns period=10.312ns})
  Destination:            hw_i/audio/aic3104_dma_wrapper_0/inst/aic3104_dma/axi_dma_reader/m_axi_araddr_reg[38]/CE
                            (rising edge-triggered cell FDRE clocked by clk_pl_0  {rise@0.000ns fall@5.156ns period=10.312ns})
  Path Group:             clk_pl_0
  Path Type:              Setup (Max at Slow Process Corner)
  Requirement:            10.312ns  (clk_pl_0 rise@10.312ns - clk_pl_0 rise@0.000ns)
  Data Path Delay:        5.172ns  (logic 1.787ns (34.549%)  route 3.385ns (65.451%))
  Logic Levels:           16  (CARRY8=5 LUT2=2 LUT3=2 LUT4=2 LUT6=5)
  Clock Path Skew:        -0.086ns (DCD - SCD + CPR)
    Destination Clock Delay (DCD):    1.760ns = ( 12.072 - 10.312 ) 
    Source Clock Delay      (SCD):    2.004ns
    Clock Pessimism Removal (CPR):    0.158ns
  Clock Uncertainty:      0.159ns  ((TSJ^2 + DJ^2)^1/2) / 2 + PE
    Total System Jitter     (TSJ):    0.071ns
    Discrete Jitter          (DJ):    0.310ns
    Phase Error              (PE):    0.000ns
  Clock Net Delay (Source):      1.805ns (routing 0.753ns, distribution 1.052ns)
  Clock Net Delay (Destination): 1.600ns (routing 0.683ns, distribution 0.917ns)

    Location             Delay type                Incr(ns)  Path(ns)    Netlist Resource(s)
  -------------------------------------------------------------------    -------------------
                         (clock clk_pl_0 rise edge)
                                                      0.000     0.000 r  
    PS8_X0Y0             PS8                          0.000     0.000 r  hw_i/zynq_ultra_ps_e_0/inst/PS8_i/PLCLK[0]
                         net (fo=1, routed)           0.171     0.171    hw_i/zynq_ultra_ps_e_0/inst/pl_clk_unbuffered[0]
    BUFG_PS_X0Y67        BUFG_PS (Prop_BUFG_PS_I_O)
                                                      0.028     0.199 r  hw_i/zynq_ultra_ps_e_0/inst/buffer_pl_clk_0.PL_CLK_0_BUFG/O
    X0Y1 (CLOCK_ROOT)    net (fo=3796, routed)        1.805     2.004    hw_i/audio/aic3104_dma_wrapper_0/inst/aic3104_dma/axi_dma_reader/clk
    SLICE_X5Y75          FDRE                                         r  hw_i/audio/aic3104_dma_wrapper_0/inst/aic3104_dma/axi_dma_reader/bytes_issued_reg[16]/C
  -------------------------------------------------------------------    -------------------
    SLICE_X5Y75          FDRE (Prop_BFF_SLICEM_C_Q)
                                                      0.078     2.082 r  hw_i/audio/aic3104_dma_wrapper_0/inst/aic3104_dma/axi_dma_reader/bytes_issued_reg[16]/Q
                         net (fo=6, routed)           0.398     2.480    hw_i/audio/aic3104_dma_wrapper_0/inst/aic3104_dma/axi_dma_reader/sts_bytes_read[16]
    SLICE_X6Y82          LUT2 (Prop_A6LUT_SLICEL_I0_O)
                                                      0.090     2.570 r  hw_i/audio/aic3104_dma_wrapper_0/inst/aic3104_dma/axi_dma_reader/burst_beats_q[4]_i_28/O
                         net (fo=1, routed)           0.009     2.579    hw_i/audio/aic3104_dma_wrapper_0/inst/aic3104_dma/axi_dma_reader/burst_beats_q[4]_i_28_n_0
    SLICE_X6Y82          CARRY8 (Prop_CARRY8_SLICEL_S[0]_CO[7])
                                                      0.190     2.769 r  hw_i/audio/aic3104_dma_wrapper_0/inst/aic3104_dma/axi_dma_reader/burst_beats_q_reg[4]_i_11/CO[7]
                         net (fo=1, routed)           0.026     2.795    hw_i/audio/aic3104_dma_wrapper_0/inst/aic3104_dma/axi_dma_reader/burst_beats_q_reg[4]_i_11_n_0
    SLICE_X6Y83          CARRY8 (Prop_CARRY8_SLICEL_CI_O[5])
                                                      0.116     2.911 f  hw_i/audio/aic3104_dma_wrapper_0/inst/aic3104_dma/axi_dma_reader/burst_beats_q_reg[4]_i_12/O[5]
                         net (fo=1, routed)           0.367     3.278    hw_i/audio/aic3104_dma_wrapper_0/inst/aic3104_dma/axi_dma_reader/burst_beats_q_reg[4]_i_12_n_10
    SLICE_X7Y80          LUT4 (Prop_E6LUT_SLICEL_I1_O)
                                                      0.035     3.313 f  hw_i/audio/aic3104_dma_wrapper_0/inst/aic3104_dma/axi_dma_reader/burst_beats_q[4]_i_7/O
                         net (fo=1, routed)           0.103     3.416    hw_i/audio/aic3104_dma_wrapper_0/inst/aic3104_dma/axi_dma_reader/burst_beats_q[4]_i_7_n_0
    SLICE_X7Y81          LUT6 (Prop_H6LUT_SLICEL_I3_O)
                                                      0.150     3.566 f  hw_i/audio/aic3104_dma_wrapper_0/inst/aic3104_dma/axi_dma_reader/burst_beats_q[4]_i_2/O
                         net (fo=13, routed)          0.315     3.881    hw_i/audio/aic3104_dma_wrapper_0/inst/aic3104_dma/axi_dma_reader/burst_beats_q[4]_i_2_n_0
    SLICE_X5Y74          LUT2 (Prop_C5LUT_SLICEM_I1_O)
                                                      0.068     3.949 r  hw_i/audio/aic3104_dma_wrapper_0/inst/aic3104_dma/axi_dma_reader/m_axi_arlen[7]_i_26/O
                         net (fo=2, routed)           0.167     4.116    hw_i/audio/aic3104_dma_wrapper_0/inst/aic3104_dma/axi_dma_reader/m_axi_arlen[7]_i_26_n_0
    SLICE_X5Y74          LUT6 (Prop_F6LUT_SLICEM_I5_O)
                                                      0.088     4.204 r  hw_i/audio/aic3104_dma_wrapper_0/inst/aic3104_dma/axi_dma_reader/m_axi_arlen[7]_i_16/O
                         net (fo=1, routed)           0.214     4.418    hw_i/audio/aic3104_dma_wrapper_0/inst/aic3104_dma/axi_dma_reader/m_axi_arlen[7]_i_16_n_0
    SLICE_X6Y74          CARRY8 (Prop_CARRY8_SLICEL_DI[0]_CO[5])
                                                      0.168     4.586 r  hw_i/audio/aic3104_dma_wrapper_0/inst/aic3104_dma/axi_dma_reader/m_axi_arlen_reg[7]_i_3/CO[5]
                         net (fo=15, routed)          0.193     4.779    hw_i/audio/aic3104_dma_wrapper_0/inst/aic3104_dma/axi_dma_reader/m_axi_arlen_reg[7]_i_3_n_2
    SLICE_X7Y73          LUT3 (Prop_D6LUT_SLICEL_I2_O)
                                                      0.099     4.878 r  hw_i/audio/aic3104_dma_wrapper_0/inst/aic3104_dma/axi_dma_reader/burst_beats_q[4]_i_1/O
                         net (fo=5, routed)           0.254     5.132    hw_i/audio/aic3104_dma_wrapper_0/inst/aic3104_dma/axi_dma_reader/burst_beats_q[4]_i_1_n_0
    SLICE_X6Y66          LUT3 (Prop_E5LUT_SLICEL_I1_O)
                                                      0.114     5.246 r  hw_i/audio/aic3104_dma_wrapper_0/inst/aic3104_dma/axi_dma_reader/m_axi_araddr[39]_i_40/O
                         net (fo=2, routed)           0.185     5.431    hw_i/audio/aic3104_dma_wrapper_0/inst/aic3104_dma/axi_dma_reader/m_axi_araddr[39]_i_40_n_0
    SLICE_X6Y66          LUT4 (Prop_F6LUT_SLICEL_I3_O)
                                                      0.089     5.520 r  hw_i/audio/aic3104_dma_wrapper_0/inst/aic3104_dma/axi_dma_reader/m_axi_araddr[39]_i_47/O
                         net (fo=1, routed)           0.011     5.531    hw_i/audio/aic3104_dma_wrapper_0/inst/aic3104_dma/axi_dma_reader/m_axi_araddr[39]_i_47_n_0
    SLICE_X6Y66          CARRY8 (Prop_CARRY8_SLICEL_S[5]_CO[7])
                                                      0.155     5.686 r  hw_i/audio/aic3104_dma_wrapper_0/inst/aic3104_dma/axi_dma_reader/m_axi_araddr_reg[39]_i_13/CO[7]
                         net (fo=1, routed)           0.026     5.712    hw_i/audio/aic3104_dma_wrapper_0/inst/aic3104_dma/axi_dma_reader/m_axi_araddr_reg[39]_i_13_n_0
    SLICE_X6Y67          CARRY8 (Prop_CARRY8_SLICEL_CI_O[7])
                                                      0.116     5.828 f  hw_i/audio/aic3104_dma_wrapper_0/inst/aic3104_dma/axi_dma_reader/m_axi_araddr_reg[39]_i_11/O[7]
                         net (fo=1, routed)           0.246     6.074    hw_i/audio/aic3104_dma_wrapper_0/inst/aic3104_dma/axi_dma_reader/m_axi_araddr_reg[39]_i_11_n_8
    SLICE_X6Y68          LUT6 (Prop_H6LUT_SLICEL_I1_O)
                                                      0.090     6.164 f  hw_i/audio/aic3104_dma_wrapper_0/inst/aic3104_dma/axi_dma_reader/m_axi_araddr[39]_i_9/O
                         net (fo=1, routed)           0.139     6.303    hw_i/audio/aic3104_dma_wrapper_0/inst/aic3104_dma/axi_dma_reader/m_axi_araddr[39]_i_9_n_0
    SLICE_X6Y69          LUT6 (Prop_H6LUT_SLICEL_I1_O)
                                                      0.090     6.393 f  hw_i/audio/aic3104_dma_wrapper_0/inst/aic3104_dma/axi_dma_reader/m_axi_araddr[39]_i_6/O
                         net (fo=1, routed)           0.234     6.627    hw_i/audio/aic3104_dma_wrapper_0/inst/aic3104_dma/axi_dma_reader/m_axi_araddr[39]_i_6_n_0
    SLICE_X5Y73          LUT6 (Prop_F6LUT_SLICEM_I5_O)
                                                      0.051     6.678 r  hw_i/audio/aic3104_dma_wrapper_0/inst/aic3104_dma/axi_dma_reader/m_axi_araddr[39]_i_1/O
                         net (fo=59, routed)          0.499     7.177    hw_i/audio/aic3104_dma_wrapper_0/inst/aic3104_dma/axi_dma_reader/burst_beats_q[0]
    SLICE_X2Y81          FDRE                                         r  hw_i/audio/aic3104_dma_wrapper_0/inst/aic3104_dma/axi_dma_reader/m_axi_araddr_reg[38]/CE
  -------------------------------------------------------------------    -------------------

                         (clock clk_pl_0 rise edge)
                                                     10.312    10.312 r  
    PS8_X0Y0             PS8                          0.000    10.312 r  hw_i/zynq_ultra_ps_e_0/inst/PS8_i/PLCLK[0]
                         net (fo=1, routed)           0.135    10.447    hw_i/zynq_ultra_ps_e_0/inst/pl_clk_unbuffered[0]
    BUFG_PS_X0Y67        BUFG_PS (Prop_BUFG_PS_I_O)
                                                      0.025    10.472 r  hw_i/zynq_ultra_ps_e_0/inst/buffer_pl_clk_0.PL_CLK_0_BUFG/O
    X0Y1 (CLOCK_ROOT)    net (fo=3796, routed)        1.600    12.072    hw_i/audio/aic3104_dma_wrapper_0/inst/aic3104_dma/axi_dma_reader/clk
    SLICE_X2Y81          FDRE                                         r  hw_i/audio/aic3104_dma_wrapper_0/inst/aic3104_dma/axi_dma_reader/m_axi_araddr_reg[38]/C
                         clock pessimism              0.158    12.230    
                         clock uncertainty           -0.159    12.071    
    SLICE_X2Y81          FDRE (Setup_EFF_SLICEL_C_CE)
                                                     -0.060    12.011    hw_i/audio/aic3104_dma_wrapper_0/inst/aic3104_dma/axi_dma_reader/m_axi_araddr_reg[38]
  -------------------------------------------------------------------
                         required time                         12.011    
                         arrival time                          -7.177    
  -------------------------------------------------------------------
                         slack                                  4.835    

Slack (MET) :             4.835ns  (required time - arrival time)
  Source:                 hw_i/audio/aic3104_dma_wrapper_0/inst/aic3104_dma/axi_dma_reader/bytes_issued_reg[16]/C
                            (rising edge-triggered cell FDRE clocked by clk_pl_0  {rise@0.000ns fall@5.156ns period=10.312ns})
  Destination:            hw_i/audio/aic3104_dma_wrapper_0/inst/aic3104_dma/axi_dma_reader/m_axi_araddr_reg[39]/CE
                            (rising edge-triggered cell FDRE clocked by clk_pl_0  {rise@0.000ns fall@5.156ns period=10.312ns})
  Path Group:             clk_pl_0
  Path Type:              Setup (Max at Slow Process Corner)
  Requirement:            10.312ns  (clk_pl_0 rise@10.312ns - clk_pl_0 rise@0.000ns)
  Data Path Delay:        5.172ns  (logic 1.787ns (34.549%)  route 3.385ns (65.451%))
  Logic Levels:           16  (CARRY8=5 LUT2=2 LUT3=2 LUT4=2 LUT6=5)
  Clock Path Skew:        -0.086ns (DCD - SCD + CPR)
    Destination Clock Delay (DCD):    1.760ns = ( 12.072 - 10.312 ) 
    Source Clock Delay      (SCD):    2.004ns
    Clock Pessimism Removal (CPR):    0.158ns
  Clock Uncertainty:      0.159ns  ((TSJ^2 + DJ^2)^1/2) / 2 + PE
    Total System Jitter     (TSJ):    0.071ns
    Discrete Jitter          (DJ):    0.310ns
    Phase Error              (PE):    0.000ns
  Clock Net Delay (Source):      1.805ns (routing 0.753ns, distribution 1.052ns)
  Clock Net Delay (Destination): 1.600ns (routing 0.683ns, distribution 0.917ns)

    Location             Delay type                Incr(ns)  Path(ns)    Netlist Resource(s)
  -------------------------------------------------------------------    -------------------
                         (clock clk_pl_0 rise edge)
                                                      0.000     0.000 r  
    PS8_X0Y0             PS8                          0.000     0.000 r  hw_i/zynq_ultra_ps_e_0/inst/PS8_i/PLCLK[0]
                         net (fo=1, routed)           0.171     0.171    hw_i/zynq_ultra_ps_e_0/inst/pl_clk_unbuffered[0]
    BUFG_PS_X0Y67        BUFG_PS (Prop_BUFG_PS_I_O)
                                                      0.028     0.199 r  hw_i/zynq_ultra_ps_e_0/inst/buffer_pl_clk_0.PL_CLK_0_BUFG/O
    X0Y1 (CLOCK_ROOT)    net (fo=3796, routed)        1.805     2.004    hw_i/audio/aic3104_dma_wrapper_0/inst/aic3104_dma/axi_dma_reader/clk
    SLICE_X5Y75          FDRE                                         r  hw_i/audio/aic3104_dma_wrapper_0/inst/aic3104_dma/axi_dma_reader/bytes_issued_reg[16]/C
  -------------------------------------------------------------------    -------------------
    SLICE_X5Y75          FDRE (Prop_BFF_SLICEM_C_Q)
                                                      0.078     2.082 r  hw_i/audio/aic3104_dma_wrapper_0/inst/aic3104_dma/axi_dma_reader/bytes_issued_reg[16]/Q
                         net (fo=6, routed)           0.398     2.480    hw_i/audio/aic3104_dma_wrapper_0/inst/aic3104_dma/axi_dma_reader/sts_bytes_read[16]
    SLICE_X6Y82          LUT2 (Prop_A6LUT_SLICEL_I0_O)
                                                      0.090     2.570 r  hw_i/audio/aic3104_dma_wrapper_0/inst/aic3104_dma/axi_dma_reader/burst_beats_q[4]_i_28/O
                         net (fo=1, routed)           0.009     2.579    hw_i/audio/aic3104_dma_wrapper_0/inst/aic3104_dma/axi_dma_reader/burst_beats_q[4]_i_28_n_0
    SLICE_X6Y82          CARRY8 (Prop_CARRY8_SLICEL_S[0]_CO[7])
                                                      0.190     2.769 r  hw_i/audio/aic3104_dma_wrapper_0/inst/aic3104_dma/axi_dma_reader/burst_beats_q_reg[4]_i_11/CO[7]
                         net (fo=1, routed)           0.026     2.795    hw_i/audio/aic3104_dma_wrapper_0/inst/aic3104_dma/axi_dma_reader/burst_beats_q_reg[4]_i_11_n_0
    SLICE_X6Y83          CARRY8 (Prop_CARRY8_SLICEL_CI_O[5])
                                                      0.116     2.911 f  hw_i/audio/aic3104_dma_wrapper_0/inst/aic3104_dma/axi_dma_reader/burst_beats_q_reg[4]_i_12/O[5]
                         net (fo=1, routed)           0.367     3.278    hw_i/audio/aic3104_dma_wrapper_0/inst/aic3104_dma/axi_dma_reader/burst_beats_q_reg[4]_i_12_n_10
    SLICE_X7Y80          LUT4 (Prop_E6LUT_SLICEL_I1_O)
                                                      0.035     3.313 f  hw_i/audio/aic3104_dma_wrapper_0/inst/aic3104_dma/axi_dma_reader/burst_beats_q[4]_i_7/O
                         net (fo=1, routed)           0.103     3.416    hw_i/audio/aic3104_dma_wrapper_0/inst/aic3104_dma/axi_dma_reader/burst_beats_q[4]_i_7_n_0
    SLICE_X7Y81          LUT6 (Prop_H6LUT_SLICEL_I3_O)
                                                      0.150     3.566 f  hw_i/audio/aic3104_dma_wrapper_0/inst/aic3104_dma/axi_dma_reader/burst_beats_q[4]_i_2/O
                         net (fo=13, routed)          0.315     3.881    hw_i/audio/aic3104_dma_wrapper_0/inst/aic3104_dma/axi_dma_reader/burst_beats_q[4]_i_2_n_0
    SLICE_X5Y74          LUT2 (Prop_C5LUT_SLICEM_I1_O)
                                                      0.068     3.949 r  hw_i/audio/aic3104_dma_wrapper_0/inst/aic3104_dma/axi_dma_reader/m_axi_arlen[7]_i_26/O
                         net (fo=2, routed)           0.167     4.116    hw_i/audio/aic3104_dma_wrapper_0/inst/aic3104_dma/axi_dma_reader/m_axi_arlen[7]_i_26_n_0
    SLICE_X5Y74          LUT6 (Prop_F6LUT_SLICEM_I5_O)
                                                      0.088     4.204 r  hw_i/audio/aic3104_dma_wrapper_0/inst/aic3104_dma/axi_dma_reader/m_axi_arlen[7]_i_16/O
                         net (fo=1, routed)           0.214     4.418    hw_i/audio/aic3104_dma_wrapper_0/inst/aic3104_dma/axi_dma_reader/m_axi_arlen[7]_i_16_n_0
    SLICE_X6Y74          CARRY8 (Prop_CARRY8_SLICEL_DI[0]_CO[5])
                                                      0.168     4.586 r  hw_i/audio/aic3104_dma_wrapper_0/inst/aic3104_dma/axi_dma_reader/m_axi_arlen_reg[7]_i_3/CO[5]
                         net (fo=15, routed)          0.193     4.779    hw_i/audio/aic3104_dma_wrapper_0/inst/aic3104_dma/axi_dma_reader/m_axi_arlen_reg[7]_i_3_n_2
    SLICE_X7Y73          LUT3 (Prop_D6LUT_SLICEL_I2_O)
                                                      0.099     4.878 r  hw_i/audio/aic3104_dma_wrapper_0/inst/aic3104_dma/axi_dma_reader/burst_beats_q[4]_i_1/O
                         net (fo=5, routed)           0.254     5.132    hw_i/audio/aic3104_dma_wrapper_0/inst/aic3104_dma/axi_dma_reader/burst_beats_q[4]_i_1_n_0
    SLICE_X6Y66          LUT3 (Prop_E5LUT_SLICEL_I1_O)
                                                      0.114     5.246 r  hw_i/audio/aic3104_dma_wrapper_0/inst/aic3104_dma/axi_dma_reader/m_axi_araddr[39]_i_40/O
                         net (fo=2, routed)           0.185     5.431    hw_i/audio/aic3104_dma_wrapper_0/inst/aic3104_dma/axi_dma_reader/m_axi_araddr[39]_i_40_n_0
    SLICE_X6Y66          LUT4 (Prop_F6LUT_SLICEL_I3_O)
                                                      0.089     5.520 r  hw_i/audio/aic3104_dma_wrapper_0/inst/aic3104_dma/axi_dma_reader/m_axi_araddr[39]_i_47/O
                         net (fo=1, routed)           0.011     5.531    hw_i/audio/aic3104_dma_wrapper_0/inst/aic3104_dma/axi_dma_reader/m_axi_araddr[39]_i_47_n_0
    SLICE_X6Y66          CARRY8 (Prop_CARRY8_SLICEL_S[5]_CO[7])
                                                      0.155     5.686 r  hw_i/audio/aic3104_dma_wrapper_0/inst/aic3104_dma/axi_dma_reader/m_axi_araddr_reg[39]_i_13/CO[7]
                         net (fo=1, routed)           0.026     5.712    hw_i/audio/aic3104_dma_wrapper_0/inst/aic3104_dma/axi_dma_reader/m_axi_araddr_reg[39]_i_13_n_0
    SLICE_X6Y67          CARRY8 (Prop_CARRY8_SLICEL_CI_O[7])
                                                      0.116     5.828 f  hw_i/audio/aic3104_dma_wrapper_0/inst/aic3104_dma/axi_dma_reader/m_axi_araddr_reg[39]_i_11/O[7]
                         net (fo=1, routed)           0.246     6.074    hw_i/audio/aic3104_dma_wrapper_0/inst/aic3104_dma/axi_dma_reader/m_axi_araddr_reg[39]_i_11_n_8
    SLICE_X6Y68          LUT6 (Prop_H6LUT_SLICEL_I1_O)
                                                      0.090     6.164 f  hw_i/audio/aic3104_dma_wrapper_0/inst/aic3104_dma/axi_dma_reader/m_axi_araddr[39]_i_9/O
                         net (fo=1, routed)           0.139     6.303    hw_i/audio/aic3104_dma_wrapper_0/inst/aic3104_dma/axi_dma_reader/m_axi_araddr[39]_i_9_n_0
    SLICE_X6Y69          LUT6 (Prop_H6LUT_SLICEL_I1_O)
                                                      0.090     6.393 f  hw_i/audio/aic3104_dma_wrapper_0/inst/aic3104_dma/axi_dma_reader/m_axi_araddr[39]_i_6/O
                         net (fo=1, routed)           0.234     6.627    hw_i/audio/aic3104_dma_wrapper_0/inst/aic3104_dma/axi_dma_reader/m_axi_araddr[39]_i_6_n_0
    SLICE_X5Y73          LUT6 (Prop_F6LUT_SLICEM_I5_O)
                                                      0.051     6.678 r  hw_i/audio/aic3104_dma_wrapper_0/inst/aic3104_dma/axi_dma_reader/m_axi_araddr[39]_i_1/O
                         net (fo=59, routed)          0.499     7.177    hw_i/audio/aic3104_dma_wrapper_0/inst/aic3104_dma/axi_dma_reader/burst_beats_q[0]
    SLICE_X2Y81          FDRE                                         r  hw_i/audio/aic3104_dma_wrapper_0/inst/aic3104_dma/axi_dma_reader/m_axi_araddr_reg[39]/CE
  -------------------------------------------------------------------    -------------------

                         (clock clk_pl_0 rise edge)
                                                     10.312    10.312 r  
    PS8_X0Y0             PS8                          0.000    10.312 r  hw_i/zynq_ultra_ps_e_0/inst/PS8_i/PLCLK[0]
                         net (fo=1, routed)           0.135    10.447    hw_i/zynq_ultra_ps_e_0/inst/pl_clk_unbuffered[0]
    BUFG_PS_X0Y67        BUFG_PS (Prop_BUFG_PS_I_O)
                                                      0.025    10.472 r  hw_i/zynq_ultra_ps_e_0/inst/buffer_pl_clk_0.PL_CLK_0_BUFG/O
    X0Y1 (CLOCK_ROOT)    net (fo=3796, routed)        1.600    12.072    hw_i/audio/aic3104_dma_wrapper_0/inst/aic3104_dma/axi_dma_reader/clk
    SLICE_X2Y81          FDRE                                         r  hw_i/audio/aic3104_dma_wrapper_0/inst/aic3104_dma/axi_dma_reader/m_axi_araddr_reg[39]/C
                         clock pessimism              0.158    12.230    
                         clock uncertainty           -0.159    12.071    
    SLICE_X2Y81          FDRE (Setup_FFF_SLICEL_C_CE)
                                                     -0.060    12.011    hw_i/audio/aic3104_dma_wrapper_0/inst/aic3104_dma/axi_dma_reader/m_axi_araddr_reg[39]
  -------------------------------------------------------------------
                         required time                         12.011    
                         arrival time                          -7.177    
  -------------------------------------------------------------------
                         slack                                  4.835    





Min Delay Paths
--------------------------------------------------------------------------------------
Slack (MET) :             0.010ns  (arrival time - required time)
  Source:                 hw_i/audio/aic3104_dma_wrapper_0/inst/aic3104_dma/buf_rd_count_reg[29]/C
                            (rising edge-triggered cell FDRE clocked by clk_pl_0  {rise@0.000ns fall@5.156ns period=10.312ns})
  Destination:            hw_i/audio/aic3104_dma_wrapper_0/inst/aic3104_dma/axi_dma_reader/total_bytes_reg[29]/D
                            (rising edge-triggered cell FDRE clocked by clk_pl_0  {rise@0.000ns fall@5.156ns period=10.312ns})
  Path Group:             clk_pl_0
  Path Type:              Hold (Min at Slow Process Corner)
  Requirement:            0.000ns  (clk_pl_0 rise@0.000ns - clk_pl_0 rise@0.000ns)
  Data Path Delay:        0.162ns  (logic 0.060ns (36.945%)  route 0.102ns (63.055%))
  Logic Levels:           0  
  Clock Path Skew:        0.092ns (DCD - SCD - CPR)
    Destination Clock Delay (DCD):    1.996ns
    Source Clock Delay      (SCD):    1.746ns
    Clock Pessimism Removal (CPR):    0.158ns
  Clock Net Delay (Source):      1.586ns (routing 0.683ns, distribution 0.903ns)
  Clock Net Delay (Destination): 1.797ns (routing 0.753ns, distribution 1.044ns)

    Location             Delay type                Incr(ns)  Path(ns)    Netlist Resource(s)
  -------------------------------------------------------------------    -------------------
                         (clock clk_pl_0 rise edge)
                                                      0.000     0.000 r  
    PS8_X0Y0             PS8                          0.000     0.000 r  hw_i/zynq_ultra_ps_e_0/inst/PS8_i/PLCLK[0]
                         net (fo=1, routed)           0.135     0.135    hw_i/zynq_ultra_ps_e_0/inst/pl_clk_unbuffered[0]
    BUFG_PS_X0Y67        BUFG_PS (Prop_BUFG_PS_I_O)
                                                      0.025     0.160 r  hw_i/zynq_ultra_ps_e_0/inst/buffer_pl_clk_0.PL_CLK_0_BUFG/O
    X0Y1 (CLOCK_ROOT)    net (fo=3796, routed)        1.586     1.746    hw_i/audio/aic3104_dma_wrapper_0/inst/aic3104_dma/s_axi_aclk
    SLICE_X3Y84          FDRE                                         r  hw_i/audio/aic3104_dma_wrapper_0/inst/aic3104_dma/buf_rd_count_reg[29]/C
  -------------------------------------------------------------------    -------------------
    SLICE_X3Y84          FDRE (Prop_FFF2_SLICEL_C_Q)
                                                      0.060     1.806 r  hw_i/audio/aic3104_dma_wrapper_0/inst/aic3104_dma/buf_rd_count_reg[29]/Q
                         net (fo=3, routed)           0.102     1.908    hw_i/audio/aic3104_dma_wrapper_0/inst/aic3104_dma/axi_dma_reader/cfg_buf_len[29]
    SLICE_X4Y84          FDRE                                         r  hw_i/audio/aic3104_dma_wrapper_0/inst/aic3104_dma/axi_dma_reader/total_bytes_reg[29]/D
  -------------------------------------------------------------------    -------------------

                         (clock clk_pl_0 rise edge)
                                                      0.000     0.000 r  
    PS8_X0Y0             PS8                          0.000     0.000 r  hw_i/zynq_ultra_ps_e_0/inst/PS8_i/PLCLK[0]
                         net (fo=1, routed)           0.171     0.171    hw_i/zynq_ultra_ps_e_0/inst/pl_clk_unbuffered[0]
    BUFG_PS_X0Y67        BUFG_PS (Prop_BUFG_PS_I_O)
                                                      0.028     0.199 r  hw_i/zynq_ultra_ps_e_0/inst/buffer_pl_clk_0.PL_CLK_0_BUFG/O
    X0Y1 (CLOCK_ROOT)    net (fo=3796, routed)        1.797     1.996    hw_i/audio/aic3104_dma_wrapper_0/inst/aic3104_dma/axi_dma_reader/clk
    SLICE_X4Y84          FDRE                                         r  hw_i/audio/aic3104_dma_wrapper_0/inst/aic3104_dma/axi_dma_reader/total_bytes_reg[29]/C
                         clock pessimism             -0.158     1.838    
    SLICE_X4Y84          FDRE (Hold_DFF_SLICEM_C_D)
                                                      0.060     1.898    hw_i/audio/aic3104_dma_wrapper_0/inst/aic3104_dma/axi_dma_reader/total_bytes_reg[29]
  -------------------------------------------------------------------
                         required time                         -1.898    
                         arrival time                           1.908    
  -------------------------------------------------------------------
                         slack                                  0.010    

Slack (MET) :             0.010ns  (arrival time - required time)
  Source:                 hw_i/axi_smc/inst/switchboards/i_nodes/i_ar_node/inst/inst_mi_handler/gen_normal_area.inst_fifo_node_payld/gen_reg_fifo.inst_reg_fifo/gen_single_rank.inst_cntr/is_zero_r_reg/C
                            (rising edge-triggered cell FDSE clocked by clk_pl_0  {rise@0.000ns fall@5.156ns period=10.312ns})
  Destination:            hw_i/axi_smc/inst/switchboards/i_nodes/i_ar_node/inst/inst_mi_handler/gen_normal_area.inst_fifo_node_payld/gen_reg_fifo.inst_reg_fifo/gen_single_rank.full_r_reg/D
                            (rising edge-triggered cell FDRE clocked by clk_pl_0  {rise@0.000ns fall@5.156ns period=10.312ns})
  Path Group:             clk_pl_0
  Path Type:              Hold (Min at Slow Process Corner)
  Requirement:            0.000ns  (clk_pl_0 rise@0.000ns - clk_pl_0 rise@0.000ns)
  Data Path Delay:        0.171ns  (logic 0.080ns (46.901%)  route 0.091ns (53.099%))
  Logic Levels:           1  (LUT6=1)
  Clock Path Skew:        0.100ns (DCD - SCD - CPR)
    Destination Clock Delay (DCD):    2.055ns
    Source Clock Delay      (SCD):    1.793ns
    Clock Pessimism Removal (CPR):    0.162ns
  Clock Net Delay (Source):      1.633ns (routing 0.683ns, distribution 0.950ns)
  Clock Net Delay (Destination): 1.856ns (routing 0.753ns, distribution 1.103ns)

    Location             Delay type                Incr(ns)  Path(ns)    Netlist Resource(s)
  -------------------------------------------------------------------    -------------------
                         (clock clk_pl_0 rise edge)
                                                      0.000     0.000 r  
    PS8_X0Y0             PS8                          0.000     0.000 r  hw_i/zynq_ultra_ps_e_0/inst/PS8_i/PLCLK[0]
                         net (fo=1, routed)           0.135     0.135    hw_i/zynq_ultra_ps_e_0/inst/pl_clk_unbuffered[0]
    BUFG_PS_X0Y67        BUFG_PS (Prop_BUFG_PS_I_O)
                                                      0.025     0.160 r  hw_i/zynq_ultra_ps_e_0/inst/buffer_pl_clk_0.PL_CLK_0_BUFG/O
    X0Y1 (CLOCK_ROOT)    net (fo=3796, routed)        1.633     1.793    hw_i/axi_smc/inst/switchboards/i_nodes/i_ar_node/inst/inst_mi_handler/gen_normal_area.inst_fifo_node_payld/gen_reg_fifo.inst_reg_fifo/gen_single_rank.inst_cntr/s_sc_aclk
    SLICE_X6Y140         FDSE                                         r  hw_i/axi_smc/inst/switchboards/i_nodes/i_ar_node/inst/inst_mi_handler/gen_normal_area.inst_fifo_node_payld/gen_reg_fifo.inst_reg_fifo/gen_single_rank.inst_cntr/is_zero_r_reg/C
  -------------------------------------------------------------------    -------------------
    SLICE_X6Y140         FDSE (Prop_CFF_SLICEL_C_Q)
                                                      0.058     1.851 f  hw_i/axi_smc/inst/switchboards/i_nodes/i_ar_node/inst/inst_mi_handler/gen_normal_area.inst_fifo_node_payld/gen_reg_fifo.inst_reg_fifo/gen_single_rank.inst_cntr/is_zero_r_reg/Q
                         net (fo=3, routed)           0.068     1.918    hw_i/axi_smc/inst/switchboards/i_nodes/i_ar_node/inst/inst_mi_handler/gen_normal_area.inst_fifo_node_payld/gen_reg_fifo.inst_reg_fifo/gen_single_rank.inst_cntr/cnt_is_zero
    SLICE_X7Y140         LUT6 (Prop_A6LUT_SLICEL_I2_O)
                                                      0.022     1.940 r  hw_i/axi_smc/inst/switchboards/i_nodes/i_ar_node/inst/inst_mi_handler/gen_normal_area.inst_fifo_node_payld/gen_reg_fifo.inst_reg_fifo/gen_single_rank.inst_cntr/gen_single_rank.full_r_i_1/O
                         net (fo=1, routed)           0.023     1.963    hw_i/axi_smc/inst/switchboards/i_nodes/i_ar_node/inst/inst_mi_handler/gen_normal_area.inst_fifo_node_payld/gen_reg_fifo.inst_reg_fifo/gen_single_rank.inst_cntr_n_2
    SLICE_X7Y140         FDRE                                         r  hw_i/axi_smc/inst/switchboards/i_nodes/i_ar_node/inst/inst_mi_handler/gen_normal_area.inst_fifo_node_payld/gen_reg_fifo.inst_reg_fifo/gen_single_rank.full_r_reg/D
  -------------------------------------------------------------------    -------------------

                         (clock clk_pl_0 rise edge)
                                                      0.000     0.000 r  
    PS8_X0Y0             PS8                          0.000     0.000 r  hw_i/zynq_ultra_ps_e_0/inst/PS8_i/PLCLK[0]
                         net (fo=1, routed)           0.171     0.171    hw_i/zynq_ultra_ps_e_0/inst/pl_clk_unbuffered[0]
    BUFG_PS_X0Y67        BUFG_PS (Prop_BUFG_PS_I_O)
                                                      0.028     0.199 r  hw_i/zynq_ultra_ps_e_0/inst/buffer_pl_clk_0.PL_CLK_0_BUFG/O
    X0Y1 (CLOCK_ROOT)    net (fo=3796, routed)        1.856     2.055    hw_i/axi_smc/inst/switchboards/i_nodes/i_ar_node/inst/inst_mi_handler/gen_normal_area.inst_fifo_node_payld/gen_reg_fifo.inst_reg_fifo/s_sc_aclk
    SLICE_X7Y140         FDRE                                         r  hw_i/axi_smc/inst/switchboards/i_nodes/i_ar_node/inst/inst_mi_handler/gen_normal_area.inst_fifo_node_payld/gen_reg_fifo.inst_reg_fifo/gen_single_rank.full_r_reg/C
                         clock pessimism             -0.162     1.893    
    SLICE_X7Y140         FDRE (Hold_AFF_SLICEL_C_D)
                                                      0.060     1.953    hw_i/axi_smc/inst/switchboards/i_nodes/i_ar_node/inst/inst_mi_handler/gen_normal_area.inst_fifo_node_payld/gen_reg_fifo.inst_reg_fifo/gen_single_rank.full_r_reg
  -------------------------------------------------------------------
                         required time                         -1.953    
                         arrival time                           1.963    
  -------------------------------------------------------------------
                         slack                                  0.010    

Slack (MET) :             0.013ns  (arrival time - required time)
  Source:                 hw_i/audio/axi_gpio_0/U0/AXI_LITE_IPIF_I/I_SLAVE_ATTACHMENT/I_DECODER/GEN_BKEND_CE_REGISTERS[1].ce_out_i_reg[1]/C
                            (rising edge-triggered cell FDRE clocked by clk_pl_0  {rise@0.000ns fall@5.156ns period=10.312ns})
  Destination:            hw_i/audio/axi_gpio_0/U0/ip2bus_data_i_D1_reg[31]/D
                            (rising edge-triggered cell FDRE clocked by clk_pl_0  {rise@0.000ns fall@5.156ns period=10.312ns})
  Path Group:             clk_pl_0
  Path Type:              Hold (Min at Slow Process Corner)
  Requirement:            0.000ns  (clk_pl_0 rise@0.000ns - clk_pl_0 rise@0.000ns)
  Data Path Delay:        0.188ns  (logic 0.080ns (42.597%)  route 0.108ns (57.403%))
  Logic Levels:           1  (LUT6=1)
  Clock Path Skew:        0.115ns (DCD - SCD - CPR)
    Destination Clock Delay (DCD):    2.076ns
    Source Clock Delay      (SCD):    1.799ns
    Clock Pessimism Removal (CPR):    0.162ns
  Clock Net Delay (Source):      1.639ns (routing 0.683ns, distribution 0.956ns)
  Clock Net Delay (Destination): 1.877ns (routing 0.753ns, distribution 1.124ns)

    Location             Delay type                Incr(ns)  Path(ns)    Netlist Resource(s)
  -------------------------------------------------------------------    -------------------
                         (clock clk_pl_0 rise edge)
                                                      0.000     0.000 r  
    PS8_X0Y0             PS8                          0.000     0.000 r  hw_i/zynq_ultra_ps_e_0/inst/PS8_i/PLCLK[0]
                         net (fo=1, routed)           0.135     0.135    hw_i/zynq_ultra_ps_e_0/inst/pl_clk_unbuffered[0]
    BUFG_PS_X0Y67        BUFG_PS (Prop_BUFG_PS_I_O)
                                                      0.025     0.160 r  hw_i/zynq_ultra_ps_e_0/inst/buffer_pl_clk_0.PL_CLK_0_BUFG/O
    X0Y1 (CLOCK_ROOT)    net (fo=3796, routed)        1.639     1.799    hw_i/audio/axi_gpio_0/U0/AXI_LITE_IPIF_I/I_SLAVE_ATTACHMENT/I_DECODER/s_axi_aclk
    SLICE_X4Y128         FDRE                                         r  hw_i/audio/axi_gpio_0/U0/AXI_LITE_IPIF_I/I_SLAVE_ATTACHMENT/I_DECODER/GEN_BKEND_CE_REGISTERS[1].ce_out_i_reg[1]/C
  -------------------------------------------------------------------    -------------------
    SLICE_X4Y128         FDRE (Prop_DFF_SLICEM_C_Q)
                                                      0.058     1.857 r  hw_i/audio/axi_gpio_0/U0/AXI_LITE_IPIF_I/I_SLAVE_ATTACHMENT/I_DECODER/GEN_BKEND_CE_REGISTERS[1].ce_out_i_reg[1]/Q
                         net (fo=2, routed)           0.073     1.930    hw_i/audio/axi_gpio_0/U0/gpio_core_1/GEN_BKEND_CE_REGISTERS[1].ce_out_i_reg
    SLICE_X5Y128         LUT6 (Prop_C6LUT_SLICEM_I3_O)
                                                      0.022     1.952 r  hw_i/audio/axi_gpio_0/U0/gpio_core_1/ip2bus_data_i_D1[31]_i_1/O
                         net (fo=1, routed)           0.035     1.987    hw_i/audio/axi_gpio_0/U0/ip2bus_data[31]
    SLICE_X5Y128         FDRE                                         r  hw_i/audio/axi_gpio_0/U0/ip2bus_data_i_D1_reg[31]/D
  -------------------------------------------------------------------    -------------------

                         (clock clk_pl_0 rise edge)
                                                      0.000     0.000 r  
    PS8_X0Y0             PS8                          0.000     0.000 r  hw_i/zynq_ultra_ps_e_0/inst/PS8_i/PLCLK[0]
                         net (fo=1, routed)           0.171     0.171    hw_i/zynq_ultra_ps_e_0/inst/pl_clk_unbuffered[0]
    BUFG_PS_X0Y67        BUFG_PS (Prop_BUFG_PS_I_O)
                                                      0.028     0.199 r  hw_i/zynq_ultra_ps_e_0/inst/buffer_pl_clk_0.PL_CLK_0_BUFG/O
    X0Y1 (CLOCK_ROOT)    net (fo=3796, routed)        1.877     2.076    hw_i/audio/axi_gpio_0/U0/s_axi_aclk
    SLICE_X5Y128         FDRE                                         r  hw_i/audio/axi_gpio_0/U0/ip2bus_data_i_D1_reg[31]/C
                         clock pessimism             -0.162     1.914    
    SLICE_X5Y128         FDRE (Hold_CFF_SLICEM_C_D)
                                                      0.060     1.974    hw_i/audio/axi_gpio_0/U0/ip2bus_data_i_D1_reg[31]
  -------------------------------------------------------------------
                         required time                         -1.974    
                         arrival time                           1.987    
  -------------------------------------------------------------------
                         slack                                  0.013    

Slack (MET) :             0.013ns  (arrival time - required time)
  Source:                 hw_i/axi_smc/inst/s00_entry_pipeline/s00_mmu/inst/ar_reg_stall/m_vector_i_reg[1026]/C
                            (rising edge-triggered cell FDRE clocked by clk_pl_0  {rise@0.000ns fall@5.156ns period=10.312ns})
  Destination:            hw_i/axi_smc/inst/s00_entry_pipeline/s00_si_converter/inst/gen_axilite_conv.axilite_conv_inst/wrap_araddr_reg[6]/D
                            (rising edge-triggered cell FDRE clocked by clk_pl_0  {rise@0.000ns fall@5.156ns period=10.312ns})
  Path Group:             clk_pl_0
  Path Type:              Hold (Min at Slow Process Corner)
  Requirement:            0.000ns  (clk_pl_0 rise@0.000ns - clk_pl_0 rise@0.000ns)
  Data Path Delay:        0.181ns  (logic 0.095ns (52.375%)  route 0.086ns (47.625%))
  Logic Levels:           1  (LUT4=1)
  Clock Path Skew:        0.108ns (DCD - SCD - CPR)
    Destination Clock Delay (DCD):    2.066ns
    Source Clock Delay      (SCD):    1.796ns
    Clock Pessimism Removal (CPR):    0.162ns
  Clock Net Delay (Source):      1.636ns (routing 0.683ns, distribution 0.953ns)
  Clock Net Delay (Destination): 1.867ns (routing 0.753ns, distribution 1.114ns)

    Location             Delay type                Incr(ns)  Path(ns)    Netlist Resource(s)
  -------------------------------------------------------------------    -------------------
                         (clock clk_pl_0 rise edge)
                                                      0.000     0.000 r  
    PS8_X0Y0             PS8                          0.000     0.000 r  hw_i/zynq_ultra_ps_e_0/inst/PS8_i/PLCLK[0]
                         net (fo=1, routed)           0.135     0.135    hw_i/zynq_ultra_ps_e_0/inst/pl_clk_unbuffered[0]
    BUFG_PS_X0Y67        BUFG_PS (Prop_BUFG_PS_I_O)
                                                      0.025     0.160 r  hw_i/zynq_ultra_ps_e_0/inst/buffer_pl_clk_0.PL_CLK_0_BUFG/O
    X0Y1 (CLOCK_ROOT)    net (fo=3796, routed)        1.636     1.796    hw_i/axi_smc/inst/s00_entry_pipeline/s00_mmu/inst/ar_reg_stall/aclk
    SLICE_X0Y134         FDRE                                         r  hw_i/axi_smc/inst/s00_entry_pipeline/s00_mmu/inst/ar_reg_stall/m_vector_i_reg[1026]/C
  -------------------------------------------------------------------    -------------------
    SLICE_X0Y134         FDRE (Prop_DFF_SLICEL_C_Q)
                                                      0.059     1.855 r  hw_i/axi_smc/inst/s00_entry_pipeline/s00_mmu/inst/ar_reg_stall/m_vector_i_reg[1026]/Q
                         net (fo=40, routed)          0.064     1.919    hw_i/axi_smc/inst/s00_entry_pipeline/s00_si_converter/inst/gen_axilite_conv.axilite_conv_inst/s_axi_arsize[0]
    SLICE_X2Y134         LUT4 (Prop_B6LUT_SLICEL_I2_O)
                                                      0.036     1.955 r  hw_i/axi_smc/inst/s00_entry_pipeline/s00_si_converter/inst/gen_axilite_conv.axilite_conv_inst/wrap_araddr[6]_i_1/O
                         net (fo=1, routed)           0.022     1.977    hw_i/axi_smc/inst/s00_entry_pipeline/s00_si_converter/inst/gen_axilite_conv.axilite_conv_inst/wrap_araddr0[6]
    SLICE_X2Y134         FDRE                                         r  hw_i/axi_smc/inst/s00_entry_pipeline/s00_si_converter/inst/gen_axilite_conv.axilite_conv_inst/wrap_araddr_reg[6]/D
  -------------------------------------------------------------------    -------------------

                         (clock clk_pl_0 rise edge)
                                                      0.000     0.000 r  
    PS8_X0Y0             PS8                          0.000     0.000 r  hw_i/zynq_ultra_ps_e_0/inst/PS8_i/PLCLK[0]
                         net (fo=1, routed)           0.171     0.171    hw_i/zynq_ultra_ps_e_0/inst/pl_clk_unbuffered[0]
    BUFG_PS_X0Y67        BUFG_PS (Prop_BUFG_PS_I_O)
                                                      0.028     0.199 r  hw_i/zynq_ultra_ps_e_0/inst/buffer_pl_clk_0.PL_CLK_0_BUFG/O
    X0Y1 (CLOCK_ROOT)    net (fo=3796, routed)        1.867     2.066    hw_i/axi_smc/inst/s00_entry_pipeline/s00_si_converter/inst/gen_axilite_conv.axilite_conv_inst/aclk
    SLICE_X2Y134         FDRE                                         r  hw_i/axi_smc/inst/s00_entry_pipeline/s00_si_converter/inst/gen_axilite_conv.axilite_conv_inst/wrap_araddr_reg[6]/C
                         clock pessimism             -0.162     1.904    
    SLICE_X2Y134         FDRE (Hold_BFF_SLICEL_C_D)
                                                      0.060     1.964    hw_i/axi_smc/inst/s00_entry_pipeline/s00_si_converter/inst/gen_axilite_conv.axilite_conv_inst/wrap_araddr_reg[6]
  -------------------------------------------------------------------
                         required time                         -1.964    
                         arrival time                           1.977    
  -------------------------------------------------------------------
                         slack                                  0.013    

Slack (MET) :             0.014ns  (arrival time - required time)
  Source:                 hw_i/audio/axi_gpio_0/U0/AXI_LITE_IPIF_I/I_SLAVE_ATTACHMENT/I_DECODER/GEN_BKEND_CE_REGISTERS[1].ce_out_i_reg[1]/C
                            (rising edge-triggered cell FDRE clocked by clk_pl_0  {rise@0.000ns fall@5.156ns period=10.312ns})
  Destination:            hw_i/audio/axi_gpio_0/U0/ip2bus_data_i_D1_reg[0]/D
                            (rising edge-triggered cell FDRE clocked by clk_pl_0  {rise@0.000ns fall@5.156ns period=10.312ns})
  Path Group:             clk_pl_0
  Path Type:              Hold (Min at Slow Process Corner)
  Requirement:            0.000ns  (clk_pl_0 rise@0.000ns - clk_pl_0 rise@0.000ns)
  Data Path Delay:        0.189ns  (logic 0.080ns (42.372%)  route 0.109ns (57.628%))
  Logic Levels:           1  (LUT5=1)
  Clock Path Skew:        0.115ns (DCD - SCD - CPR)
    Destination Clock Delay (DCD):    2.076ns
    Source Clock Delay      (SCD):    1.799ns
    Clock Pessimism Removal (CPR):    0.162ns
  Clock Net Delay (Source):      1.639ns (routing 0.683ns, distribution 0.956ns)
  Clock Net Delay (Destination): 1.877ns (routing 0.753ns, distribution 1.124ns)

    Location             Delay type                Incr(ns)  Path(ns)    Netlist Resource(s)
  -------------------------------------------------------------------    -------------------
                         (clock clk_pl_0 rise edge)
                                                      0.000     0.000 r  
    PS8_X0Y0             PS8                          0.000     0.000 r  hw_i/zynq_ultra_ps_e_0/inst/PS8_i/PLCLK[0]
                         net (fo=1, routed)           0.135     0.135    hw_i/zynq_ultra_ps_e_0/inst/pl_clk_unbuffered[0]
    BUFG_PS_X0Y67        BUFG_PS (Prop_BUFG_PS_I_O)
                                                      0.025     0.160 r  hw_i/zynq_ultra_ps_e_0/inst/buffer_pl_clk_0.PL_CLK_0_BUFG/O
    X0Y1 (CLOCK_ROOT)    net (fo=3796, routed)        1.639     1.799    hw_i/audio/axi_gpio_0/U0/AXI_LITE_IPIF_I/I_SLAVE_ATTACHMENT/I_DECODER/s_axi_aclk
    SLICE_X4Y128         FDRE                                         r  hw_i/audio/axi_gpio_0/U0/AXI_LITE_IPIF_I/I_SLAVE_ATTACHMENT/I_DECODER/GEN_BKEND_CE_REGISTERS[1].ce_out_i_reg[1]/C
  -------------------------------------------------------------------    -------------------
    SLICE_X4Y128         FDRE (Prop_DFF_SLICEM_C_Q)
                                                      0.058     1.857 r  hw_i/audio/axi_gpio_0/U0/AXI_LITE_IPIF_I/I_SLAVE_ATTACHMENT/I_DECODER/GEN_BKEND_CE_REGISTERS[1].ce_out_i_reg[1]/Q
                         net (fo=2, routed)           0.073     1.930    hw_i/audio/axi_gpio_0/U0/gpio_core_1/GEN_BKEND_CE_REGISTERS[1].ce_out_i_reg
    SLICE_X5Y128         LUT5 (Prop_D6LUT_SLICEM_I2_O)
                                                      0.022     1.952 r  hw_i/audio/axi_gpio_0/U0/gpio_core_1/ip2bus_data_i_D1[0]_i_1/O
                         net (fo=1, routed)           0.036     1.988    hw_i/audio/axi_gpio_0/U0/ip2bus_data[0]
    SLICE_X5Y128         FDRE                                         r  hw_i/audio/axi_gpio_0/U0/ip2bus_data_i_D1_reg[0]/D
  -------------------------------------------------------------------    -------------------

                         (clock clk_pl_0 rise edge)
                                                      0.000     0.000 r  
    PS8_X0Y0             PS8                          0.000     0.000 r  hw_i/zynq_ultra_ps_e_0/inst/PS8_i/PLCLK[0]
                         net (fo=1, routed)           0.171     0.171    hw_i/zynq_ultra_ps_e_0/inst/pl_clk_unbuffered[0]
    BUFG_PS_X0Y67        BUFG_PS (Prop_BUFG_PS_I_O)
                                                      0.028     0.199 r  hw_i/zynq_ultra_ps_e_0/inst/buffer_pl_clk_0.PL_CLK_0_BUFG/O
    X0Y1 (CLOCK_ROOT)    net (fo=3796, routed)        1.877     2.076    hw_i/audio/axi_gpio_0/U0/s_axi_aclk
    SLICE_X5Y128         FDRE                                         r  hw_i/audio/axi_gpio_0/U0/ip2bus_data_i_D1_reg[0]/C
                         clock pessimism             -0.162     1.914    
    SLICE_X5Y128         FDRE (Hold_DFF_SLICEM_C_D)
                                                      0.060     1.974    hw_i/audio/axi_gpio_0/U0/ip2bus_data_i_D1_reg[0]
  -------------------------------------------------------------------
                         required time                         -1.974    
                         arrival time                           1.988    
  -------------------------------------------------------------------
                         slack                                  0.014    

Slack (MET) :             0.015ns  (arrival time - required time)
  Source:                 hw_i/audio/axi_iic_0/U0/X_IIC/X_AXI_IPIF_SSP1/X_INTERRUPT_CONTROL/irpt_wrack_d1_reg/C
                            (rising edge-triggered cell FDRE clocked by clk_pl_0  {rise@0.000ns fall@5.156ns period=10.312ns})
  Destination:            hw_i/audio/axi_iic_0/U0/X_IIC/X_AXI_IPIF_SSP1/X_INTERRUPT_CONTROL/GEN_IP_IRPT_STATUS_REG[5].GEN_REG_STATUS.ip_irpt_status_reg_reg[5]/D
                            (rising edge-triggered cell FDRE clocked by clk_pl_0  {rise@0.000ns fall@5.156ns period=10.312ns})
  Path Group:             clk_pl_0
  Path Type:              Hold (Min at Slow Process Corner)
  Requirement:            0.000ns  (clk_pl_0 rise@0.000ns - clk_pl_0 rise@0.000ns)
  Data Path Delay:        0.276ns  (logic 0.155ns (56.199%)  route 0.121ns (43.801%))
  Logic Levels:           1  (LUT6=1)
  Clock Path Skew:        0.201ns (DCD - SCD - CPR)
    Destination Clock Delay (DCD):    2.072ns
    Source Clock Delay      (SCD):    1.762ns
    Clock Pessimism Removal (CPR):    0.109ns
  Clock Net Delay (Source):      1.602ns (routing 0.683ns, distribution 0.919ns)
  Clock Net Delay (Destination): 1.873ns (routing 0.753ns, distribution 1.120ns)

    Location             Delay type                Incr(ns)  Path(ns)    Netlist Resource(s)
  -------------------------------------------------------------------    -------------------
                         (clock clk_pl_0 rise edge)
                                                      0.000     0.000 r  
    PS8_X0Y0             PS8                          0.000     0.000 r  hw_i/zynq_ultra_ps_e_0/inst/PS8_i/PLCLK[0]
                         net (fo=1, routed)           0.135     0.135    hw_i/zynq_ultra_ps_e_0/inst/pl_clk_unbuffered[0]
    BUFG_PS_X0Y67        BUFG_PS (Prop_BUFG_PS_I_O)
                                                      0.025     0.160 r  hw_i/zynq_ultra_ps_e_0/inst/buffer_pl_clk_0.PL_CLK_0_BUFG/O
    X0Y1 (CLOCK_ROOT)    net (fo=3796, routed)        1.602     1.762    hw_i/audio/axi_iic_0/U0/X_IIC/X_AXI_IPIF_SSP1/X_INTERRUPT_CONTROL/s_axi_aclk
    SLICE_X6Y119         FDRE                                         r  hw_i/audio/axi_iic_0/U0/X_IIC/X_AXI_IPIF_SSP1/X_INTERRUPT_CONTROL/irpt_wrack_d1_reg/C
  -------------------------------------------------------------------    -------------------
    SLICE_X6Y119         FDRE (Prop_AFF2_SLICEL_C_Q)
                                                      0.060     1.822 r  hw_i/audio/axi_iic_0/U0/X_IIC/X_AXI_IPIF_SSP1/X_INTERRUPT_CONTROL/irpt_wrack_d1_reg/Q
                         net (fo=8, routed)           0.099     1.921    hw_i/audio/axi_iic_0/U0/X_IIC/X_AXI_IPIF_SSP1/X_INTERRUPT_CONTROL/irpt_wrack_d1
    SLICE_X6Y121         LUT6 (Prop_G6LUT_SLICEL_I0_O)
                                                      0.095     2.016 r  hw_i/audio/axi_iic_0/U0/X_IIC/X_AXI_IPIF_SSP1/X_INTERRUPT_CONTROL/GEN_IP_IRPT_STATUS_REG[5].GEN_REG_STATUS.ip_irpt_status_reg[5]_i_1/O
                         net (fo=1, routed)           0.022     2.038    hw_i/audio/axi_iic_0/U0/X_IIC/X_AXI_IPIF_SSP1/X_INTERRUPT_CONTROL/GEN_IP_IRPT_STATUS_REG[5].GEN_REG_STATUS.ip_irpt_status_reg[5]_i_1_n_0
    SLICE_X6Y121         FDRE                                         r  hw_i/audio/axi_iic_0/U0/X_IIC/X_AXI_IPIF_SSP1/X_INTERRUPT_CONTROL/GEN_IP_IRPT_STATUS_REG[5].GEN_REG_STATUS.ip_irpt_status_reg_reg[5]/D
  -------------------------------------------------------------------    -------------------

                         (clock clk_pl_0 rise edge)
                                                      0.000     0.000 r  
    PS8_X0Y0             PS8                          0.000     0.000 r  hw_i/zynq_ultra_ps_e_0/inst/PS8_i/PLCLK[0]
                         net (fo=1, routed)           0.171     0.171    hw_i/zynq_ultra_ps_e_0/inst/pl_clk_unbuffered[0]
    BUFG_PS_X0Y67        BUFG_PS (Prop_BUFG_PS_I_O)
                                                      0.028     0.199 r  hw_i/zynq_ultra_ps_e_0/inst/buffer_pl_clk_0.PL_CLK_0_BUFG/O
    X0Y1 (CLOCK_ROOT)    net (fo=3796, routed)        1.873     2.072    hw_i/audio/axi_iic_0/U0/X_IIC/X_AXI_IPIF_SSP1/X_INTERRUPT_CONTROL/s_axi_aclk
    SLICE_X6Y121         FDRE                                         r  hw_i/audio/axi_iic_0/U0/X_IIC/X_AXI_IPIF_SSP1/X_INTERRUPT_CONTROL/GEN_IP_IRPT_STATUS_REG[5].GEN_REG_STATUS.ip_irpt_status_reg_reg[5]/C
                         clock pessimism             -0.109     1.963    
    SLICE_X6Y121         FDRE (Hold_GFF_SLICEL_C_D)
                                                      0.060     2.023    hw_i/audio/axi_iic_0/U0/X_IIC/X_AXI_IPIF_SSP1/X_INTERRUPT_CONTROL/GEN_IP_IRPT_STATUS_REG[5].GEN_REG_STATUS.ip_irpt_status_reg_reg[5]
  -------------------------------------------------------------------
                         required time                         -2.023    
                         arrival time                           2.038    
  -------------------------------------------------------------------
                         slack                                  0.015    

Slack (MET) :             0.016ns  (arrival time - required time)
  Source:                 hw_i/audio/axi_iic_0/U0/X_IIC/IIC_CONTROL_I/I2CDATA_REG/data_int_reg[5]/C
                            (rising edge-triggered cell FDRE clocked by clk_pl_0  {rise@0.000ns fall@5.156ns period=10.312ns})
  Destination:            hw_i/audio/axi_iic_0/U0/X_IIC/IIC_CONTROL_I/I2CDATA_REG/data_int_reg[6]/D
                            (rising edge-triggered cell FDRE clocked by clk_pl_0  {rise@0.000ns fall@5.156ns period=10.312ns})
  Path Group:             clk_pl_0
  Path Type:              Hold (Min at Slow Process Corner)
  Requirement:            0.000ns  (clk_pl_0 rise@0.000ns - clk_pl_0 rise@0.000ns)
  Data Path Delay:        0.176ns  (logic 0.095ns (53.854%)  route 0.081ns (46.146%))
  Logic Levels:           1  (LUT3=1)
  Clock Path Skew:        0.101ns (DCD - SCD - CPR)
    Destination Clock Delay (DCD):    2.013ns
    Source Clock Delay      (SCD):    1.803ns
    Clock Pessimism Removal (CPR):    0.109ns
  Clock Net Delay (Source):      1.643ns (routing 0.683ns, distribution 0.960ns)
  Clock Net Delay (Destination): 1.814ns (routing 0.753ns, distribution 1.061ns)

    Location             Delay type                Incr(ns)  Path(ns)    Netlist Resource(s)
  -------------------------------------------------------------------    -------------------
                         (clock clk_pl_0 rise edge)
                                                      0.000     0.000 r  
    PS8_X0Y0             PS8                          0.000     0.000 r  hw_i/zynq_ultra_ps_e_0/inst/PS8_i/PLCLK[0]
                         net (fo=1, routed)           0.135     0.135    hw_i/zynq_ultra_ps_e_0/inst/pl_clk_unbuffered[0]
    BUFG_PS_X0Y67        BUFG_PS (Prop_BUFG_PS_I_O)
                                                      0.025     0.160 r  hw_i/zynq_ultra_ps_e_0/inst/buffer_pl_clk_0.PL_CLK_0_BUFG/O
    X0Y1 (CLOCK_ROOT)    net (fo=3796, routed)        1.643     1.803    hw_i/audio/axi_iic_0/U0/X_IIC/IIC_CONTROL_I/I2CDATA_REG/s_axi_aclk
    SLICE_X12Y121        FDRE                                         r  hw_i/audio/axi_iic_0/U0/X_IIC/IIC_CONTROL_I/I2CDATA_REG/data_int_reg[5]/C
  -------------------------------------------------------------------    -------------------
    SLICE_X12Y121        FDRE (Prop_BFF2_SLICEL_C_Q)
                                                      0.060     1.863 r  hw_i/audio/axi_iic_0/U0/X_IIC/IIC_CONTROL_I/I2CDATA_REG/data_int_reg[5]/Q
                         net (fo=2, routed)           0.059     1.923    hw_i/audio/axi_iic_0/U0/X_IIC/IIC_CONTROL_I/I2CDATA_REG/Q[5]
    SLICE_X12Y119        LUT3 (Prop_D6LUT_SLICEL_I2_O)
                                                      0.035     1.958 r  hw_i/audio/axi_iic_0/U0/X_IIC/IIC_CONTROL_I/I2CDATA_REG/data_int[6]_i_1/O
                         net (fo=1, routed)           0.022     1.980    hw_i/audio/axi_iic_0/U0/X_IIC/IIC_CONTROL_I/I2CDATA_REG/p_2_in[6]
    SLICE_X12Y119        FDRE                                         r  hw_i/audio/axi_iic_0/U0/X_IIC/IIC_CONTROL_I/I2CDATA_REG/data_int_reg[6]/D
  -------------------------------------------------------------------    -------------------

                         (clock clk_pl_0 rise edge)
                                                      0.000     0.000 r  
    PS8_X0Y0             PS8                          0.000     0.000 r  hw_i/zynq_ultra_ps_e_0/inst/PS8_i/PLCLK[0]
                         net (fo=1, routed)           0.171     0.171    hw_i/zynq_ultra_ps_e_0/inst/pl_clk_unbuffered[0]
    BUFG_PS_X0Y67        BUFG_PS (Prop_BUFG_PS_I_O)
                                                      0.028     0.199 r  hw_i/zynq_ultra_ps_e_0/inst/buffer_pl_clk_0.PL_CLK_0_BUFG/O
    X0Y1 (CLOCK_ROOT)    net (fo=3796, routed)        1.814     2.013    hw_i/audio/axi_iic_0/U0/X_IIC/IIC_CONTROL_I/I2CDATA_REG/s_axi_aclk
    SLICE_X12Y119        FDRE                                         r  hw_i/audio/axi_iic_0/U0/X_IIC/IIC_CONTROL_I/I2CDATA_REG/data_int_reg[6]/C
                         clock pessimism             -0.109     1.904    
    SLICE_X12Y119        FDRE (Hold_DFF_SLICEL_C_D)
                                                      0.060     1.964    hw_i/audio/axi_iic_0/U0/X_IIC/IIC_CONTROL_I/I2CDATA_REG/data_int_reg[6]
  -------------------------------------------------------------------
                         required time                         -1.964    
                         arrival time                           1.980    
  -------------------------------------------------------------------
                         slack                                  0.016    

Slack (MET) :             0.019ns  (arrival time - required time)
  Source:                 hw_i/axi_smc/inst/switchboards/i_nodes/i_aw_node/inst/inst_mi_handler/gen_normal_area.inst_fifo_node_payld/gen_reg_fifo.inst_reg_fifo/gen_single_rank.data_reg[123]/C
                            (rising edge-triggered cell FDRE clocked by clk_pl_0  {rise@0.000ns fall@5.156ns period=10.312ns})
  Destination:            hw_i/audio/aic3104_dma_wrapper_0/inst/aic3104_dma/axil_addr_reg[10]/D
                            (rising edge-triggered cell FDRE clocked by clk_pl_0  {rise@0.000ns fall@5.156ns period=10.312ns})
  Path Group:             clk_pl_0
  Path Type:              Hold (Min at Fast Process Corner)
  Requirement:            0.000ns  (clk_pl_0 rise@0.000ns - clk_pl_0 rise@0.000ns)
  Data Path Delay:        0.072ns  (logic 0.039ns (54.167%)  route 0.033ns (45.833%))
  Logic Levels:           0  
  Clock Path Skew:        0.006ns (DCD - SCD - CPR)
    Destination Clock Delay (DCD):    1.281ns
    Source Clock Delay      (SCD):    1.124ns
    Clock Pessimism Removal (CPR):    0.152ns
  Clock Net Delay (Source):      1.013ns (routing 0.410ns, distribution 0.603ns)
  Clock Net Delay (Destination): 1.143ns (routing 0.459ns, distribution 0.684ns)

    Location             Delay type                Incr(ns)  Path(ns)    Netlist Resource(s)
  -------------------------------------------------------------------    -------------------
                         (clock clk_pl_0 rise edge)
                                                      0.000     0.000 r  
    PS8_X0Y0             PS8                          0.000     0.000 r  hw_i/zynq_ultra_ps_e_0/inst/PS8_i/PLCLK[0]
                         net (fo=1, routed)           0.094     0.094    hw_i/zynq_ultra_ps_e_0/inst/pl_clk_unbuffered[0]
    BUFG_PS_X0Y67        BUFG_PS (Prop_BUFG_PS_I_O)
                                                      0.017     0.111 r  hw_i/zynq_ultra_ps_e_0/inst/buffer_pl_clk_0.PL_CLK_0_BUFG/O
    X0Y1 (CLOCK_ROOT)    net (fo=3796, routed)        1.013     1.124    hw_i/axi_smc/inst/switchboards/i_nodes/i_aw_node/inst/inst_mi_handler/gen_normal_area.inst_fifo_node_payld/gen_reg_fifo.inst_reg_fifo/s_sc_aclk
    SLICE_X3Y122         FDRE                                         r  hw_i/axi_smc/inst/switchboards/i_nodes/i_aw_node/inst/inst_mi_handler/gen_normal_area.inst_fifo_node_payld/gen_reg_fifo.inst_reg_fifo/gen_single_rank.data_reg[123]/C
  -------------------------------------------------------------------    -------------------
    SLICE_X3Y122         FDRE (Prop_HFF_SLICEL_C_Q)
                                                      0.039     1.163 r  hw_i/axi_smc/inst/switchboards/i_nodes/i_aw_node/inst/inst_mi_handler/gen_normal_area.inst_fifo_node_payld/gen_reg_fifo.inst_reg_fifo/gen_single_rank.data_reg[123]/Q
                         net (fo=1, routed)           0.033     1.196    hw_i/audio/aic3104_dma_wrapper_0/inst/aic3104_dma/s_axi_awaddr[10]
    SLICE_X3Y122         FDRE                                         r  hw_i/audio/aic3104_dma_wrapper_0/inst/aic3104_dma/axil_addr_reg[10]/D
  -------------------------------------------------------------------    -------------------

                         (clock clk_pl_0 rise edge)
                                                      0.000     0.000 r  
    PS8_X0Y0             PS8                          0.000     0.000 r  hw_i/zynq_ultra_ps_e_0/inst/PS8_i/PLCLK[0]
                         net (fo=1, routed)           0.120     0.120    hw_i/zynq_ultra_ps_e_0/inst/pl_clk_unbuffered[0]
    BUFG_PS_X0Y67        BUFG_PS (Prop_BUFG_PS_I_O)
                                                      0.018     0.138 r  hw_i/zynq_ultra_ps_e_0/inst/buffer_pl_clk_0.PL_CLK_0_BUFG/O
    X0Y1 (CLOCK_ROOT)    net (fo=3796, routed)        1.143     1.281    hw_i/audio/aic3104_dma_wrapper_0/inst/aic3104_dma/s_axi_aclk
    SLICE_X3Y122         FDRE                                         r  hw_i/audio/aic3104_dma_wrapper_0/inst/aic3104_dma/axil_addr_reg[10]/C
                         clock pessimism             -0.152     1.130    
    SLICE_X3Y122         FDRE (Hold_HFF2_SLICEL_C_D)
                                                      0.047     1.177    hw_i/audio/aic3104_dma_wrapper_0/inst/aic3104_dma/axil_addr_reg[10]
  -------------------------------------------------------------------
                         required time                         -1.177    
                         arrival time                           1.196    
  -------------------------------------------------------------------
                         slack                                  0.019    

Slack (MET) :             0.019ns  (arrival time - required time)
  Source:                 hw_i/axi_smc/inst/s00_entry_pipeline/s00_si_converter/inst/gen_axilite_conv.axilite_conv_inst/m_axi_wdata_i_reg[13]/C
                            (rising edge-triggered cell FDRE clocked by clk_pl_0  {rise@0.000ns fall@5.156ns period=10.312ns})
  Destination:            hw_i/axi_smc/inst/switchboards/i_nodes/i_w_node/inst/inst_mi_handler/gen_normal_area.inst_fifo_node_payld/gen_reg_fifo.inst_reg_fifo/gen_single_rank.data_reg[35]/D
                            (rising edge-triggered cell FDRE clocked by clk_pl_0  {rise@0.000ns fall@5.156ns period=10.312ns})
  Path Group:             clk_pl_0
  Path Type:              Hold (Min at Fast Process Corner)
  Requirement:            0.000ns  (clk_pl_0 rise@0.000ns - clk_pl_0 rise@0.000ns)
  Data Path Delay:        0.072ns  (logic 0.039ns (54.167%)  route 0.033ns (45.833%))
  Logic Levels:           0  
  Clock Path Skew:        0.006ns (DCD - SCD - CPR)
    Destination Clock Delay (DCD):    1.253ns
    Source Clock Delay      (SCD):    1.099ns
    Clock Pessimism Removal (CPR):    0.149ns
  Clock Net Delay (Source):      0.988ns (routing 0.410ns, distribution 0.578ns)
  Clock Net Delay (Destination): 1.115ns (routing 0.459ns, distribution 0.656ns)

    Location             Delay type                Incr(ns)  Path(ns)    Netlist Resource(s)
  -------------------------------------------------------------------    -------------------
                         (clock clk_pl_0 rise edge)
                                                      0.000     0.000 r  
    PS8_X0Y0             PS8                          0.000     0.000 r  hw_i/zynq_ultra_ps_e_0/inst/PS8_i/PLCLK[0]
                         net (fo=1, routed)           0.094     0.094    hw_i/zynq_ultra_ps_e_0/inst/pl_clk_unbuffered[0]
    BUFG_PS_X0Y67        BUFG_PS (Prop_BUFG_PS_I_O)
                                                      0.017     0.111 r  hw_i/zynq_ultra_ps_e_0/inst/buffer_pl_clk_0.PL_CLK_0_BUFG/O
    X0Y1 (CLOCK_ROOT)    net (fo=3796, routed)        0.988     1.099    hw_i/axi_smc/inst/s00_entry_pipeline/s00_si_converter/inst/gen_axilite_conv.axilite_conv_inst/aclk
    SLICE_X0Y109         FDRE                                         r  hw_i/axi_smc/inst/s00_entry_pipeline/s00_si_converter/inst/gen_axilite_conv.axilite_conv_inst/m_axi_wdata_i_reg[13]/C
  -------------------------------------------------------------------    -------------------
    SLICE_X0Y109         FDRE (Prop_HFF_SLICEL_C_Q)
                                                      0.039     1.138 r  hw_i/axi_smc/inst/s00_entry_pipeline/s00_si_converter/inst/gen_axilite_conv.axilite_conv_inst/m_axi_wdata_i_reg[13]/Q
                         net (fo=1, routed)           0.033     1.171    hw_i/axi_smc/inst/switchboards/i_nodes/i_w_node/inst/inst_mi_handler/gen_normal_area.inst_fifo_node_payld/gen_reg_fifo.inst_reg_fifo/s_sc_payld[18]
    SLICE_X0Y109         FDRE                                         r  hw_i/axi_smc/inst/switchboards/i_nodes/i_w_node/inst/inst_mi_handler/gen_normal_area.inst_fifo_node_payld/gen_reg_fifo.inst_reg_fifo/gen_single_rank.data_reg[35]/D
  -------------------------------------------------------------------    -------------------

                         (clock clk_pl_0 rise edge)
                                                      0.000     0.000 r  
    PS8_X0Y0             PS8                          0.000     0.000 r  hw_i/zynq_ultra_ps_e_0/inst/PS8_i/PLCLK[0]
                         net (fo=1, routed)           0.120     0.120    hw_i/zynq_ultra_ps_e_0/inst/pl_clk_unbuffered[0]
    BUFG_PS_X0Y67        BUFG_PS (Prop_BUFG_PS_I_O)
                                                      0.018     0.138 r  hw_i/zynq_ultra_ps_e_0/inst/buffer_pl_clk_0.PL_CLK_0_BUFG/O
    X0Y1 (CLOCK_ROOT)    net (fo=3796, routed)        1.115     1.253    hw_i/axi_smc/inst/switchboards/i_nodes/i_w_node/inst/inst_mi_handler/gen_normal_area.inst_fifo_node_payld/gen_reg_fifo.inst_reg_fifo/s_sc_aclk
    SLICE_X0Y109         FDRE                                         r  hw_i/axi_smc/inst/switchboards/i_nodes/i_w_node/inst/inst_mi_handler/gen_normal_area.inst_fifo_node_payld/gen_reg_fifo.inst_reg_fifo/gen_single_rank.data_reg[35]/C
                         clock pessimism             -0.149     1.105    
    SLICE_X0Y109         FDRE (Hold_HFF2_SLICEL_C_D)
                                                      0.047     1.152    hw_i/axi_smc/inst/switchboards/i_nodes/i_w_node/inst/inst_mi_handler/gen_normal_area.inst_fifo_node_payld/gen_reg_fifo.inst_reg_fifo/gen_single_rank.data_reg[35]
  -------------------------------------------------------------------
                         required time                         -1.152    
                         arrival time                           1.171    
  -------------------------------------------------------------------
                         slack                                  0.019    

Slack (MET) :             0.019ns  (arrival time - required time)
  Source:                 hw_i/axi_smc/inst/s00_entry_pipeline/s00_si_converter/inst/gen_axilite_conv.axilite_conv_inst/m_axi_wstrb_i_reg[2]/C
                            (rising edge-triggered cell FDRE clocked by clk_pl_0  {rise@0.000ns fall@5.156ns period=10.312ns})
  Destination:            hw_i/axi_smc/inst/switchboards/i_nodes/i_w_node/inst/inst_mi_handler/gen_normal_area.inst_fifo_node_payld/gen_reg_fifo.inst_reg_fifo/gen_single_rank.data_reg[38]/D
                            (rising edge-triggered cell FDRE clocked by clk_pl_0  {rise@0.000ns fall@5.156ns period=10.312ns})
  Path Group:             clk_pl_0
  Path Type:              Hold (Min at Fast Process Corner)
  Requirement:            0.000ns  (clk_pl_0 rise@0.000ns - clk_pl_0 rise@0.000ns)
  Data Path Delay:        0.072ns  (logic 0.039ns (54.167%)  route 0.033ns (45.833%))
  Logic Levels:           0  
  Clock Path Skew:        0.006ns (DCD - SCD - CPR)
    Destination Clock Delay (DCD):    1.248ns
    Source Clock Delay      (SCD):    1.095ns
    Clock Pessimism Removal (CPR):    0.148ns
  Clock Net Delay (Source):      0.984ns (routing 0.410ns, distribution 0.574ns)
  Clock Net Delay (Destination): 1.110ns (routing 0.459ns, distribution 0.651ns)

    Location             Delay type                Incr(ns)  Path(ns)    Netlist Resource(s)
  -------------------------------------------------------------------    -------------------
                         (clock clk_pl_0 rise edge)
                                                      0.000     0.000 r  
    PS8_X0Y0             PS8                          0.000     0.000 r  hw_i/zynq_ultra_ps_e_0/inst/PS8_i/PLCLK[0]
                         net (fo=1, routed)           0.094     0.094    hw_i/zynq_ultra_ps_e_0/inst/pl_clk_unbuffered[0]
    BUFG_PS_X0Y67        BUFG_PS (Prop_BUFG_PS_I_O)
                                                      0.017     0.111 r  hw_i/zynq_ultra_ps_e_0/inst/buffer_pl_clk_0.PL_CLK_0_BUFG/O
    X0Y1 (CLOCK_ROOT)    net (fo=3796, routed)        0.984     1.095    hw_i/axi_smc/inst/s00_entry_pipeline/s00_si_converter/inst/gen_axilite_conv.axilite_conv_inst/aclk
    SLICE_X3Y109         FDRE                                         r  hw_i/axi_smc/inst/s00_entry_pipeline/s00_si_converter/inst/gen_axilite_conv.axilite_conv_inst/m_axi_wstrb_i_reg[2]/C
  -------------------------------------------------------------------    -------------------
    SLICE_X3Y109         FDRE (Prop_DFF_SLICEL_C_Q)
                                                      0.039     1.134 r  hw_i/axi_smc/inst/s00_entry_pipeline/s00_si_converter/inst/gen_axilite_conv.axilite_conv_inst/m_axi_wstrb_i_reg[2]/Q
                         net (fo=1, routed)           0.033     1.167    hw_i/axi_smc/inst/switchboards/i_nodes/i_w_node/inst/inst_mi_handler/gen_normal_area.inst_fifo_node_payld/gen_reg_fifo.inst_reg_fifo/s_sc_payld[21]
    SLICE_X3Y109         FDRE                                         r  hw_i/axi_smc/inst/switchboards/i_nodes/i_w_node/inst/inst_mi_handler/gen_normal_area.inst_fifo_node_payld/gen_reg_fifo.inst_reg_fifo/gen_single_rank.data_reg[38]/D
  -------------------------------------------------------------------    -------------------

                         (clock clk_pl_0 rise edge)
                                                      0.000     0.000 r  
    PS8_X0Y0             PS8                          0.000     0.000 r  hw_i/zynq_ultra_ps_e_0/inst/PS8_i/PLCLK[0]
                         net (fo=1, routed)           0.120     0.120    hw_i/zynq_ultra_ps_e_0/inst/pl_clk_unbuffered[0]
    BUFG_PS_X0Y67        BUFG_PS (Prop_BUFG_PS_I_O)
                                                      0.018     0.138 r  hw_i/zynq_ultra_ps_e_0/inst/buffer_pl_clk_0.PL_CLK_0_BUFG/O
    X0Y1 (CLOCK_ROOT)    net (fo=3796, routed)        1.110     1.248    hw_i/axi_smc/inst/switchboards/i_nodes/i_w_node/inst/inst_mi_handler/gen_normal_area.inst_fifo_node_payld/gen_reg_fifo.inst_reg_fifo/s_sc_aclk
    SLICE_X3Y109         FDRE                                         r  hw_i/axi_smc/inst/switchboards/i_nodes/i_w_node/inst/inst_mi_handler/gen_normal_area.inst_fifo_node_payld/gen_reg_fifo.inst_reg_fifo/gen_single_rank.data_reg[38]/C
                         clock pessimism             -0.148     1.101    
    SLICE_X3Y109         FDRE (Hold_CFF2_SLICEL_C_D)
                                                      0.047     1.148    hw_i/axi_smc/inst/switchboards/i_nodes/i_w_node/inst/inst_mi_handler/gen_normal_area.inst_fifo_node_payld/gen_reg_fifo.inst_reg_fifo/gen_single_rank.data_reg[38]
  -------------------------------------------------------------------
                         required time                         -1.148    
                         arrival time                           1.167    
  -------------------------------------------------------------------
                         slack                                  0.019    





Pulse Width Checks
--------------------------------------------------------------------------------------
Clock Name:         clk_pl_0
Waveform(ns):       { 0.000 5.156 }
Period(ns):         10.312
Sources:            { hw_i/zynq_ultra_ps_e_0/inst/PS8_i/PLCLK[0] }

Check Type        Corner  Lib Pin          Reference Pin  Required(ns)  Actual(ns)  Slack(ns)  Location     Pin
Min Period        n/a     PS8/MAXIGP2ACLK  n/a            3.000         10.312      7.312      PS8_X0Y0     hw_i/zynq_ultra_ps_e_0/inst/PS8_i/MAXIGP2ACLK
Min Period        n/a     PS8/SAXIGP2RCLK  n/a            3.000         10.312      7.312      PS8_X0Y0     hw_i/zynq_ultra_ps_e_0/inst/PS8_i/SAXIGP2RCLK
Min Period        n/a     PS8/SAXIGP2WCLK  n/a            3.000         10.312      7.312      PS8_X0Y0     hw_i/zynq_ultra_ps_e_0/inst/PS8_i/SAXIGP2WCLK
Min Period        n/a     RAMD64E/CLK      n/a            1.064         10.312      9.248      SLICE_X1Y28  hw_i/audio/aic3104_dma_wrapper_0/inst/aic3104_dma/axi_dma_reader/fifo_mem_reg_0_63_0_6/RAMA/CLK
Min Period        n/a     RAMD64E/CLK      n/a            1.064         10.312      9.248      SLICE_X1Y28  hw_i/audio/aic3104_dma_wrapper_0/inst/aic3104_dma/axi_dma_reader/fifo_mem_reg_0_63_0_6/RAMB/CLK
Min Period        n/a     RAMD64E/CLK      n/a            1.064         10.312      9.248      SLICE_X1Y28  hw_i/audio/aic3104_dma_wrapper_0/inst/aic3104_dma/axi_dma_reader/fifo_mem_reg_0_63_0_6/RAMC/CLK
Min Period        n/a     RAMD64E/CLK      n/a            1.064         10.312      9.248      SLICE_X1Y28  hw_i/audio/aic3104_dma_wrapper_0/inst/aic3104_dma/axi_dma_reader/fifo_mem_reg_0_63_0_6/RAMD/CLK
Min Period        n/a     RAMD64E/CLK      n/a            1.064         10.312      9.248      SLICE_X1Y28  hw_i/audio/aic3104_dma_wrapper_0/inst/aic3104_dma/axi_dma_reader/fifo_mem_reg_0_63_0_6/RAME/CLK
Min Period        n/a     RAMD64E/CLK      n/a            1.064         10.312      9.248      SLICE_X1Y28  hw_i/audio/aic3104_dma_wrapper_0/inst/aic3104_dma/axi_dma_reader/fifo_mem_reg_0_63_0_6/RAMF/CLK
Min Period        n/a     RAMD64E/CLK      n/a            1.064         10.312      9.248      SLICE_X1Y28  hw_i/audio/aic3104_dma_wrapper_0/inst/aic3104_dma/axi_dma_reader/fifo_mem_reg_0_63_0_6/RAMG/CLK
Low Pulse Width   Slow    PS8/MAXIGP2ACLK  n/a            1.500         5.156       3.656      PS8_X0Y0     hw_i/zynq_ultra_ps_e_0/inst/PS8_i/MAXIGP2ACLK
Low Pulse Width   Fast    PS8/MAXIGP2ACLK  n/a            1.500         5.156       3.656      PS8_X0Y0     hw_i/zynq_ultra_ps_e_0/inst/PS8_i/MAXIGP2ACLK
Low Pulse Width   Slow    PS8/SAXIGP2RCLK  n/a            1.500         5.156       3.656      PS8_X0Y0     hw_i/zynq_ultra_ps_e_0/inst/PS8_i/SAXIGP2RCLK
Low Pulse Width   Fast    PS8/SAXIGP2RCLK  n/a            1.500         5.156       3.656      PS8_X0Y0     hw_i/zynq_ultra_ps_e_0/inst/PS8_i/SAXIGP2RCLK
Low Pulse Width   Slow    PS8/SAXIGP2WCLK  n/a            1.500         5.156       3.656      PS8_X0Y0     hw_i/zynq_ultra_ps_e_0/inst/PS8_i/SAXIGP2WCLK
Low Pulse Width   Fast    PS8/SAXIGP2WCLK  n/a            1.500         5.156       3.656      PS8_X0Y0     hw_i/zynq_ultra_ps_e_0/inst/PS8_i/SAXIGP2WCLK
Low Pulse Width   Slow    RAMD64E/CLK      n/a            0.532         5.156       4.624      SLICE_X1Y28  hw_i/audio/aic3104_dma_wrapper_0/inst/aic3104_dma/axi_dma_reader/fifo_mem_reg_0_63_0_6/RAMA/CLK
Low Pulse Width   Fast    RAMD64E/CLK      n/a            0.532         5.156       4.624      SLICE_X1Y28  hw_i/audio/aic3104_dma_wrapper_0/inst/aic3104_dma/axi_dma_reader/fifo_mem_reg_0_63_0_6/RAMA/CLK
Low Pulse Width   Slow    RAMD64E/CLK      n/a            0.532         5.156       4.624      SLICE_X1Y28  hw_i/audio/aic3104_dma_wrapper_0/inst/aic3104_dma/axi_dma_reader/fifo_mem_reg_0_63_0_6/RAMB/CLK
Low Pulse Width   Fast    RAMD64E/CLK      n/a            0.532         5.156       4.624      SLICE_X1Y28  hw_i/audio/aic3104_dma_wrapper_0/inst/aic3104_dma/axi_dma_reader/fifo_mem_reg_0_63_0_6/RAMB/CLK
High Pulse Width  Slow    PS8/MAXIGP2ACLK  n/a            1.500         5.156       3.656      PS8_X0Y0     hw_i/zynq_ultra_ps_e_0/inst/PS8_i/MAXIGP2ACLK
High Pulse Width  Fast    PS8/MAXIGP2ACLK  n/a            1.500         5.156       3.656      PS8_X0Y0     hw_i/zynq_ultra_ps_e_0/inst/PS8_i/MAXIGP2ACLK
High Pulse Width  Slow    PS8/SAXIGP2RCLK  n/a            1.500         5.156       3.656      PS8_X0Y0     hw_i/zynq_ultra_ps_e_0/inst/PS8_i/SAXIGP2RCLK
High Pulse Width  Fast    PS8/SAXIGP2RCLK  n/a            1.500         5.156       3.656      PS8_X0Y0     hw_i/zynq_ultra_ps_e_0/inst/PS8_i/SAXIGP2RCLK
High Pulse Width  Slow    PS8/SAXIGP2WCLK  n/a            1.500         5.156       3.656      PS8_X0Y0     hw_i/zynq_ultra_ps_e_0/inst/PS8_i/SAXIGP2WCLK
High Pulse Width  Fast    PS8/SAXIGP2WCLK  n/a            1.500         5.156       3.656      PS8_X0Y0     hw_i/zynq_ultra_ps_e_0/inst/PS8_i/SAXIGP2WCLK
High Pulse Width  Slow    RAMD64E/CLK      n/a            0.532         5.156       4.624      SLICE_X1Y28  hw_i/audio/aic3104_dma_wrapper_0/inst/aic3104_dma/axi_dma_reader/fifo_mem_reg_0_63_0_6/RAMA/CLK
High Pulse Width  Fast    RAMD64E/CLK      n/a            0.532         5.156       4.624      SLICE_X1Y28  hw_i/audio/aic3104_dma_wrapper_0/inst/aic3104_dma/axi_dma_reader/fifo_mem_reg_0_63_0_6/RAMA/CLK
High Pulse Width  Slow    RAMD64E/CLK      n/a            0.532         5.156       4.624      SLICE_X1Y28  hw_i/audio/aic3104_dma_wrapper_0/inst/aic3104_dma/axi_dma_reader/fifo_mem_reg_0_63_0_6/RAMB/CLK
High Pulse Width  Fast    RAMD64E/CLK      n/a            0.532         5.156       4.624      SLICE_X1Y28  hw_i/audio/aic3104_dma_wrapper_0/inst/aic3104_dma/axi_dma_reader/fifo_mem_reg_0_63_0_6/RAMB/CLK



---------------------------------------------------------------------------------------------------
From Clock:  hw_i/audio/clk_wiz_0/inst/clk_in1
  To Clock:  hw_i/audio/clk_wiz_0/inst/clk_in1

Setup :           NA  Failing Endpoints,  Worst Slack           NA  ,  Total Violation           NA
Hold  :           NA  Failing Endpoints,  Worst Slack           NA  ,  Total Violation           NA
PW    :            0  Failing Endpoints,  Worst Slack        2.062ns,  Total Violation        0.000ns
---------------------------------------------------------------------------------------------------


Pulse Width Checks
--------------------------------------------------------------------------------------
Clock Name:         hw_i/audio/clk_wiz_0/inst/clk_in1
Waveform(ns):       { 0.000 5.156 }
Period(ns):         10.312
Sources:            { hw_i/audio/clk_wiz_0/inst/clk_in1 }

Check Type        Corner  Lib Pin            Reference Pin  Required(ns)  Actual(ns)  Slack(ns)  Location   Pin
Min Period        n/a     MMCME4_ADV/CLKIN1  n/a            1.071         10.312      9.241      MMCM_X0Y2  hw_i/audio/clk_wiz_0/inst/mmcme4_adv_inst/CLKIN1
Max Period        n/a     MMCME4_ADV/CLKIN1  n/a            100.000       10.312      89.688     MMCM_X0Y2  hw_i/audio/clk_wiz_0/inst/mmcme4_adv_inst/CLKIN1
Low Pulse Width   Slow    MMCME4_ADV/CLKIN1  n/a            3.094         5.156       2.062      MMCM_X0Y2  hw_i/audio/clk_wiz_0/inst/mmcme4_adv_inst/CLKIN1
Low Pulse Width   Fast    MMCME4_ADV/CLKIN1  n/a            3.094         5.156       2.062      MMCM_X0Y2  hw_i/audio/clk_wiz_0/inst/mmcme4_adv_inst/CLKIN1
High Pulse Width  Slow    MMCME4_ADV/CLKIN1  n/a            3.094         5.156       2.062      MMCM_X0Y2  hw_i/audio/clk_wiz_0/inst/mmcme4_adv_inst/CLKIN1
High Pulse Width  Fast    MMCME4_ADV/CLKIN1  n/a            3.094         5.156       2.062      MMCM_X0Y2  hw_i/audio/clk_wiz_0/inst/mmcme4_adv_inst/CLKIN1



---------------------------------------------------------------------------------------------------
From Clock:  clk_out1_hw_clk_wiz_0_0
  To Clock:  clk_out1_hw_clk_wiz_0_0

Setup :            0  Failing Endpoints,  Worst Slack       78.394ns,  Total Violation        0.000ns
Hold  :            0  Failing Endpoints,  Worst Slack        0.029ns,  Total Violation        0.000ns
PW    :            0  Failing Endpoints,  Worst Slack       40.153ns,  Total Violation        0.000ns
---------------------------------------------------------------------------------------------------


Max Delay Paths
--------------------------------------------------------------------------------------
Slack (MET) :             78.394ns  (required time - arrival time)
  Source:                 hw_i/audio/aic3104_dma_wrapper_0/inst/aic3104_dma/rx_en_reg[1]/C
                            (rising edge-triggered cell FDRE clocked by clk_out1_hw_clk_wiz_0_0  {rise@0.000ns fall@40.685ns period=81.369ns})
  Destination:            hw_i/audio/aic3104_dma_wrapper_0/inst/aic3104_dma/rx_fifo/gnuram_async_fifo.xpm_fifo_base_inst/gen_sdpram.xpm_memory_base_inst/gen_wr_a.gen_word_narrow.mem_reg_0_63_21_27/RAMA/WE
                            (rising edge-triggered cell RAMD64E clocked by clk_out1_hw_clk_wiz_0_0  {rise@0.000ns fall@40.685ns period=81.369ns})
  Path Group:             clk_out1_hw_clk_wiz_0_0
  Path Type:              Setup (Max at Slow Process Corner)
  Requirement:            81.369ns  (clk_out1_hw_clk_wiz_0_0 rise@81.369ns - clk_out1_hw_clk_wiz_0_0 rise@0.000ns)
  Data Path Delay:        2.516ns  (logic 0.393ns (15.622%)  route 2.123ns (84.378%))
  Logic Levels:           3  (LUT2=2 LUT4=1)
  Clock Path Skew:        -0.103ns (DCD - SCD + CPR)
    Destination Clock Delay (DCD):    4.281ns = ( 85.650 - 81.369 ) 
    Source Clock Delay      (SCD):    3.936ns
    Clock Pessimism Removal (CPR):    -0.448ns
  Clock Uncertainty:      0.175ns  ((TSJ^2 + DJ^2)^1/2) / 2 + PE
    Total System Jitter     (TSJ):    0.071ns
    Discrete Jitter          (DJ):    0.344ns
    Phase Error              (PE):    0.000ns
  Clock Net Delay (Source):      1.996ns (routing 0.970ns, distribution 1.026ns)
  Clock Net Delay (Destination): 1.802ns (routing 0.883ns, distribution 0.919ns)

    Location             Delay type                Incr(ns)  Path(ns)    Netlist Resource(s)
  -------------------------------------------------------------------    -------------------
                         (clock clk_out1_hw_clk_wiz_0_0 rise edge)
                                                      0.000     0.000 r  
    BUFG_PS_X0Y67        BUFG_PS                      0.000     0.000 r  hw_i/zynq_ultra_ps_e_0/inst/buffer_pl_clk_0.PL_CLK_0_BUFG/O
                         net (fo=3796, routed)        1.794     1.794    hw_i/audio/clk_wiz_0/inst/clk_in1
    MMCM_X0Y2            MMCME4_ADV (Prop_MMCM_CLKIN1_CLKOUT0)
                                                     -0.127     1.667 r  hw_i/audio/clk_wiz_0/inst/mmcme4_adv_inst/CLKOUT0
                         net (fo=1, routed)           0.245     1.912    hw_i/audio/clk_wiz_0/inst/clk_out1_hw_clk_wiz_0_0
    BUFGCE_X0Y66         BUFGCE (Prop_BUFCE_BUFGCE_I_O)
                                                      0.028     1.940 r  hw_i/audio/clk_wiz_0/inst/clkout1_buf/O
    X0Y1 (CLOCK_ROOT)    net (fo=444, routed)         1.996     3.936    hw_i/audio/aic3104_dma_wrapper_0/inst/aic3104_dma/AIC_mclk_o
    SLICE_X13Y60         FDRE                                         r  hw_i/audio/aic3104_dma_wrapper_0/inst/aic3104_dma/rx_en_reg[1]/C
  -------------------------------------------------------------------    -------------------
    SLICE_X13Y60         FDRE (Prop_AFF2_SLICEL_C_Q)
                                                      0.081     4.017 r  hw_i/audio/aic3104_dma_wrapper_0/inst/aic3104_dma/rx_en_reg[1]/Q
                         net (fo=1, routed)           0.447     4.464    hw_i/audio/aic3104_dma_wrapper_0/inst/aic3104_dma/rx_en[1]
    SLICE_X18Y58         LUT2 (Prop_D5LUT_SLICEL_I0_O)
                                                      0.157     4.621 r  hw_i/audio/aic3104_dma_wrapper_0/inst/aic3104_dma/rx_fifo_i_2/O
                         net (fo=5, routed)           0.378     4.999    hw_i/audio/aic3104_dma_wrapper_0/inst/aic3104_dma/rx_fifo/gnuram_async_fifo.xpm_fifo_base_inst/xpm_fifo_rst_inst/wr_en
    SLICE_X22Y44         LUT4 (Prop_B5LUT_SLICEL_I0_O)
                                                      0.104     5.103 r  hw_i/audio/aic3104_dma_wrapper_0/inst/aic3104_dma/rx_fifo/gnuram_async_fifo.xpm_fifo_base_inst/xpm_fifo_rst_inst/gen_sdpram.xpm_memory_base_inst_i_1/O
                         net (fo=27, routed)          0.362     5.466    hw_i/audio/aic3104_dma_wrapper_0/inst/aic3104_dma/rx_fifo/gnuram_async_fifo.xpm_fifo_base_inst/gen_sdpram.xpm_memory_base_inst/wea[0]
    SLICE_X18Y40         LUT2 (Prop_H6LUT_SLICEL_I0_O)
                                                      0.051     5.517 r  hw_i/audio/aic3104_dma_wrapper_0/inst/aic3104_dma/rx_fifo/gnuram_async_fifo.xpm_fifo_base_inst/gen_sdpram.xpm_memory_base_inst/gen_wr_a.gen_word_narrow.mem_reg_0_63_0_6_i_1/O
                         net (fo=40, routed)          0.935     6.452    hw_i/audio/aic3104_dma_wrapper_0/inst/aic3104_dma/rx_fifo/gnuram_async_fifo.xpm_fifo_base_inst/gen_sdpram.xpm_memory_base_inst/gen_wr_a.gen_word_narrow.mem_reg_0_63_21_27/WE
    SLICE_X16Y26         RAMD64E                                      r  hw_i/audio/aic3104_dma_wrapper_0/inst/aic3104_dma/rx_fifo/gnuram_async_fifo.xpm_fifo_base_inst/gen_sdpram.xpm_memory_base_inst/gen_wr_a.gen_word_narrow.mem_reg_0_63_21_27/RAMA/WE
  -------------------------------------------------------------------    -------------------

                         (clock clk_out1_hw_clk_wiz_0_0 rise edge)
                                                     81.369    81.369 r  
    BUFG_PS_X0Y67        BUFG_PS                      0.000    81.369 r  hw_i/zynq_ultra_ps_e_0/inst/buffer_pl_clk_0.PL_CLK_0_BUFG/O
                         net (fo=3796, routed)        1.610    82.979    hw_i/audio/clk_wiz_0/inst/clk_in1
    MMCM_X0Y2            MMCME4_ADV (Prop_MMCM_CLKIN1_CLKOUT0)
                                                      0.630    83.609 r  hw_i/audio/clk_wiz_0/inst/mmcme4_adv_inst/CLKOUT0
                         net (fo=1, routed)           0.215    83.824    hw_i/audio/clk_wiz_0/inst/clk_out1_hw_clk_wiz_0_0
    BUFGCE_X0Y66         BUFGCE (Prop_BUFCE_BUFGCE_I_O)
                                                      0.024    83.848 r  hw_i/audio/clk_wiz_0/inst/clkout1_buf/O
    X0Y1 (CLOCK_ROOT)    net (fo=444, routed)         1.802    85.650    hw_i/audio/aic3104_dma_wrapper_0/inst/aic3104_dma/rx_fifo/gnuram_async_fifo.xpm_fifo_base_inst/gen_sdpram.xpm_memory_base_inst/gen_wr_a.gen_word_narrow.mem_reg_0_63_21_27/WCLK
    SLICE_X16Y26         RAMD64E                                      r  hw_i/audio/aic3104_dma_wrapper_0/inst/aic3104_dma/rx_fifo/gnuram_async_fifo.xpm_fifo_base_inst/gen_sdpram.xpm_memory_base_inst/gen_wr_a.gen_word_narrow.mem_reg_0_63_21_27/RAMA/CLK
                         clock pessimism             -0.448    85.202    
                         clock uncertainty           -0.175    85.026    
    SLICE_X16Y26         RAMD64E (Setup_A6LUT_SLICEM_CLK_WE)
                                                     -0.180    84.846    hw_i/audio/aic3104_dma_wrapper_0/inst/aic3104_dma/rx_fifo/gnuram_async_fifo.xpm_fifo_base_inst/gen_sdpram.xpm_memory_base_inst/gen_wr_a.gen_word_narrow.mem_reg_0_63_21_27/RAMA
  -------------------------------------------------------------------
                         required time                         84.846    
                         arrival time                          -6.452    
  -------------------------------------------------------------------
                         slack                                 78.394    

Slack (MET) :             78.394ns  (required time - arrival time)
  Source:                 hw_i/audio/aic3104_dma_wrapper_0/inst/aic3104_dma/rx_en_reg[1]/C
                            (rising edge-triggered cell FDRE clocked by clk_out1_hw_clk_wiz_0_0  {rise@0.000ns fall@40.685ns period=81.369ns})
  Destination:            hw_i/audio/aic3104_dma_wrapper_0/inst/aic3104_dma/rx_fifo/gnuram_async_fifo.xpm_fifo_base_inst/gen_sdpram.xpm_memory_base_inst/gen_wr_a.gen_word_narrow.mem_reg_0_63_21_27/RAMB/WE
                            (rising edge-triggered cell RAMD64E clocked by clk_out1_hw_clk_wiz_0_0  {rise@0.000ns fall@40.685ns period=81.369ns})
  Path Group:             clk_out1_hw_clk_wiz_0_0
  Path Type:              Setup (Max at Slow Process Corner)
  Requirement:            81.369ns  (clk_out1_hw_clk_wiz_0_0 rise@81.369ns - clk_out1_hw_clk_wiz_0_0 rise@0.000ns)
  Data Path Delay:        2.516ns  (logic 0.393ns (15.622%)  route 2.123ns (84.378%))
  Logic Levels:           3  (LUT2=2 LUT4=1)
  Clock Path Skew:        -0.103ns (DCD - SCD + CPR)
    Destination Clock Delay (DCD):    4.281ns = ( 85.650 - 81.369 ) 
    Source Clock Delay      (SCD):    3.936ns
    Clock Pessimism Removal (CPR):    -0.448ns
  Clock Uncertainty:      0.175ns  ((TSJ^2 + DJ^2)^1/2) / 2 + PE
    Total System Jitter     (TSJ):    0.071ns
    Discrete Jitter          (DJ):    0.344ns
    Phase Error              (PE):    0.000ns
  Clock Net Delay (Source):      1.996ns (routing 0.970ns, distribution 1.026ns)
  Clock Net Delay (Destination): 1.802ns (routing 0.883ns, distribution 0.919ns)

    Location             Delay type                Incr(ns)  Path(ns)    Netlist Resource(s)
  -------------------------------------------------------------------    -------------------
                         (clock clk_out1_hw_clk_wiz_0_0 rise edge)
                                                      0.000     0.000 r  
    BUFG_PS_X0Y67        BUFG_PS                      0.000     0.000 r  hw_i/zynq_ultra_ps_e_0/inst/buffer_pl_clk_0.PL_CLK_0_BUFG/O
                         net (fo=3796, routed)        1.794     1.794    hw_i/audio/clk_wiz_0/inst/clk_in1
    MMCM_X0Y2            MMCME4_ADV (Prop_MMCM_CLKIN1_CLKOUT0)
                                                     -0.127     1.667 r  hw_i/audio/clk_wiz_0/inst/mmcme4_adv_inst/CLKOUT0
                         net (fo=1, routed)           0.245     1.912    hw_i/audio/clk_wiz_0/inst/clk_out1_hw_clk_wiz_0_0
    BUFGCE_X0Y66         BUFGCE (Prop_BUFCE_BUFGCE_I_O)
                                                      0.028     1.940 r  hw_i/audio/clk_wiz_0/inst/clkout1_buf/O
    X0Y1 (CLOCK_ROOT)    net (fo=444, routed)         1.996     3.936    hw_i/audio/aic3104_dma_wrapper_0/inst/aic3104_dma/AIC_mclk_o
    SLICE_X13Y60         FDRE                                         r  hw_i/audio/aic3104_dma_wrapper_0/inst/aic3104_dma/rx_en_reg[1]/C
  -------------------------------------------------------------------    -------------------
    SLICE_X13Y60         FDRE (Prop_AFF2_SLICEL_C_Q)
                                                      0.081     4.017 r  hw_i/audio/aic3104_dma_wrapper_0/inst/aic3104_dma/rx_en_reg[1]/Q
                         net (fo=1, routed)           0.447     4.464    hw_i/audio/aic3104_dma_wrapper_0/inst/aic3104_dma/rx_en[1]
    SLICE_X18Y58         LUT2 (Prop_D5LUT_SLICEL_I0_O)
                                                      0.157     4.621 r  hw_i/audio/aic3104_dma_wrapper_0/inst/aic3104_dma/rx_fifo_i_2/O
                         net (fo=5, routed)           0.378     4.999    hw_i/audio/aic3104_dma_wrapper_0/inst/aic3104_dma/rx_fifo/gnuram_async_fifo.xpm_fifo_base_inst/xpm_fifo_rst_inst/wr_en
    SLICE_X22Y44         LUT4 (Prop_B5LUT_SLICEL_I0_O)
                                                      0.104     5.103 r  hw_i/audio/aic3104_dma_wrapper_0/inst/aic3104_dma/rx_fifo/gnuram_async_fifo.xpm_fifo_base_inst/xpm_fifo_rst_inst/gen_sdpram.xpm_memory_base_inst_i_1/O
                         net (fo=27, routed)          0.362     5.466    hw_i/audio/aic3104_dma_wrapper_0/inst/aic3104_dma/rx_fifo/gnuram_async_fifo.xpm_fifo_base_inst/gen_sdpram.xpm_memory_base_inst/wea[0]
    SLICE_X18Y40         LUT2 (Prop_H6LUT_SLICEL_I0_O)
                                                      0.051     5.517 r  hw_i/audio/aic3104_dma_wrapper_0/inst/aic3104_dma/rx_fifo/gnuram_async_fifo.xpm_fifo_base_inst/gen_sdpram.xpm_memory_base_inst/gen_wr_a.gen_word_narrow.mem_reg_0_63_0_6_i_1/O
                         net (fo=40, routed)          0.935     6.452    hw_i/audio/aic3104_dma_wrapper_0/inst/aic3104_dma/rx_fifo/gnuram_async_fifo.xpm_fifo_base_inst/gen_sdpram.xpm_memory_base_inst/gen_wr_a.gen_word_narrow.mem_reg_0_63_21_27/WE
    SLICE_X16Y26         RAMD64E                                      r  hw_i/audio/aic3104_dma_wrapper_0/inst/aic3104_dma/rx_fifo/gnuram_async_fifo.xpm_fifo_base_inst/gen_sdpram.xpm_memory_base_inst/gen_wr_a.gen_word_narrow.mem_reg_0_63_21_27/RAMB/WE
  -------------------------------------------------------------------    -------------------

                         (clock clk_out1_hw_clk_wiz_0_0 rise edge)
                                                     81.369    81.369 r  
    BUFG_PS_X0Y67        BUFG_PS                      0.000    81.369 r  hw_i/zynq_ultra_ps_e_0/inst/buffer_pl_clk_0.PL_CLK_0_BUFG/O
                         net (fo=3796, routed)        1.610    82.979    hw_i/audio/clk_wiz_0/inst/clk_in1
    MMCM_X0Y2            MMCME4_ADV (Prop_MMCM_CLKIN1_CLKOUT0)
                                                      0.630    83.609 r  hw_i/audio/clk_wiz_0/inst/mmcme4_adv_inst/CLKOUT0
                         net (fo=1, routed)           0.215    83.824    hw_i/audio/clk_wiz_0/inst/clk_out1_hw_clk_wiz_0_0
    BUFGCE_X0Y66         BUFGCE (Prop_BUFCE_BUFGCE_I_O)
                                                      0.024    83.848 r  hw_i/audio/clk_wiz_0/inst/clkout1_buf/O
    X0Y1 (CLOCK_ROOT)    net (fo=444, routed)         1.802    85.650    hw_i/audio/aic3104_dma_wrapper_0/inst/aic3104_dma/rx_fifo/gnuram_async_fifo.xpm_fifo_base_inst/gen_sdpram.xpm_memory_base_inst/gen_wr_a.gen_word_narrow.mem_reg_0_63_21_27/WCLK
    SLICE_X16Y26         RAMD64E                                      r  hw_i/audio/aic3104_dma_wrapper_0/inst/aic3104_dma/rx_fifo/gnuram_async_fifo.xpm_fifo_base_inst/gen_sdpram.xpm_memory_base_inst/gen_wr_a.gen_word_narrow.mem_reg_0_63_21_27/RAMB/CLK
                         clock pessimism             -0.448    85.202    
                         clock uncertainty           -0.175    85.026    
    SLICE_X16Y26         RAMD64E (Setup_B6LUT_SLICEM_CLK_WE)
                                                     -0.180    84.846    hw_i/audio/aic3104_dma_wrapper_0/inst/aic3104_dma/rx_fifo/gnuram_async_fifo.xpm_fifo_base_inst/gen_sdpram.xpm_memory_base_inst/gen_wr_a.gen_word_narrow.mem_reg_0_63_21_27/RAMB
  -------------------------------------------------------------------
                         required time                         84.846    
                         arrival time                          -6.452    
  -------------------------------------------------------------------
                         slack                                 78.394    

Slack (MET) :             78.394ns  (required time - arrival time)
  Source:                 hw_i/audio/aic3104_dma_wrapper_0/inst/aic3104_dma/rx_en_reg[1]/C
                            (rising edge-triggered cell FDRE clocked by clk_out1_hw_clk_wiz_0_0  {rise@0.000ns fall@40.685ns period=81.369ns})
  Destination:            hw_i/audio/aic3104_dma_wrapper_0/inst/aic3104_dma/rx_fifo/gnuram_async_fifo.xpm_fifo_base_inst/gen_sdpram.xpm_memory_base_inst/gen_wr_a.gen_word_narrow.mem_reg_0_63_21_27/RAMC/WE
                            (rising edge-triggered cell RAMD64E clocked by clk_out1_hw_clk_wiz_0_0  {rise@0.000ns fall@40.685ns period=81.369ns})
  Path Group:             clk_out1_hw_clk_wiz_0_0
  Path Type:              Setup (Max at Slow Process Corner)
  Requirement:            81.369ns  (clk_out1_hw_clk_wiz_0_0 rise@81.369ns - clk_out1_hw_clk_wiz_0_0 rise@0.000ns)
  Data Path Delay:        2.516ns  (logic 0.393ns (15.622%)  route 2.123ns (84.378%))
  Logic Levels:           3  (LUT2=2 LUT4=1)
  Clock Path Skew:        -0.103ns (DCD - SCD + CPR)
    Destination Clock Delay (DCD):    4.281ns = ( 85.650 - 81.369 ) 
    Source Clock Delay      (SCD):    3.936ns
    Clock Pessimism Removal (CPR):    -0.448ns
  Clock Uncertainty:      0.175ns  ((TSJ^2 + DJ^2)^1/2) / 2 + PE
    Total System Jitter     (TSJ):    0.071ns
    Discrete Jitter          (DJ):    0.344ns
    Phase Error              (PE):    0.000ns
  Clock Net Delay (Source):      1.996ns (routing 0.970ns, distribution 1.026ns)
  Clock Net Delay (Destination): 1.802ns (routing 0.883ns, distribution 0.919ns)

    Location             Delay type                Incr(ns)  Path(ns)    Netlist Resource(s)
  -------------------------------------------------------------------    -------------------
                         (clock clk_out1_hw_clk_wiz_0_0 rise edge)
                                                      0.000     0.000 r  
    BUFG_PS_X0Y67        BUFG_PS                      0.000     0.000 r  hw_i/zynq_ultra_ps_e_0/inst/buffer_pl_clk_0.PL_CLK_0_BUFG/O
                         net (fo=3796, routed)        1.794     1.794    hw_i/audio/clk_wiz_0/inst/clk_in1
    MMCM_X0Y2            MMCME4_ADV (Prop_MMCM_CLKIN1_CLKOUT0)
                                                     -0.127     1.667 r  hw_i/audio/clk_wiz_0/inst/mmcme4_adv_inst/CLKOUT0
                         net (fo=1, routed)           0.245     1.912    hw_i/audio/clk_wiz_0/inst/clk_out1_hw_clk_wiz_0_0
    BUFGCE_X0Y66         BUFGCE (Prop_BUFCE_BUFGCE_I_O)
                                                      0.028     1.940 r  hw_i/audio/clk_wiz_0/inst/clkout1_buf/O
    X0Y1 (CLOCK_ROOT)    net (fo=444, routed)         1.996     3.936    hw_i/audio/aic3104_dma_wrapper_0/inst/aic3104_dma/AIC_mclk_o
    SLICE_X13Y60         FDRE                                         r  hw_i/audio/aic3104_dma_wrapper_0/inst/aic3104_dma/rx_en_reg[1]/C
  -------------------------------------------------------------------    -------------------
    SLICE_X13Y60         FDRE (Prop_AFF2_SLICEL_C_Q)
                                                      0.081     4.017 r  hw_i/audio/aic3104_dma_wrapper_0/inst/aic3104_dma/rx_en_reg[1]/Q
                         net (fo=1, routed)           0.447     4.464    hw_i/audio/aic3104_dma_wrapper_0/inst/aic3104_dma/rx_en[1]
    SLICE_X18Y58         LUT2 (Prop_D5LUT_SLICEL_I0_O)
                                                      0.157     4.621 r  hw_i/audio/aic3104_dma_wrapper_0/inst/aic3104_dma/rx_fifo_i_2/O
                         net (fo=5, routed)           0.378     4.999    hw_i/audio/aic3104_dma_wrapper_0/inst/aic3104_dma/rx_fifo/gnuram_async_fifo.xpm_fifo_base_inst/xpm_fifo_rst_inst/wr_en
    SLICE_X22Y44         LUT4 (Prop_B5LUT_SLICEL_I0_O)
                                                      0.104     5.103 r  hw_i/audio/aic3104_dma_wrapper_0/inst/aic3104_dma/rx_fifo/gnuram_async_fifo.xpm_fifo_base_inst/xpm_fifo_rst_inst/gen_sdpram.xpm_memory_base_inst_i_1/O
                         net (fo=27, routed)          0.362     5.466    hw_i/audio/aic3104_dma_wrapper_0/inst/aic3104_dma/rx_fifo/gnuram_async_fifo.xpm_fifo_base_inst/gen_sdpram.xpm_memory_base_inst/wea[0]
    SLICE_X18Y40         LUT2 (Prop_H6LUT_SLICEL_I0_O)
                                                      0.051     5.517 r  hw_i/audio/aic3104_dma_wrapper_0/inst/aic3104_dma/rx_fifo/gnuram_async_fifo.xpm_fifo_base_inst/gen_sdpram.xpm_memory_base_inst/gen_wr_a.gen_word_narrow.mem_reg_0_63_0_6_i_1/O
                         net (fo=40, routed)          0.935     6.452    hw_i/audio/aic3104_dma_wrapper_0/inst/aic3104_dma/rx_fifo/gnuram_async_fifo.xpm_fifo_base_inst/gen_sdpram.xpm_memory_base_inst/gen_wr_a.gen_word_narrow.mem_reg_0_63_21_27/WE
    SLICE_X16Y26         RAMD64E                                      r  hw_i/audio/aic3104_dma_wrapper_0/inst/aic3104_dma/rx_fifo/gnuram_async_fifo.xpm_fifo_base_inst/gen_sdpram.xpm_memory_base_inst/gen_wr_a.gen_word_narrow.mem_reg_0_63_21_27/RAMC/WE
  -------------------------------------------------------------------    -------------------

                         (clock clk_out1_hw_clk_wiz_0_0 rise edge)
                                                     81.369    81.369 r  
    BUFG_PS_X0Y67        BUFG_PS                      0.000    81.369 r  hw_i/zynq_ultra_ps_e_0/inst/buffer_pl_clk_0.PL_CLK_0_BUFG/O
                         net (fo=3796, routed)        1.610    82.979    hw_i/audio/clk_wiz_0/inst/clk_in1
    MMCM_X0Y2            MMCME4_ADV (Prop_MMCM_CLKIN1_CLKOUT0)
                                                      0.630    83.609 r  hw_i/audio/clk_wiz_0/inst/mmcme4_adv_inst/CLKOUT0
                         net (fo=1, routed)           0.215    83.824    hw_i/audio/clk_wiz_0/inst/clk_out1_hw_clk_wiz_0_0
    BUFGCE_X0Y66         BUFGCE (Prop_BUFCE_BUFGCE_I_O)
                                                      0.024    83.848 r  hw_i/audio/clk_wiz_0/inst/clkout1_buf/O
    X0Y1 (CLOCK_ROOT)    net (fo=444, routed)         1.802    85.650    hw_i/audio/aic3104_dma_wrapper_0/inst/aic3104_dma/rx_fifo/gnuram_async_fifo.xpm_fifo_base_inst/gen_sdpram.xpm_memory_base_inst/gen_wr_a.gen_word_narrow.mem_reg_0_63_21_27/WCLK
    SLICE_X16Y26         RAMD64E                                      r  hw_i/audio/aic3104_dma_wrapper_0/inst/aic3104_dma/rx_fifo/gnuram_async_fifo.xpm_fifo_base_inst/gen_sdpram.xpm_memory_base_inst/gen_wr_a.gen_word_narrow.mem_reg_0_63_21_27/RAMC/CLK
                         clock pessimism             -0.448    85.202    
                         clock uncertainty           -0.175    85.026    
    SLICE_X16Y26         RAMD64E (Setup_C6LUT_SLICEM_CLK_WE)
                                                     -0.180    84.846    hw_i/audio/aic3104_dma_wrapper_0/inst/aic3104_dma/rx_fifo/gnuram_async_fifo.xpm_fifo_base_inst/gen_sdpram.xpm_memory_base_inst/gen_wr_a.gen_word_narrow.mem_reg_0_63_21_27/RAMC
  -------------------------------------------------------------------
                         required time                         84.846    
                         arrival time                          -6.452    
  -------------------------------------------------------------------
                         slack                                 78.394    

Slack (MET) :             78.394ns  (required time - arrival time)
  Source:                 hw_i/audio/aic3104_dma_wrapper_0/inst/aic3104_dma/rx_en_reg[1]/C
                            (rising edge-triggered cell FDRE clocked by clk_out1_hw_clk_wiz_0_0  {rise@0.000ns fall@40.685ns period=81.369ns})
  Destination:            hw_i/audio/aic3104_dma_wrapper_0/inst/aic3104_dma/rx_fifo/gnuram_async_fifo.xpm_fifo_base_inst/gen_sdpram.xpm_memory_base_inst/gen_wr_a.gen_word_narrow.mem_reg_0_63_21_27/RAMD/WE
                            (rising edge-triggered cell RAMD64E clocked by clk_out1_hw_clk_wiz_0_0  {rise@0.000ns fall@40.685ns period=81.369ns})
  Path Group:             clk_out1_hw_clk_wiz_0_0
  Path Type:              Setup (Max at Slow Process Corner)
  Requirement:            81.369ns  (clk_out1_hw_clk_wiz_0_0 rise@81.369ns - clk_out1_hw_clk_wiz_0_0 rise@0.000ns)
  Data Path Delay:        2.516ns  (logic 0.393ns (15.622%)  route 2.123ns (84.378%))
  Logic Levels:           3  (LUT2=2 LUT4=1)
  Clock Path Skew:        -0.103ns (DCD - SCD + CPR)
    Destination Clock Delay (DCD):    4.281ns = ( 85.650 - 81.369 ) 
    Source Clock Delay      (SCD):    3.936ns
    Clock Pessimism Removal (CPR):    -0.448ns
  Clock Uncertainty:      0.175ns  ((TSJ^2 + DJ^2)^1/2) / 2 + PE
    Total System Jitter     (TSJ):    0.071ns
    Discrete Jitter          (DJ):    0.344ns
    Phase Error              (PE):    0.000ns
  Clock Net Delay (Source):      1.996ns (routing 0.970ns, distribution 1.026ns)
  Clock Net Delay (Destination): 1.802ns (routing 0.883ns, distribution 0.919ns)

    Location             Delay type                Incr(ns)  Path(ns)    Netlist Resource(s)
  -------------------------------------------------------------------    -------------------
                         (clock clk_out1_hw_clk_wiz_0_0 rise edge)
                                                      0.000     0.000 r  
    BUFG_PS_X0Y67        BUFG_PS                      0.000     0.000 r  hw_i/zynq_ultra_ps_e_0/inst/buffer_pl_clk_0.PL_CLK_0_BUFG/O
                         net (fo=3796, routed)        1.794     1.794    hw_i/audio/clk_wiz_0/inst/clk_in1
    MMCM_X0Y2            MMCME4_ADV (Prop_MMCM_CLKIN1_CLKOUT0)
                                                     -0.127     1.667 r  hw_i/audio/clk_wiz_0/inst/mmcme4_adv_inst/CLKOUT0
                         net (fo=1, routed)           0.245     1.912    hw_i/audio/clk_wiz_0/inst/clk_out1_hw_clk_wiz_0_0
    BUFGCE_X0Y66         BUFGCE (Prop_BUFCE_BUFGCE_I_O)
                                                      0.028     1.940 r  hw_i/audio/clk_wiz_0/inst/clkout1_buf/O
    X0Y1 (CLOCK_ROOT)    net (fo=444, routed)         1.996     3.936    hw_i/audio/aic3104_dma_wrapper_0/inst/aic3104_dma/AIC_mclk_o
    SLICE_X13Y60         FDRE                                         r  hw_i/audio/aic3104_dma_wrapper_0/inst/aic3104_dma/rx_en_reg[1]/C
  -------------------------------------------------------------------    -------------------
    SLICE_X13Y60         FDRE (Prop_AFF2_SLICEL_C_Q)
                                                      0.081     4.017 r  hw_i/audio/aic3104_dma_wrapper_0/inst/aic3104_dma/rx_en_reg[1]/Q
                         net (fo=1, routed)           0.447     4.464    hw_i/audio/aic3104_dma_wrapper_0/inst/aic3104_dma/rx_en[1]
    SLICE_X18Y58         LUT2 (Prop_D5LUT_SLICEL_I0_O)
                                                      0.157     4.621 r  hw_i/audio/aic3104_dma_wrapper_0/inst/aic3104_dma/rx_fifo_i_2/O
                         net (fo=5, routed)           0.378     4.999    hw_i/audio/aic3104_dma_wrapper_0/inst/aic3104_dma/rx_fifo/gnuram_async_fifo.xpm_fifo_base_inst/xpm_fifo_rst_inst/wr_en
    SLICE_X22Y44         LUT4 (Prop_B5LUT_SLICEL_I0_O)
                                                      0.104     5.103 r  hw_i/audio/aic3104_dma_wrapper_0/inst/aic3104_dma/rx_fifo/gnuram_async_fifo.xpm_fifo_base_inst/xpm_fifo_rst_inst/gen_sdpram.xpm_memory_base_inst_i_1/O
                         net (fo=27, routed)          0.362     5.466    hw_i/audio/aic3104_dma_wrapper_0/inst/aic3104_dma/rx_fifo/gnuram_async_fifo.xpm_fifo_base_inst/gen_sdpram.xpm_memory_base_inst/wea[0]
    SLICE_X18Y40         LUT2 (Prop_H6LUT_SLICEL_I0_O)
                                                      0.051     5.517 r  hw_i/audio/aic3104_dma_wrapper_0/inst/aic3104_dma/rx_fifo/gnuram_async_fifo.xpm_fifo_base_inst/gen_sdpram.xpm_memory_base_inst/gen_wr_a.gen_word_narrow.mem_reg_0_63_0_6_i_1/O
                         net (fo=40, routed)          0.935     6.452    hw_i/audio/aic3104_dma_wrapper_0/inst/aic3104_dma/rx_fifo/gnuram_async_fifo.xpm_fifo_base_inst/gen_sdpram.xpm_memory_base_inst/gen_wr_a.gen_word_narrow.mem_reg_0_63_21_27/WE
    SLICE_X16Y26         RAMD64E                                      r  hw_i/audio/aic3104_dma_wrapper_0/inst/aic3104_dma/rx_fifo/gnuram_async_fifo.xpm_fifo_base_inst/gen_sdpram.xpm_memory_base_inst/gen_wr_a.gen_word_narrow.mem_reg_0_63_21_27/RAMD/WE
  -------------------------------------------------------------------    -------------------

                         (clock clk_out1_hw_clk_wiz_0_0 rise edge)
                                                     81.369    81.369 r  
    BUFG_PS_X0Y67        BUFG_PS                      0.000    81.369 r  hw_i/zynq_ultra_ps_e_0/inst/buffer_pl_clk_0.PL_CLK_0_BUFG/O
                         net (fo=3796, routed)        1.610    82.979    hw_i/audio/clk_wiz_0/inst/clk_in1
    MMCM_X0Y2            MMCME4_ADV (Prop_MMCM_CLKIN1_CLKOUT0)
                                                      0.630    83.609 r  hw_i/audio/clk_wiz_0/inst/mmcme4_adv_inst/CLKOUT0
                         net (fo=1, routed)           0.215    83.824    hw_i/audio/clk_wiz_0/inst/clk_out1_hw_clk_wiz_0_0
    BUFGCE_X0Y66         BUFGCE (Prop_BUFCE_BUFGCE_I_O)
                                                      0.024    83.848 r  hw_i/audio/clk_wiz_0/inst/clkout1_buf/O
    X0Y1 (CLOCK_ROOT)    net (fo=444, routed)         1.802    85.650    hw_i/audio/aic3104_dma_wrapper_0/inst/aic3104_dma/rx_fifo/gnuram_async_fifo.xpm_fifo_base_inst/gen_sdpram.xpm_memory_base_inst/gen_wr_a.gen_word_narrow.mem_reg_0_63_21_27/WCLK
    SLICE_X16Y26         RAMD64E                                      r  hw_i/audio/aic3104_dma_wrapper_0/inst/aic3104_dma/rx_fifo/gnuram_async_fifo.xpm_fifo_base_inst/gen_sdpram.xpm_memory_base_inst/gen_wr_a.gen_word_narrow.mem_reg_0_63_21_27/RAMD/CLK
                         clock pessimism             -0.448    85.202    
                         clock uncertainty           -0.175    85.026    
    SLICE_X16Y26         RAMD64E (Setup_D6LUT_SLICEM_CLK_WE)
                                                     -0.180    84.846    hw_i/audio/aic3104_dma_wrapper_0/inst/aic3104_dma/rx_fifo/gnuram_async_fifo.xpm_fifo_base_inst/gen_sdpram.xpm_memory_base_inst/gen_wr_a.gen_word_narrow.mem_reg_0_63_21_27/RAMD
  -------------------------------------------------------------------
                         required time                         84.846    
                         arrival time                          -6.452    
  -------------------------------------------------------------------
                         slack                                 78.394    

Slack (MET) :             78.394ns  (required time - arrival time)
  Source:                 hw_i/audio/aic3104_dma_wrapper_0/inst/aic3104_dma/rx_en_reg[1]/C
                            (rising edge-triggered cell FDRE clocked by clk_out1_hw_clk_wiz_0_0  {rise@0.000ns fall@40.685ns period=81.369ns})
  Destination:            hw_i/audio/aic3104_dma_wrapper_0/inst/aic3104_dma/rx_fifo/gnuram_async_fifo.xpm_fifo_base_inst/gen_sdpram.xpm_memory_base_inst/gen_wr_a.gen_word_narrow.mem_reg_0_63_21_27/RAME/WE
                            (rising edge-triggered cell RAMD64E clocked by clk_out1_hw_clk_wiz_0_0  {rise@0.000ns fall@40.685ns period=81.369ns})
  Path Group:             clk_out1_hw_clk_wiz_0_0
  Path Type:              Setup (Max at Slow Process Corner)
  Requirement:            81.369ns  (clk_out1_hw_clk_wiz_0_0 rise@81.369ns - clk_out1_hw_clk_wiz_0_0 rise@0.000ns)
  Data Path Delay:        2.516ns  (logic 0.393ns (15.622%)  route 2.123ns (84.378%))
  Logic Levels:           3  (LUT2=2 LUT4=1)
  Clock Path Skew:        -0.103ns (DCD - SCD + CPR)
    Destination Clock Delay (DCD):    4.281ns = ( 85.650 - 81.369 ) 
    Source Clock Delay      (SCD):    3.936ns
    Clock Pessimism Removal (CPR):    -0.448ns
  Clock Uncertainty:      0.175ns  ((TSJ^2 + DJ^2)^1/2) / 2 + PE
    Total System Jitter     (TSJ):    0.071ns
    Discrete Jitter          (DJ):    0.344ns
    Phase Error              (PE):    0.000ns
  Clock Net Delay (Source):      1.996ns (routing 0.970ns, distribution 1.026ns)
  Clock Net Delay (Destination): 1.802ns (routing 0.883ns, distribution 0.919ns)

    Location             Delay type                Incr(ns)  Path(ns)    Netlist Resource(s)
  -------------------------------------------------------------------    -------------------
                         (clock clk_out1_hw_clk_wiz_0_0 rise edge)
                                                      0.000     0.000 r  
    BUFG_PS_X0Y67        BUFG_PS                      0.000     0.000 r  hw_i/zynq_ultra_ps_e_0/inst/buffer_pl_clk_0.PL_CLK_0_BUFG/O
                         net (fo=3796, routed)        1.794     1.794    hw_i/audio/clk_wiz_0/inst/clk_in1
    MMCM_X0Y2            MMCME4_ADV (Prop_MMCM_CLKIN1_CLKOUT0)
                                                     -0.127     1.667 r  hw_i/audio/clk_wiz_0/inst/mmcme4_adv_inst/CLKOUT0
                         net (fo=1, routed)           0.245     1.912    hw_i/audio/clk_wiz_0/inst/clk_out1_hw_clk_wiz_0_0
    BUFGCE_X0Y66         BUFGCE (Prop_BUFCE_BUFGCE_I_O)
                                                      0.028     1.940 r  hw_i/audio/clk_wiz_0/inst/clkout1_buf/O
    X0Y1 (CLOCK_ROOT)    net (fo=444, routed)         1.996     3.936    hw_i/audio/aic3104_dma_wrapper_0/inst/aic3104_dma/AIC_mclk_o
    SLICE_X13Y60         FDRE                                         r  hw_i/audio/aic3104_dma_wrapper_0/inst/aic3104_dma/rx_en_reg[1]/C
  -------------------------------------------------------------------    -------------------
    SLICE_X13Y60         FDRE (Prop_AFF2_SLICEL_C_Q)
                                                      0.081     4.017 r  hw_i/audio/aic3104_dma_wrapper_0/inst/aic3104_dma/rx_en_reg[1]/Q
                         net (fo=1, routed)           0.447     4.464    hw_i/audio/aic3104_dma_wrapper_0/inst/aic3104_dma/rx_en[1]
    SLICE_X18Y58         LUT2 (Prop_D5LUT_SLICEL_I0_O)
                                                      0.157     4.621 r  hw_i/audio/aic3104_dma_wrapper_0/inst/aic3104_dma/rx_fifo_i_2/O
                         net (fo=5, routed)           0.378     4.999    hw_i/audio/aic3104_dma_wrapper_0/inst/aic3104_dma/rx_fifo/gnuram_async_fifo.xpm_fifo_base_inst/xpm_fifo_rst_inst/wr_en
    SLICE_X22Y44         LUT4 (Prop_B5LUT_SLICEL_I0_O)
                                                      0.104     5.103 r  hw_i/audio/aic3104_dma_wrapper_0/inst/aic3104_dma/rx_fifo/gnuram_async_fifo.xpm_fifo_base_inst/xpm_fifo_rst_inst/gen_sdpram.xpm_memory_base_inst_i_1/O
                         net (fo=27, routed)          0.362     5.466    hw_i/audio/aic3104_dma_wrapper_0/inst/aic3104_dma/rx_fifo/gnuram_async_fifo.xpm_fifo_base_inst/gen_sdpram.xpm_memory_base_inst/wea[0]
    SLICE_X18Y40         LUT2 (Prop_H6LUT_SLICEL_I0_O)
                                                      0.051     5.517 r  hw_i/audio/aic3104_dma_wrapper_0/inst/aic3104_dma/rx_fifo/gnuram_async_fifo.xpm_fifo_base_inst/gen_sdpram.xpm_memory_base_inst/gen_wr_a.gen_word_narrow.mem_reg_0_63_0_6_i_1/O
                         net (fo=40, routed)          0.935     6.452    hw_i/audio/aic3104_dma_wrapper_0/inst/aic3104_dma/rx_fifo/gnuram_async_fifo.xpm_fifo_base_inst/gen_sdpram.xpm_memory_base_inst/gen_wr_a.gen_word_narrow.mem_reg_0_63_21_27/WE
    SLICE_X16Y26         RAMD64E                                      r  hw_i/audio/aic3104_dma_wrapper_0/inst/aic3104_dma/rx_fifo/gnuram_async_fifo.xpm_fifo_base_inst/gen_sdpram.xpm_memory_base_inst/gen_wr_a.gen_word_narrow.mem_reg_0_63_21_27/RAME/WE
  -------------------------------------------------------------------    -------------------

                         (clock clk_out1_hw_clk_wiz_0_0 rise edge)
                                                     81.369    81.369 r  
    BUFG_PS_X0Y67        BUFG_PS                      0.000    81.369 r  hw_i/zynq_ultra_ps_e_0/inst/buffer_pl_clk_0.PL_CLK_0_BUFG/O
                         net (fo=3796, routed)        1.610    82.979    hw_i/audio/clk_wiz_0/inst/clk_in1
    MMCM_X0Y2            MMCME4_ADV (Prop_MMCM_CLKIN1_CLKOUT0)
                                                      0.630    83.609 r  hw_i/audio/clk_wiz_0/inst/mmcme4_adv_inst/CLKOUT0
                         net (fo=1, routed)           0.215    83.824    hw_i/audio/clk_wiz_0/inst/clk_out1_hw_clk_wiz_0_0
    BUFGCE_X0Y66         BUFGCE (Prop_BUFCE_BUFGCE_I_O)
                                                      0.024    83.848 r  hw_i/audio/clk_wiz_0/inst/clkout1_buf/O
    X0Y1 (CLOCK_ROOT)    net (fo=444, routed)         1.802    85.650    hw_i/audio/aic3104_dma_wrapper_0/inst/aic3104_dma/rx_fifo/gnuram_async_fifo.xpm_fifo_base_inst/gen_sdpram.xpm_memory_base_inst/gen_wr_a.gen_word_narrow.mem_reg_0_63_21_27/WCLK
    SLICE_X16Y26         RAMD64E                                      r  hw_i/audio/aic3104_dma_wrapper_0/inst/aic3104_dma/rx_fifo/gnuram_async_fifo.xpm_fifo_base_inst/gen_sdpram.xpm_memory_base_inst/gen_wr_a.gen_word_narrow.mem_reg_0_63_21_27/RAME/CLK
                         clock pessimism             -0.448    85.202    
                         clock uncertainty           -0.175    85.026    
    SLICE_X16Y26         RAMD64E (Setup_E6LUT_SLICEM_CLK_WE)
                                                     -0.180    84.846    hw_i/audio/aic3104_dma_wrapper_0/inst/aic3104_dma/rx_fifo/gnuram_async_fifo.xpm_fifo_base_inst/gen_sdpram.xpm_memory_base_inst/gen_wr_a.gen_word_narrow.mem_reg_0_63_21_27/RAME
  -------------------------------------------------------------------
                         required time                         84.846    
                         arrival time                          -6.452    
  -------------------------------------------------------------------
                         slack                                 78.394    

Slack (MET) :             78.394ns  (required time - arrival time)
  Source:                 hw_i/audio/aic3104_dma_wrapper_0/inst/aic3104_dma/rx_en_reg[1]/C
                            (rising edge-triggered cell FDRE clocked by clk_out1_hw_clk_wiz_0_0  {rise@0.000ns fall@40.685ns period=81.369ns})
  Destination:            hw_i/audio/aic3104_dma_wrapper_0/inst/aic3104_dma/rx_fifo/gnuram_async_fifo.xpm_fifo_base_inst/gen_sdpram.xpm_memory_base_inst/gen_wr_a.gen_word_narrow.mem_reg_0_63_21_27/RAMF/WE
                            (rising edge-triggered cell RAMD64E clocked by clk_out1_hw_clk_wiz_0_0  {rise@0.000ns fall@40.685ns period=81.369ns})
  Path Group:             clk_out1_hw_clk_wiz_0_0
  Path Type:              Setup (Max at Slow Process Corner)
  Requirement:            81.369ns  (clk_out1_hw_clk_wiz_0_0 rise@81.369ns - clk_out1_hw_clk_wiz_0_0 rise@0.000ns)
  Data Path Delay:        2.516ns  (logic 0.393ns (15.622%)  route 2.123ns (84.378%))
  Logic Levels:           3  (LUT2=2 LUT4=1)
  Clock Path Skew:        -0.103ns (DCD - SCD + CPR)
    Destination Clock Delay (DCD):    4.281ns = ( 85.650 - 81.369 ) 
    Source Clock Delay      (SCD):    3.936ns
    Clock Pessimism Removal (CPR):    -0.448ns
  Clock Uncertainty:      0.175ns  ((TSJ^2 + DJ^2)^1/2) / 2 + PE
    Total System Jitter     (TSJ):    0.071ns
    Discrete Jitter          (DJ):    0.344ns
    Phase Error              (PE):    0.000ns
  Clock Net Delay (Source):      1.996ns (routing 0.970ns, distribution 1.026ns)
  Clock Net Delay (Destination): 1.802ns (routing 0.883ns, distribution 0.919ns)

    Location             Delay type                Incr(ns)  Path(ns)    Netlist Resource(s)
  -------------------------------------------------------------------    -------------------
                         (clock clk_out1_hw_clk_wiz_0_0 rise edge)
                                                      0.000     0.000 r  
    BUFG_PS_X0Y67        BUFG_PS                      0.000     0.000 r  hw_i/zynq_ultra_ps_e_0/inst/buffer_pl_clk_0.PL_CLK_0_BUFG/O
                         net (fo=3796, routed)        1.794     1.794    hw_i/audio/clk_wiz_0/inst/clk_in1
    MMCM_X0Y2            MMCME4_ADV (Prop_MMCM_CLKIN1_CLKOUT0)
                                                     -0.127     1.667 r  hw_i/audio/clk_wiz_0/inst/mmcme4_adv_inst/CLKOUT0
                         net (fo=1, routed)           0.245     1.912    hw_i/audio/clk_wiz_0/inst/clk_out1_hw_clk_wiz_0_0
    BUFGCE_X0Y66         BUFGCE (Prop_BUFCE_BUFGCE_I_O)
                                                      0.028     1.940 r  hw_i/audio/clk_wiz_0/inst/clkout1_buf/O
    X0Y1 (CLOCK_ROOT)    net (fo=444, routed)         1.996     3.936    hw_i/audio/aic3104_dma_wrapper_0/inst/aic3104_dma/AIC_mclk_o
    SLICE_X13Y60         FDRE                                         r  hw_i/audio/aic3104_dma_wrapper_0/inst/aic3104_dma/rx_en_reg[1]/C
  -------------------------------------------------------------------    -------------------
    SLICE_X13Y60         FDRE (Prop_AFF2_SLICEL_C_Q)
                                                      0.081     4.017 r  hw_i/audio/aic3104_dma_wrapper_0/inst/aic3104_dma/rx_en_reg[1]/Q
                         net (fo=1, routed)           0.447     4.464    hw_i/audio/aic3104_dma_wrapper_0/inst/aic3104_dma/rx_en[1]
    SLICE_X18Y58         LUT2 (Prop_D5LUT_SLICEL_I0_O)
                                                      0.157     4.621 r  hw_i/audio/aic3104_dma_wrapper_0/inst/aic3104_dma/rx_fifo_i_2/O
                         net (fo=5, routed)           0.378     4.999    hw_i/audio/aic3104_dma_wrapper_0/inst/aic3104_dma/rx_fifo/gnuram_async_fifo.xpm_fifo_base_inst/xpm_fifo_rst_inst/wr_en
    SLICE_X22Y44         LUT4 (Prop_B5LUT_SLICEL_I0_O)
                                                      0.104     5.103 r  hw_i/audio/aic3104_dma_wrapper_0/inst/aic3104_dma/rx_fifo/gnuram_async_fifo.xpm_fifo_base_inst/xpm_fifo_rst_inst/gen_sdpram.xpm_memory_base_inst_i_1/O
                         net (fo=27, routed)          0.362     5.466    hw_i/audio/aic3104_dma_wrapper_0/inst/aic3104_dma/rx_fifo/gnuram_async_fifo.xpm_fifo_base_inst/gen_sdpram.xpm_memory_base_inst/wea[0]
    SLICE_X18Y40         LUT2 (Prop_H6LUT_SLICEL_I0_O)
                                                      0.051     5.517 r  hw_i/audio/aic3104_dma_wrapper_0/inst/aic3104_dma/rx_fifo/gnuram_async_fifo.xpm_fifo_base_inst/gen_sdpram.xpm_memory_base_inst/gen_wr_a.gen_word_narrow.mem_reg_0_63_0_6_i_1/O
                         net (fo=40, routed)          0.935     6.452    hw_i/audio/aic3104_dma_wrapper_0/inst/aic3104_dma/rx_fifo/gnuram_async_fifo.xpm_fifo_base_inst/gen_sdpram.xpm_memory_base_inst/gen_wr_a.gen_word_narrow.mem_reg_0_63_21_27/WE
    SLICE_X16Y26         RAMD64E                                      r  hw_i/audio/aic3104_dma_wrapper_0/inst/aic3104_dma/rx_fifo/gnuram_async_fifo.xpm_fifo_base_inst/gen_sdpram.xpm_memory_base_inst/gen_wr_a.gen_word_narrow.mem_reg_0_63_21_27/RAMF/WE
  -------------------------------------------------------------------    -------------------

                         (clock clk_out1_hw_clk_wiz_0_0 rise edge)
                                                     81.369    81.369 r  
    BUFG_PS_X0Y67        BUFG_PS                      0.000    81.369 r  hw_i/zynq_ultra_ps_e_0/inst/buffer_pl_clk_0.PL_CLK_0_BUFG/O
                         net (fo=3796, routed)        1.610    82.979    hw_i/audio/clk_wiz_0/inst/clk_in1
    MMCM_X0Y2            MMCME4_ADV (Prop_MMCM_CLKIN1_CLKOUT0)
                                                      0.630    83.609 r  hw_i/audio/clk_wiz_0/inst/mmcme4_adv_inst/CLKOUT0
                         net (fo=1, routed)           0.215    83.824    hw_i/audio/clk_wiz_0/inst/clk_out1_hw_clk_wiz_0_0
    BUFGCE_X0Y66         BUFGCE (Prop_BUFCE_BUFGCE_I_O)
                                                      0.024    83.848 r  hw_i/audio/clk_wiz_0/inst/clkout1_buf/O
    X0Y1 (CLOCK_ROOT)    net (fo=444, routed)         1.802    85.650    hw_i/audio/aic3104_dma_wrapper_0/inst/aic3104_dma/rx_fifo/gnuram_async_fifo.xpm_fifo_base_inst/gen_sdpram.xpm_memory_base_inst/gen_wr_a.gen_word_narrow.mem_reg_0_63_21_27/WCLK
    SLICE_X16Y26         RAMD64E                                      r  hw_i/audio/aic3104_dma_wrapper_0/inst/aic3104_dma/rx_fifo/gnuram_async_fifo.xpm_fifo_base_inst/gen_sdpram.xpm_memory_base_inst/gen_wr_a.gen_word_narrow.mem_reg_0_63_21_27/RAMF/CLK
                         clock pessimism             -0.448    85.202    
                         clock uncertainty           -0.175    85.026    
    SLICE_X16Y26         RAMD64E (Setup_F6LUT_SLICEM_CLK_WE)
                                                     -0.180    84.846    hw_i/audio/aic3104_dma_wrapper_0/inst/aic3104_dma/rx_fifo/gnuram_async_fifo.xpm_fifo_base_inst/gen_sdpram.xpm_memory_base_inst/gen_wr_a.gen_word_narrow.mem_reg_0_63_21_27/RAMF
  -------------------------------------------------------------------
                         required time                         84.846    
                         arrival time                          -6.452    
  -------------------------------------------------------------------
                         slack                                 78.394    

Slack (MET) :             78.394ns  (required time - arrival time)
  Source:                 hw_i/audio/aic3104_dma_wrapper_0/inst/aic3104_dma/rx_en_reg[1]/C
                            (rising edge-triggered cell FDRE clocked by clk_out1_hw_clk_wiz_0_0  {rise@0.000ns fall@40.685ns period=81.369ns})
  Destination:            hw_i/audio/aic3104_dma_wrapper_0/inst/aic3104_dma/rx_fifo/gnuram_async_fifo.xpm_fifo_base_inst/gen_sdpram.xpm_memory_base_inst/gen_wr_a.gen_word_narrow.mem_reg_0_63_21_27/RAMG/WE
                            (rising edge-triggered cell RAMD64E clocked by clk_out1_hw_clk_wiz_0_0  {rise@0.000ns fall@40.685ns period=81.369ns})
  Path Group:             clk_out1_hw_clk_wiz_0_0
  Path Type:              Setup (Max at Slow Process Corner)
  Requirement:            81.369ns  (clk_out1_hw_clk_wiz_0_0 rise@81.369ns - clk_out1_hw_clk_wiz_0_0 rise@0.000ns)
  Data Path Delay:        2.516ns  (logic 0.393ns (15.622%)  route 2.123ns (84.378%))
  Logic Levels:           3  (LUT2=2 LUT4=1)
  Clock Path Skew:        -0.103ns (DCD - SCD + CPR)
    Destination Clock Delay (DCD):    4.281ns = ( 85.650 - 81.369 ) 
    Source Clock Delay      (SCD):    3.936ns
    Clock Pessimism Removal (CPR):    -0.448ns
  Clock Uncertainty:      0.175ns  ((TSJ^2 + DJ^2)^1/2) / 2 + PE
    Total System Jitter     (TSJ):    0.071ns
    Discrete Jitter          (DJ):    0.344ns
    Phase Error              (PE):    0.000ns
  Clock Net Delay (Source):      1.996ns (routing 0.970ns, distribution 1.026ns)
  Clock Net Delay (Destination): 1.802ns (routing 0.883ns, distribution 0.919ns)

    Location             Delay type                Incr(ns)  Path(ns)    Netlist Resource(s)
  -------------------------------------------------------------------    -------------------
                         (clock clk_out1_hw_clk_wiz_0_0 rise edge)
                                                      0.000     0.000 r  
    BUFG_PS_X0Y67        BUFG_PS                      0.000     0.000 r  hw_i/zynq_ultra_ps_e_0/inst/buffer_pl_clk_0.PL_CLK_0_BUFG/O
                         net (fo=3796, routed)        1.794     1.794    hw_i/audio/clk_wiz_0/inst/clk_in1
    MMCM_X0Y2            MMCME4_ADV (Prop_MMCM_CLKIN1_CLKOUT0)
                                                     -0.127     1.667 r  hw_i/audio/clk_wiz_0/inst/mmcme4_adv_inst/CLKOUT0
                         net (fo=1, routed)           0.245     1.912    hw_i/audio/clk_wiz_0/inst/clk_out1_hw_clk_wiz_0_0
    BUFGCE_X0Y66         BUFGCE (Prop_BUFCE_BUFGCE_I_O)
                                                      0.028     1.940 r  hw_i/audio/clk_wiz_0/inst/clkout1_buf/O
    X0Y1 (CLOCK_ROOT)    net (fo=444, routed)         1.996     3.936    hw_i/audio/aic3104_dma_wrapper_0/inst/aic3104_dma/AIC_mclk_o
    SLICE_X13Y60         FDRE                                         r  hw_i/audio/aic3104_dma_wrapper_0/inst/aic3104_dma/rx_en_reg[1]/C
  -------------------------------------------------------------------    -------------------
    SLICE_X13Y60         FDRE (Prop_AFF2_SLICEL_C_Q)
                                                      0.081     4.017 r  hw_i/audio/aic3104_dma_wrapper_0/inst/aic3104_dma/rx_en_reg[1]/Q
                         net (fo=1, routed)           0.447     4.464    hw_i/audio/aic3104_dma_wrapper_0/inst/aic3104_dma/rx_en[1]
    SLICE_X18Y58         LUT2 (Prop_D5LUT_SLICEL_I0_O)
                                                      0.157     4.621 r  hw_i/audio/aic3104_dma_wrapper_0/inst/aic3104_dma/rx_fifo_i_2/O
                         net (fo=5, routed)           0.378     4.999    hw_i/audio/aic3104_dma_wrapper_0/inst/aic3104_dma/rx_fifo/gnuram_async_fifo.xpm_fifo_base_inst/xpm_fifo_rst_inst/wr_en
    SLICE_X22Y44         LUT4 (Prop_B5LUT_SLICEL_I0_O)
                                                      0.104     5.103 r  hw_i/audio/aic3104_dma_wrapper_0/inst/aic3104_dma/rx_fifo/gnuram_async_fifo.xpm_fifo_base_inst/xpm_fifo_rst_inst/gen_sdpram.xpm_memory_base_inst_i_1/O
                         net (fo=27, routed)          0.362     5.466    hw_i/audio/aic3104_dma_wrapper_0/inst/aic3104_dma/rx_fifo/gnuram_async_fifo.xpm_fifo_base_inst/gen_sdpram.xpm_memory_base_inst/wea[0]
    SLICE_X18Y40         LUT2 (Prop_H6LUT_SLICEL_I0_O)
                                                      0.051     5.517 r  hw_i/audio/aic3104_dma_wrapper_0/inst/aic3104_dma/rx_fifo/gnuram_async_fifo.xpm_fifo_base_inst/gen_sdpram.xpm_memory_base_inst/gen_wr_a.gen_word_narrow.mem_reg_0_63_0_6_i_1/O
                         net (fo=40, routed)          0.935     6.452    hw_i/audio/aic3104_dma_wrapper_0/inst/aic3104_dma/rx_fifo/gnuram_async_fifo.xpm_fifo_base_inst/gen_sdpram.xpm_memory_base_inst/gen_wr_a.gen_word_narrow.mem_reg_0_63_21_27/WE
    SLICE_X16Y26         RAMD64E                                      r  hw_i/audio/aic3104_dma_wrapper_0/inst/aic3104_dma/rx_fifo/gnuram_async_fifo.xpm_fifo_base_inst/gen_sdpram.xpm_memory_base_inst/gen_wr_a.gen_word_narrow.mem_reg_0_63_21_27/RAMG/WE
  -------------------------------------------------------------------    -------------------

                         (clock clk_out1_hw_clk_wiz_0_0 rise edge)
                                                     81.369    81.369 r  
    BUFG_PS_X0Y67        BUFG_PS                      0.000    81.369 r  hw_i/zynq_ultra_ps_e_0/inst/buffer_pl_clk_0.PL_CLK_0_BUFG/O
                         net (fo=3796, routed)        1.610    82.979    hw_i/audio/clk_wiz_0/inst/clk_in1
    MMCM_X0Y2            MMCME4_ADV (Prop_MMCM_CLKIN1_CLKOUT0)
                                                      0.630    83.609 r  hw_i/audio/clk_wiz_0/inst/mmcme4_adv_inst/CLKOUT0
                         net (fo=1, routed)           0.215    83.824    hw_i/audio/clk_wiz_0/inst/clk_out1_hw_clk_wiz_0_0
    BUFGCE_X0Y66         BUFGCE (Prop_BUFCE_BUFGCE_I_O)
                                                      0.024    83.848 r  hw_i/audio/clk_wiz_0/inst/clkout1_buf/O
    X0Y1 (CLOCK_ROOT)    net (fo=444, routed)         1.802    85.650    hw_i/audio/aic3104_dma_wrapper_0/inst/aic3104_dma/rx_fifo/gnuram_async_fifo.xpm_fifo_base_inst/gen_sdpram.xpm_memory_base_inst/gen_wr_a.gen_word_narrow.mem_reg_0_63_21_27/WCLK
    SLICE_X16Y26         RAMD64E                                      r  hw_i/audio/aic3104_dma_wrapper_0/inst/aic3104_dma/rx_fifo/gnuram_async_fifo.xpm_fifo_base_inst/gen_sdpram.xpm_memory_base_inst/gen_wr_a.gen_word_narrow.mem_reg_0_63_21_27/RAMG/CLK
                         clock pessimism             -0.448    85.202    
                         clock uncertainty           -0.175    85.026    
    SLICE_X16Y26         RAMD64E (Setup_G6LUT_SLICEM_CLK_WE)
                                                     -0.180    84.846    hw_i/audio/aic3104_dma_wrapper_0/inst/aic3104_dma/rx_fifo/gnuram_async_fifo.xpm_fifo_base_inst/gen_sdpram.xpm_memory_base_inst/gen_wr_a.gen_word_narrow.mem_reg_0_63_21_27/RAMG
  -------------------------------------------------------------------
                         required time                         84.846    
                         arrival time                          -6.452    
  -------------------------------------------------------------------
                         slack                                 78.394    

Slack (MET) :             78.394ns  (required time - arrival time)
  Source:                 hw_i/audio/aic3104_dma_wrapper_0/inst/aic3104_dma/rx_en_reg[1]/C
                            (rising edge-triggered cell FDRE clocked by clk_out1_hw_clk_wiz_0_0  {rise@0.000ns fall@40.685ns period=81.369ns})
  Destination:            hw_i/audio/aic3104_dma_wrapper_0/inst/aic3104_dma/rx_fifo/gnuram_async_fifo.xpm_fifo_base_inst/gen_sdpram.xpm_memory_base_inst/gen_wr_a.gen_word_narrow.mem_reg_0_63_21_27/RAMH/WE
                            (rising edge-triggered cell RAMD64E clocked by clk_out1_hw_clk_wiz_0_0  {rise@0.000ns fall@40.685ns period=81.369ns})
  Path Group:             clk_out1_hw_clk_wiz_0_0
  Path Type:              Setup (Max at Slow Process Corner)
  Requirement:            81.369ns  (clk_out1_hw_clk_wiz_0_0 rise@81.369ns - clk_out1_hw_clk_wiz_0_0 rise@0.000ns)
  Data Path Delay:        2.516ns  (logic 0.393ns (15.622%)  route 2.123ns (84.378%))
  Logic Levels:           3  (LUT2=2 LUT4=1)
  Clock Path Skew:        -0.103ns (DCD - SCD + CPR)
    Destination Clock Delay (DCD):    4.281ns = ( 85.650 - 81.369 ) 
    Source Clock Delay      (SCD):    3.936ns
    Clock Pessimism Removal (CPR):    -0.448ns
  Clock Uncertainty:      0.175ns  ((TSJ^2 + DJ^2)^1/2) / 2 + PE
    Total System Jitter     (TSJ):    0.071ns
    Discrete Jitter          (DJ):    0.344ns
    Phase Error              (PE):    0.000ns
  Clock Net Delay (Source):      1.996ns (routing 0.970ns, distribution 1.026ns)
  Clock Net Delay (Destination): 1.802ns (routing 0.883ns, distribution 0.919ns)

    Location             Delay type                Incr(ns)  Path(ns)    Netlist Resource(s)
  -------------------------------------------------------------------    -------------------
                         (clock clk_out1_hw_clk_wiz_0_0 rise edge)
                                                      0.000     0.000 r  
    BUFG_PS_X0Y67        BUFG_PS                      0.000     0.000 r  hw_i/zynq_ultra_ps_e_0/inst/buffer_pl_clk_0.PL_CLK_0_BUFG/O
                         net (fo=3796, routed)        1.794     1.794    hw_i/audio/clk_wiz_0/inst/clk_in1
    MMCM_X0Y2            MMCME4_ADV (Prop_MMCM_CLKIN1_CLKOUT0)
                                                     -0.127     1.667 r  hw_i/audio/clk_wiz_0/inst/mmcme4_adv_inst/CLKOUT0
                         net (fo=1, routed)           0.245     1.912    hw_i/audio/clk_wiz_0/inst/clk_out1_hw_clk_wiz_0_0
    BUFGCE_X0Y66         BUFGCE (Prop_BUFCE_BUFGCE_I_O)
                                                      0.028     1.940 r  hw_i/audio/clk_wiz_0/inst/clkout1_buf/O
    X0Y1 (CLOCK_ROOT)    net (fo=444, routed)         1.996     3.936    hw_i/audio/aic3104_dma_wrapper_0/inst/aic3104_dma/AIC_mclk_o
    SLICE_X13Y60         FDRE                                         r  hw_i/audio/aic3104_dma_wrapper_0/inst/aic3104_dma/rx_en_reg[1]/C
  -------------------------------------------------------------------    -------------------
    SLICE_X13Y60         FDRE (Prop_AFF2_SLICEL_C_Q)
                                                      0.081     4.017 r  hw_i/audio/aic3104_dma_wrapper_0/inst/aic3104_dma/rx_en_reg[1]/Q
                         net (fo=1, routed)           0.447     4.464    hw_i/audio/aic3104_dma_wrapper_0/inst/aic3104_dma/rx_en[1]
    SLICE_X18Y58         LUT2 (Prop_D5LUT_SLICEL_I0_O)
                                                      0.157     4.621 r  hw_i/audio/aic3104_dma_wrapper_0/inst/aic3104_dma/rx_fifo_i_2/O
                         net (fo=5, routed)           0.378     4.999    hw_i/audio/aic3104_dma_wrapper_0/inst/aic3104_dma/rx_fifo/gnuram_async_fifo.xpm_fifo_base_inst/xpm_fifo_rst_inst/wr_en
    SLICE_X22Y44         LUT4 (Prop_B5LUT_SLICEL_I0_O)
                                                      0.104     5.103 r  hw_i/audio/aic3104_dma_wrapper_0/inst/aic3104_dma/rx_fifo/gnuram_async_fifo.xpm_fifo_base_inst/xpm_fifo_rst_inst/gen_sdpram.xpm_memory_base_inst_i_1/O
                         net (fo=27, routed)          0.362     5.466    hw_i/audio/aic3104_dma_wrapper_0/inst/aic3104_dma/rx_fifo/gnuram_async_fifo.xpm_fifo_base_inst/gen_sdpram.xpm_memory_base_inst/wea[0]
    SLICE_X18Y40         LUT2 (Prop_H6LUT_SLICEL_I0_O)
                                                      0.051     5.517 r  hw_i/audio/aic3104_dma_wrapper_0/inst/aic3104_dma/rx_fifo/gnuram_async_fifo.xpm_fifo_base_inst/gen_sdpram.xpm_memory_base_inst/gen_wr_a.gen_word_narrow.mem_reg_0_63_0_6_i_1/O
                         net (fo=40, routed)          0.935     6.452    hw_i/audio/aic3104_dma_wrapper_0/inst/aic3104_dma/rx_fifo/gnuram_async_fifo.xpm_fifo_base_inst/gen_sdpram.xpm_memory_base_inst/gen_wr_a.gen_word_narrow.mem_reg_0_63_21_27/WE
    SLICE_X16Y26         RAMD64E                                      r  hw_i/audio/aic3104_dma_wrapper_0/inst/aic3104_dma/rx_fifo/gnuram_async_fifo.xpm_fifo_base_inst/gen_sdpram.xpm_memory_base_inst/gen_wr_a.gen_word_narrow.mem_reg_0_63_21_27/RAMH/WE
  -------------------------------------------------------------------    -------------------

                         (clock clk_out1_hw_clk_wiz_0_0 rise edge)
                                                     81.369    81.369 r  
    BUFG_PS_X0Y67        BUFG_PS                      0.000    81.369 r  hw_i/zynq_ultra_ps_e_0/inst/buffer_pl_clk_0.PL_CLK_0_BUFG/O
                         net (fo=3796, routed)        1.610    82.979    hw_i/audio/clk_wiz_0/inst/clk_in1
    MMCM_X0Y2            MMCME4_ADV (Prop_MMCM_CLKIN1_CLKOUT0)
                                                      0.630    83.609 r  hw_i/audio/clk_wiz_0/inst/mmcme4_adv_inst/CLKOUT0
                         net (fo=1, routed)           0.215    83.824    hw_i/audio/clk_wiz_0/inst/clk_out1_hw_clk_wiz_0_0
    BUFGCE_X0Y66         BUFGCE (Prop_BUFCE_BUFGCE_I_O)
                                                      0.024    83.848 r  hw_i/audio/clk_wiz_0/inst/clkout1_buf/O
    X0Y1 (CLOCK_ROOT)    net (fo=444, routed)         1.802    85.650    hw_i/audio/aic3104_dma_wrapper_0/inst/aic3104_dma/rx_fifo/gnuram_async_fifo.xpm_fifo_base_inst/gen_sdpram.xpm_memory_base_inst/gen_wr_a.gen_word_narrow.mem_reg_0_63_21_27/WCLK
    SLICE_X16Y26         RAMD64E                                      r  hw_i/audio/aic3104_dma_wrapper_0/inst/aic3104_dma/rx_fifo/gnuram_async_fifo.xpm_fifo_base_inst/gen_sdpram.xpm_memory_base_inst/gen_wr_a.gen_word_narrow.mem_reg_0_63_21_27/RAMH/CLK
                         clock pessimism             -0.448    85.202    
                         clock uncertainty           -0.175    85.026    
    SLICE_X16Y26         RAMD64E (Setup_H6LUT_SLICEM_CLK_WE)
                                                     -0.180    84.846    hw_i/audio/aic3104_dma_wrapper_0/inst/aic3104_dma/rx_fifo/gnuram_async_fifo.xpm_fifo_base_inst/gen_sdpram.xpm_memory_base_inst/gen_wr_a.gen_word_narrow.mem_reg_0_63_21_27/RAMH
  -------------------------------------------------------------------
                         required time                         84.846    
                         arrival time                          -6.452    
  -------------------------------------------------------------------
                         slack                                 78.394    

Slack (MET) :             78.469ns  (required time - arrival time)
  Source:                 hw_i/audio/aic3104_dma_wrapper_0/inst/aic3104_dma/rx_en_reg[1]/C
                            (rising edge-triggered cell FDRE clocked by clk_out1_hw_clk_wiz_0_0  {rise@0.000ns fall@40.685ns period=81.369ns})
  Destination:            hw_i/audio/aic3104_dma_wrapper_0/inst/aic3104_dma/rx_fifo/gnuram_async_fifo.xpm_fifo_base_inst/gen_sdpram.xpm_memory_base_inst/gen_wr_a.gen_word_narrow.mem_reg_0_63_14_20/RAMA/WE
                            (rising edge-triggered cell RAMD64E clocked by clk_out1_hw_clk_wiz_0_0  {rise@0.000ns fall@40.685ns period=81.369ns})
  Path Group:             clk_out1_hw_clk_wiz_0_0
  Path Type:              Setup (Max at Slow Process Corner)
  Requirement:            81.369ns  (clk_out1_hw_clk_wiz_0_0 rise@81.369ns - clk_out1_hw_clk_wiz_0_0 rise@0.000ns)
  Data Path Delay:        2.434ns  (logic 0.393ns (16.147%)  route 2.041ns (83.853%))
  Logic Levels:           3  (LUT2=2 LUT4=1)
  Clock Path Skew:        -0.111ns (DCD - SCD + CPR)
    Destination Clock Delay (DCD):    4.273ns = ( 85.642 - 81.369 ) 
    Source Clock Delay      (SCD):    3.936ns
    Clock Pessimism Removal (CPR):    -0.448ns
  Clock Uncertainty:      0.175ns  ((TSJ^2 + DJ^2)^1/2) / 2 + PE
    Total System Jitter     (TSJ):    0.071ns
    Discrete Jitter          (DJ):    0.344ns
    Phase Error              (PE):    0.000ns
  Clock Net Delay (Source):      1.996ns (routing 0.970ns, distribution 1.026ns)
  Clock Net Delay (Destination): 1.794ns (routing 0.883ns, distribution 0.911ns)

    Location             Delay type                Incr(ns)  Path(ns)    Netlist Resource(s)
  -------------------------------------------------------------------    -------------------
                         (clock clk_out1_hw_clk_wiz_0_0 rise edge)
                                                      0.000     0.000 r  
    BUFG_PS_X0Y67        BUFG_PS                      0.000     0.000 r  hw_i/zynq_ultra_ps_e_0/inst/buffer_pl_clk_0.PL_CLK_0_BUFG/O
                         net (fo=3796, routed)        1.794     1.794    hw_i/audio/clk_wiz_0/inst/clk_in1
    MMCM_X0Y2            MMCME4_ADV (Prop_MMCM_CLKIN1_CLKOUT0)
                                                     -0.127     1.667 r  hw_i/audio/clk_wiz_0/inst/mmcme4_adv_inst/CLKOUT0
                         net (fo=1, routed)           0.245     1.912    hw_i/audio/clk_wiz_0/inst/clk_out1_hw_clk_wiz_0_0
    BUFGCE_X0Y66         BUFGCE (Prop_BUFCE_BUFGCE_I_O)
                                                      0.028     1.940 r  hw_i/audio/clk_wiz_0/inst/clkout1_buf/O
    X0Y1 (CLOCK_ROOT)    net (fo=444, routed)         1.996     3.936    hw_i/audio/aic3104_dma_wrapper_0/inst/aic3104_dma/AIC_mclk_o
    SLICE_X13Y60         FDRE                                         r  hw_i/audio/aic3104_dma_wrapper_0/inst/aic3104_dma/rx_en_reg[1]/C
  -------------------------------------------------------------------    -------------------
    SLICE_X13Y60         FDRE (Prop_AFF2_SLICEL_C_Q)
                                                      0.081     4.017 r  hw_i/audio/aic3104_dma_wrapper_0/inst/aic3104_dma/rx_en_reg[1]/Q
                         net (fo=1, routed)           0.447     4.464    hw_i/audio/aic3104_dma_wrapper_0/inst/aic3104_dma/rx_en[1]
    SLICE_X18Y58         LUT2 (Prop_D5LUT_SLICEL_I0_O)
                                                      0.157     4.621 r  hw_i/audio/aic3104_dma_wrapper_0/inst/aic3104_dma/rx_fifo_i_2/O
                         net (fo=5, routed)           0.378     4.999    hw_i/audio/aic3104_dma_wrapper_0/inst/aic3104_dma/rx_fifo/gnuram_async_fifo.xpm_fifo_base_inst/xpm_fifo_rst_inst/wr_en
    SLICE_X22Y44         LUT4 (Prop_B5LUT_SLICEL_I0_O)
                                                      0.104     5.103 r  hw_i/audio/aic3104_dma_wrapper_0/inst/aic3104_dma/rx_fifo/gnuram_async_fifo.xpm_fifo_base_inst/xpm_fifo_rst_inst/gen_sdpram.xpm_memory_base_inst_i_1/O
                         net (fo=27, routed)          0.362     5.466    hw_i/audio/aic3104_dma_wrapper_0/inst/aic3104_dma/rx_fifo/gnuram_async_fifo.xpm_fifo_base_inst/gen_sdpram.xpm_memory_base_inst/wea[0]
    SLICE_X18Y40         LUT2 (Prop_H6LUT_SLICEL_I0_O)
                                                      0.051     5.517 r  hw_i/audio/aic3104_dma_wrapper_0/inst/aic3104_dma/rx_fifo/gnuram_async_fifo.xpm_fifo_base_inst/gen_sdpram.xpm_memory_base_inst/gen_wr_a.gen_word_narrow.mem_reg_0_63_0_6_i_1/O
                         net (fo=40, routed)          0.853     6.370    hw_i/audio/aic3104_dma_wrapper_0/inst/aic3104_dma/rx_fifo/gnuram_async_fifo.xpm_fifo_base_inst/gen_sdpram.xpm_memory_base_inst/gen_wr_a.gen_word_narrow.mem_reg_0_63_14_20/WE
    SLICE_X16Y24         RAMD64E                                      r  hw_i/audio/aic3104_dma_wrapper_0/inst/aic3104_dma/rx_fifo/gnuram_async_fifo.xpm_fifo_base_inst/gen_sdpram.xpm_memory_base_inst/gen_wr_a.gen_word_narrow.mem_reg_0_63_14_20/RAMA/WE
  -------------------------------------------------------------------    -------------------

                         (clock clk_out1_hw_clk_wiz_0_0 rise edge)
                                                     81.369    81.369 r  
    BUFG_PS_X0Y67        BUFG_PS                      0.000    81.369 r  hw_i/zynq_ultra_ps_e_0/inst/buffer_pl_clk_0.PL_CLK_0_BUFG/O
                         net (fo=3796, routed)        1.610    82.979    hw_i/audio/clk_wiz_0/inst/clk_in1
    MMCM_X0Y2            MMCME4_ADV (Prop_MMCM_CLKIN1_CLKOUT0)
                                                      0.630    83.609 r  hw_i/audio/clk_wiz_0/inst/mmcme4_adv_inst/CLKOUT0
                         net (fo=1, routed)           0.215    83.824    hw_i/audio/clk_wiz_0/inst/clk_out1_hw_clk_wiz_0_0
    BUFGCE_X0Y66         BUFGCE (Prop_BUFCE_BUFGCE_I_O)
                                                      0.024    83.848 r  hw_i/audio/clk_wiz_0/inst/clkout1_buf/O
    X0Y1 (CLOCK_ROOT)    net (fo=444, routed)         1.794    85.642    hw_i/audio/aic3104_dma_wrapper_0/inst/aic3104_dma/rx_fifo/gnuram_async_fifo.xpm_fifo_base_inst/gen_sdpram.xpm_memory_base_inst/gen_wr_a.gen_word_narrow.mem_reg_0_63_14_20/WCLK
    SLICE_X16Y24         RAMD64E                                      r  hw_i/audio/aic3104_dma_wrapper_0/inst/aic3104_dma/rx_fifo/gnuram_async_fifo.xpm_fifo_base_inst/gen_sdpram.xpm_memory_base_inst/gen_wr_a.gen_word_narrow.mem_reg_0_63_14_20/RAMA/CLK
                         clock pessimism             -0.448    85.194    
                         clock uncertainty           -0.175    85.019    
    SLICE_X16Y24         RAMD64E (Setup_A6LUT_SLICEM_CLK_WE)
                                                     -0.180    84.839    hw_i/audio/aic3104_dma_wrapper_0/inst/aic3104_dma/rx_fifo/gnuram_async_fifo.xpm_fifo_base_inst/gen_sdpram.xpm_memory_base_inst/gen_wr_a.gen_word_narrow.mem_reg_0_63_14_20/RAMA
  -------------------------------------------------------------------
                         required time                         84.839    
                         arrival time                          -6.370    
  -------------------------------------------------------------------
                         slack                                 78.469    

Slack (MET) :             78.469ns  (required time - arrival time)
  Source:                 hw_i/audio/aic3104_dma_wrapper_0/inst/aic3104_dma/rx_en_reg[1]/C
                            (rising edge-triggered cell FDRE clocked by clk_out1_hw_clk_wiz_0_0  {rise@0.000ns fall@40.685ns period=81.369ns})
  Destination:            hw_i/audio/aic3104_dma_wrapper_0/inst/aic3104_dma/rx_fifo/gnuram_async_fifo.xpm_fifo_base_inst/gen_sdpram.xpm_memory_base_inst/gen_wr_a.gen_word_narrow.mem_reg_0_63_14_20/RAMB/WE
                            (rising edge-triggered cell RAMD64E clocked by clk_out1_hw_clk_wiz_0_0  {rise@0.000ns fall@40.685ns period=81.369ns})
  Path Group:             clk_out1_hw_clk_wiz_0_0
  Path Type:              Setup (Max at Slow Process Corner)
  Requirement:            81.369ns  (clk_out1_hw_clk_wiz_0_0 rise@81.369ns - clk_out1_hw_clk_wiz_0_0 rise@0.000ns)
  Data Path Delay:        2.434ns  (logic 0.393ns (16.147%)  route 2.041ns (83.853%))
  Logic Levels:           3  (LUT2=2 LUT4=1)
  Clock Path Skew:        -0.111ns (DCD - SCD + CPR)
    Destination Clock Delay (DCD):    4.273ns = ( 85.642 - 81.369 ) 
    Source Clock Delay      (SCD):    3.936ns
    Clock Pessimism Removal (CPR):    -0.448ns
  Clock Uncertainty:      0.175ns  ((TSJ^2 + DJ^2)^1/2) / 2 + PE
    Total System Jitter     (TSJ):    0.071ns
    Discrete Jitter          (DJ):    0.344ns
    Phase Error              (PE):    0.000ns
  Clock Net Delay (Source):      1.996ns (routing 0.970ns, distribution 1.026ns)
  Clock Net Delay (Destination): 1.794ns (routing 0.883ns, distribution 0.911ns)

    Location             Delay type                Incr(ns)  Path(ns)    Netlist Resource(s)
  -------------------------------------------------------------------    -------------------
                         (clock clk_out1_hw_clk_wiz_0_0 rise edge)
                                                      0.000     0.000 r  
    BUFG_PS_X0Y67        BUFG_PS                      0.000     0.000 r  hw_i/zynq_ultra_ps_e_0/inst/buffer_pl_clk_0.PL_CLK_0_BUFG/O
                         net (fo=3796, routed)        1.794     1.794    hw_i/audio/clk_wiz_0/inst/clk_in1
    MMCM_X0Y2            MMCME4_ADV (Prop_MMCM_CLKIN1_CLKOUT0)
                                                     -0.127     1.667 r  hw_i/audio/clk_wiz_0/inst/mmcme4_adv_inst/CLKOUT0
                         net (fo=1, routed)           0.245     1.912    hw_i/audio/clk_wiz_0/inst/clk_out1_hw_clk_wiz_0_0
    BUFGCE_X0Y66         BUFGCE (Prop_BUFCE_BUFGCE_I_O)
                                                      0.028     1.940 r  hw_i/audio/clk_wiz_0/inst/clkout1_buf/O
    X0Y1 (CLOCK_ROOT)    net (fo=444, routed)         1.996     3.936    hw_i/audio/aic3104_dma_wrapper_0/inst/aic3104_dma/AIC_mclk_o
    SLICE_X13Y60         FDRE                                         r  hw_i/audio/aic3104_dma_wrapper_0/inst/aic3104_dma/rx_en_reg[1]/C
  -------------------------------------------------------------------    -------------------
    SLICE_X13Y60         FDRE (Prop_AFF2_SLICEL_C_Q)
                                                      0.081     4.017 r  hw_i/audio/aic3104_dma_wrapper_0/inst/aic3104_dma/rx_en_reg[1]/Q
                         net (fo=1, routed)           0.447     4.464    hw_i/audio/aic3104_dma_wrapper_0/inst/aic3104_dma/rx_en[1]
    SLICE_X18Y58         LUT2 (Prop_D5LUT_SLICEL_I0_O)
                                                      0.157     4.621 r  hw_i/audio/aic3104_dma_wrapper_0/inst/aic3104_dma/rx_fifo_i_2/O
                         net (fo=5, routed)           0.378     4.999    hw_i/audio/aic3104_dma_wrapper_0/inst/aic3104_dma/rx_fifo/gnuram_async_fifo.xpm_fifo_base_inst/xpm_fifo_rst_inst/wr_en
    SLICE_X22Y44         LUT4 (Prop_B5LUT_SLICEL_I0_O)
                                                      0.104     5.103 r  hw_i/audio/aic3104_dma_wrapper_0/inst/aic3104_dma/rx_fifo/gnuram_async_fifo.xpm_fifo_base_inst/xpm_fifo_rst_inst/gen_sdpram.xpm_memory_base_inst_i_1/O
                         net (fo=27, routed)          0.362     5.466    hw_i/audio/aic3104_dma_wrapper_0/inst/aic3104_dma/rx_fifo/gnuram_async_fifo.xpm_fifo_base_inst/gen_sdpram.xpm_memory_base_inst/wea[0]
    SLICE_X18Y40         LUT2 (Prop_H6LUT_SLICEL_I0_O)
                                                      0.051     5.517 r  hw_i/audio/aic3104_dma_wrapper_0/inst/aic3104_dma/rx_fifo/gnuram_async_fifo.xpm_fifo_base_inst/gen_sdpram.xpm_memory_base_inst/gen_wr_a.gen_word_narrow.mem_reg_0_63_0_6_i_1/O
                         net (fo=40, routed)          0.853     6.370    hw_i/audio/aic3104_dma_wrapper_0/inst/aic3104_dma/rx_fifo/gnuram_async_fifo.xpm_fifo_base_inst/gen_sdpram.xpm_memory_base_inst/gen_wr_a.gen_word_narrow.mem_reg_0_63_14_20/WE
    SLICE_X16Y24         RAMD64E                                      r  hw_i/audio/aic3104_dma_wrapper_0/inst/aic3104_dma/rx_fifo/gnuram_async_fifo.xpm_fifo_base_inst/gen_sdpram.xpm_memory_base_inst/gen_wr_a.gen_word_narrow.mem_reg_0_63_14_20/RAMB/WE
  -------------------------------------------------------------------    -------------------

                         (clock clk_out1_hw_clk_wiz_0_0 rise edge)
                                                     81.369    81.369 r  
    BUFG_PS_X0Y67        BUFG_PS                      0.000    81.369 r  hw_i/zynq_ultra_ps_e_0/inst/buffer_pl_clk_0.PL_CLK_0_BUFG/O
                         net (fo=3796, routed)        1.610    82.979    hw_i/audio/clk_wiz_0/inst/clk_in1
    MMCM_X0Y2            MMCME4_ADV (Prop_MMCM_CLKIN1_CLKOUT0)
                                                      0.630    83.609 r  hw_i/audio/clk_wiz_0/inst/mmcme4_adv_inst/CLKOUT0
                         net (fo=1, routed)           0.215    83.824    hw_i/audio/clk_wiz_0/inst/clk_out1_hw_clk_wiz_0_0
    BUFGCE_X0Y66         BUFGCE (Prop_BUFCE_BUFGCE_I_O)
                                                      0.024    83.848 r  hw_i/audio/clk_wiz_0/inst/clkout1_buf/O
    X0Y1 (CLOCK_ROOT)    net (fo=444, routed)         1.794    85.642    hw_i/audio/aic3104_dma_wrapper_0/inst/aic3104_dma/rx_fifo/gnuram_async_fifo.xpm_fifo_base_inst/gen_sdpram.xpm_memory_base_inst/gen_wr_a.gen_word_narrow.mem_reg_0_63_14_20/WCLK
    SLICE_X16Y24         RAMD64E                                      r  hw_i/audio/aic3104_dma_wrapper_0/inst/aic3104_dma/rx_fifo/gnuram_async_fifo.xpm_fifo_base_inst/gen_sdpram.xpm_memory_base_inst/gen_wr_a.gen_word_narrow.mem_reg_0_63_14_20/RAMB/CLK
                         clock pessimism             -0.448    85.194    
                         clock uncertainty           -0.175    85.019    
    SLICE_X16Y24         RAMD64E (Setup_B6LUT_SLICEM_CLK_WE)
                                                     -0.180    84.839    hw_i/audio/aic3104_dma_wrapper_0/inst/aic3104_dma/rx_fifo/gnuram_async_fifo.xpm_fifo_base_inst/gen_sdpram.xpm_memory_base_inst/gen_wr_a.gen_word_narrow.mem_reg_0_63_14_20/RAMB
  -------------------------------------------------------------------
                         required time                         84.839    
                         arrival time                          -6.370    
  -------------------------------------------------------------------
                         slack                                 78.469    





Min Delay Paths
--------------------------------------------------------------------------------------
Slack (MET) :             0.029ns  (arrival time - required time)
  Source:                 hw_i/audio/aic3104_dma_wrapper_0/inst/aic3104_dma/tx_fifo/gnuram_async_fifo.xpm_fifo_base_inst/gen_sdpram.xpm_memory_base_inst/gen_rd_b.gen_rd_b_synth_template.gen_nc_narrow_pipe.doutb_reg_reg[15]/C
                            (rising edge-triggered cell FDRE clocked by clk_out1_hw_clk_wiz_0_0  {rise@0.000ns fall@40.685ns period=81.369ns})
  Destination:            hw_i/audio/aic3104_dma_wrapper_0/inst/aic3104_dma/tx_fifo/gnuram_async_fifo.xpm_fifo_base_inst/gen_sdpram.xpm_memory_base_inst/gen_rd_b.gen_doutb_pipe.gen_stage.doutb_pipe_reg[0][15]/D
                            (rising edge-triggered cell FDRE clocked by clk_out1_hw_clk_wiz_0_0  {rise@0.000ns fall@40.685ns period=81.369ns})
  Path Group:             clk_out1_hw_clk_wiz_0_0
  Path Type:              Hold (Min at Slow Process Corner)
  Requirement:            0.000ns  (clk_out1_hw_clk_wiz_0_0 rise@0.000ns - clk_out1_hw_clk_wiz_0_0 rise@0.000ns)
  Data Path Delay:        0.130ns  (logic 0.061ns (46.923%)  route 0.069ns (53.077%))
  Logic Levels:           0  
  Clock Path Skew:        0.039ns (DCD - SCD - CPR)
    Destination Clock Delay (DCD):    3.949ns
    Source Clock Delay      (SCD):    4.260ns
    Clock Pessimism Removal (CPR):    -0.349ns
  Clock Net Delay (Source):      1.781ns (routing 0.883ns, distribution 0.898ns)
  Clock Net Delay (Destination): 2.009ns (routing 0.970ns, distribution 1.039ns)

    Location             Delay type                Incr(ns)  Path(ns)    Netlist Resource(s)
  -------------------------------------------------------------------    -------------------
                         (clock clk_out1_hw_clk_wiz_0_0 rise edge)
                                                      0.000     0.000 r  
    BUFG_PS_X0Y67        BUFG_PS                      0.000     0.000 r  hw_i/zynq_ultra_ps_e_0/inst/buffer_pl_clk_0.PL_CLK_0_BUFG/O
                         net (fo=3796, routed)        1.610     1.610    hw_i/audio/clk_wiz_0/inst/clk_in1
    MMCM_X0Y2            MMCME4_ADV (Prop_MMCM_CLKIN1_CLKOUT0)
                                                      0.630     2.240 r  hw_i/audio/clk_wiz_0/inst/mmcme4_adv_inst/CLKOUT0
                         net (fo=1, routed)           0.215     2.455    hw_i/audio/clk_wiz_0/inst/clk_out1_hw_clk_wiz_0_0
    BUFGCE_X0Y66         BUFGCE (Prop_BUFCE_BUFGCE_I_O)
                                                      0.024     2.479 r  hw_i/audio/clk_wiz_0/inst/clkout1_buf/O
    X0Y1 (CLOCK_ROOT)    net (fo=444, routed)         1.781     4.260    hw_i/audio/aic3104_dma_wrapper_0/inst/aic3104_dma/tx_fifo/gnuram_async_fifo.xpm_fifo_base_inst/gen_sdpram.xpm_memory_base_inst/clkb
    SLICE_X15Y58         FDRE                                         r  hw_i/audio/aic3104_dma_wrapper_0/inst/aic3104_dma/tx_fifo/gnuram_async_fifo.xpm_fifo_base_inst/gen_sdpram.xpm_memory_base_inst/gen_rd_b.gen_rd_b_synth_template.gen_nc_narrow_pipe.doutb_reg_reg[15]/C
  -------------------------------------------------------------------    -------------------
    SLICE_X15Y58         FDRE (Prop_DFF2_SLICEL_C_Q)
                                                      0.061     4.321 r  hw_i/audio/aic3104_dma_wrapper_0/inst/aic3104_dma/tx_fifo/gnuram_async_fifo.xpm_fifo_base_inst/gen_sdpram.xpm_memory_base_inst/gen_rd_b.gen_rd_b_synth_template.gen_nc_narrow_pipe.doutb_reg_reg[15]/Q
                         net (fo=1, routed)           0.069     4.390    hw_i/audio/aic3104_dma_wrapper_0/inst/aic3104_dma/tx_fifo/gnuram_async_fifo.xpm_fifo_base_inst/gen_sdpram.xpm_memory_base_inst/gen_rd_b.gen_rd_b_synth_template.gen_nc_narrow_pipe.doutb_reg_reg[15]
    SLICE_X15Y59         FDRE                                         r  hw_i/audio/aic3104_dma_wrapper_0/inst/aic3104_dma/tx_fifo/gnuram_async_fifo.xpm_fifo_base_inst/gen_sdpram.xpm_memory_base_inst/gen_rd_b.gen_doutb_pipe.gen_stage.doutb_pipe_reg[0][15]/D
  -------------------------------------------------------------------    -------------------

                         (clock clk_out1_hw_clk_wiz_0_0 rise edge)
                                                      0.000     0.000 r  
    BUFG_PS_X0Y67        BUFG_PS                      0.000     0.000 r  hw_i/zynq_ultra_ps_e_0/inst/buffer_pl_clk_0.PL_CLK_0_BUFG/O
                         net (fo=3796, routed)        1.794     1.794    hw_i/audio/clk_wiz_0/inst/clk_in1
    MMCM_X0Y2            MMCME4_ADV (Prop_MMCM_CLKIN1_CLKOUT0)
                                                     -0.127     1.667 r  hw_i/audio/clk_wiz_0/inst/mmcme4_adv_inst/CLKOUT0
                         net (fo=1, routed)           0.245     1.912    hw_i/audio/clk_wiz_0/inst/clk_out1_hw_clk_wiz_0_0
    BUFGCE_X0Y66         BUFGCE (Prop_BUFCE_BUFGCE_I_O)
                                                      0.028     1.940 r  hw_i/audio/clk_wiz_0/inst/clkout1_buf/O
    X0Y1 (CLOCK_ROOT)    net (fo=444, routed)         2.009     3.949    hw_i/audio/aic3104_dma_wrapper_0/inst/aic3104_dma/tx_fifo/gnuram_async_fifo.xpm_fifo_base_inst/gen_sdpram.xpm_memory_base_inst/clkb
    SLICE_X15Y59         FDRE                                         r  hw_i/audio/aic3104_dma_wrapper_0/inst/aic3104_dma/tx_fifo/gnuram_async_fifo.xpm_fifo_base_inst/gen_sdpram.xpm_memory_base_inst/gen_rd_b.gen_doutb_pipe.gen_stage.doutb_pipe_reg[0][15]/C
                         clock pessimism              0.349     4.298    
    SLICE_X15Y59         FDRE (Hold_EFF2_SLICEL_C_D)
                                                      0.062     4.360    hw_i/audio/aic3104_dma_wrapper_0/inst/aic3104_dma/tx_fifo/gnuram_async_fifo.xpm_fifo_base_inst/gen_sdpram.xpm_memory_base_inst/gen_rd_b.gen_doutb_pipe.gen_stage.doutb_pipe_reg[0][15]
  -------------------------------------------------------------------
                         required time                         -4.360    
                         arrival time                           4.390    
  -------------------------------------------------------------------
                         slack                                  0.029    

Slack (MET) :             0.029ns  (arrival time - required time)
  Source:                 hw_i/audio/aic3104_dma_wrapper_0/inst/aic3104_dma/rx_din_reg[28]/C
                            (rising edge-triggered cell FDRE clocked by clk_out1_hw_clk_wiz_0_0  {rise@0.000ns fall@40.685ns period=81.369ns})
  Destination:            hw_i/audio/aic3104_dma_wrapper_0/inst/aic3104_dma/rx_fifo/gnuram_async_fifo.xpm_fifo_base_inst/gen_sdpram.xpm_memory_base_inst/gen_wr_a.gen_word_narrow.mem_reg_64_127_7_13/RAMF/I
                            (rising edge-triggered cell RAMD64E clocked by clk_out1_hw_clk_wiz_0_0  {rise@0.000ns fall@40.685ns period=81.369ns})
  Path Group:             clk_out1_hw_clk_wiz_0_0
  Path Type:              Hold (Min at Slow Process Corner)
  Requirement:            0.000ns  (clk_out1_hw_clk_wiz_0_0 rise@0.000ns - clk_out1_hw_clk_wiz_0_0 rise@0.000ns)
  Data Path Delay:        0.164ns  (logic 0.058ns (35.294%)  route 0.106ns (64.706%))
  Logic Levels:           0  
  Clock Path Skew:        0.057ns (DCD - SCD - CPR)
    Destination Clock Delay (DCD):    3.947ns
    Source Clock Delay      (SCD):    4.238ns
    Clock Pessimism Removal (CPR):    -0.348ns
  Clock Net Delay (Source):      1.759ns (routing 0.883ns, distribution 0.876ns)
  Clock Net Delay (Destination): 2.007ns (routing 0.970ns, distribution 1.037ns)

    Location             Delay type                Incr(ns)  Path(ns)    Netlist Resource(s)
  -------------------------------------------------------------------    -------------------
                         (clock clk_out1_hw_clk_wiz_0_0 rise edge)
                                                      0.000     0.000 r  
    BUFG_PS_X0Y67        BUFG_PS                      0.000     0.000 r  hw_i/zynq_ultra_ps_e_0/inst/buffer_pl_clk_0.PL_CLK_0_BUFG/O
                         net (fo=3796, routed)        1.610     1.610    hw_i/audio/clk_wiz_0/inst/clk_in1
    MMCM_X0Y2            MMCME4_ADV (Prop_MMCM_CLKIN1_CLKOUT0)
                                                      0.630     2.240 r  hw_i/audio/clk_wiz_0/inst/mmcme4_adv_inst/CLKOUT0
                         net (fo=1, routed)           0.215     2.455    hw_i/audio/clk_wiz_0/inst/clk_out1_hw_clk_wiz_0_0
    BUFGCE_X0Y66         BUFGCE (Prop_BUFCE_BUFGCE_I_O)
                                                      0.024     2.479 r  hw_i/audio/clk_wiz_0/inst/clkout1_buf/O
    X0Y1 (CLOCK_ROOT)    net (fo=444, routed)         1.759     4.238    hw_i/audio/aic3104_dma_wrapper_0/inst/aic3104_dma/AIC_mclk_o
    SLICE_X19Y27         FDRE                                         r  hw_i/audio/aic3104_dma_wrapper_0/inst/aic3104_dma/rx_din_reg[28]/C
  -------------------------------------------------------------------    -------------------
    SLICE_X19Y27         FDRE (Prop_BFF_SLICEM_C_Q)
                                                      0.058     4.296 r  hw_i/audio/aic3104_dma_wrapper_0/inst/aic3104_dma/rx_din_reg[28]/Q
                         net (fo=3, routed)           0.106     4.402    hw_i/audio/aic3104_dma_wrapper_0/inst/aic3104_dma/rx_fifo/gnuram_async_fifo.xpm_fifo_base_inst/gen_sdpram.xpm_memory_base_inst/gen_wr_a.gen_word_narrow.mem_reg_64_127_7_13/DIF
    SLICE_X19Y25         RAMD64E                                      r  hw_i/audio/aic3104_dma_wrapper_0/inst/aic3104_dma/rx_fifo/gnuram_async_fifo.xpm_fifo_base_inst/gen_sdpram.xpm_memory_base_inst/gen_wr_a.gen_word_narrow.mem_reg_64_127_7_13/RAMF/I
  -------------------------------------------------------------------    -------------------

                         (clock clk_out1_hw_clk_wiz_0_0 rise edge)
                                                      0.000     0.000 r  
    BUFG_PS_X0Y67        BUFG_PS                      0.000     0.000 r  hw_i/zynq_ultra_ps_e_0/inst/buffer_pl_clk_0.PL_CLK_0_BUFG/O
                         net (fo=3796, routed)        1.794     1.794    hw_i/audio/clk_wiz_0/inst/clk_in1
    MMCM_X0Y2            MMCME4_ADV (Prop_MMCM_CLKIN1_CLKOUT0)
                                                     -0.127     1.667 r  hw_i/audio/clk_wiz_0/inst/mmcme4_adv_inst/CLKOUT0
                         net (fo=1, routed)           0.245     1.912    hw_i/audio/clk_wiz_0/inst/clk_out1_hw_clk_wiz_0_0
    BUFGCE_X0Y66         BUFGCE (Prop_BUFCE_BUFGCE_I_O)
                                                      0.028     1.940 r  hw_i/audio/clk_wiz_0/inst/clkout1_buf/O
    X0Y1 (CLOCK_ROOT)    net (fo=444, routed)         2.007     3.947    hw_i/audio/aic3104_dma_wrapper_0/inst/aic3104_dma/rx_fifo/gnuram_async_fifo.xpm_fifo_base_inst/gen_sdpram.xpm_memory_base_inst/gen_wr_a.gen_word_narrow.mem_reg_64_127_7_13/WCLK
    SLICE_X19Y25         RAMD64E                                      r  hw_i/audio/aic3104_dma_wrapper_0/inst/aic3104_dma/rx_fifo/gnuram_async_fifo.xpm_fifo_base_inst/gen_sdpram.xpm_memory_base_inst/gen_wr_a.gen_word_narrow.mem_reg_64_127_7_13/RAMF/CLK
                         clock pessimism              0.348     4.295    
    SLICE_X19Y25         RAMD64E (Hold_F6LUT_SLICEM_CLK_I)
                                                      0.078     4.373    hw_i/audio/aic3104_dma_wrapper_0/inst/aic3104_dma/rx_fifo/gnuram_async_fifo.xpm_fifo_base_inst/gen_sdpram.xpm_memory_base_inst/gen_wr_a.gen_word_narrow.mem_reg_64_127_7_13/RAMF
  -------------------------------------------------------------------
                         required time                         -4.373    
                         arrival time                           4.402    
  -------------------------------------------------------------------
                         slack                                  0.029    

Slack (MET) :             0.030ns  (arrival time - required time)
  Source:                 hw_i/audio/aic3104_dma_wrapper_0/inst/aic3104_dma/rx_din_reg[28]/C
                            (rising edge-triggered cell FDRE clocked by clk_out1_hw_clk_wiz_0_0  {rise@0.000ns fall@40.685ns period=81.369ns})
  Destination:            hw_i/audio/aic3104_dma_wrapper_0/inst/aic3104_dma/rx_fifo/gnuram_async_fifo.xpm_fifo_base_inst/gen_sdpram.xpm_memory_base_inst/gen_wr_a.gen_word_narrow.mem_reg_0_63_7_13/RAMF/I
                            (rising edge-triggered cell RAMD64E clocked by clk_out1_hw_clk_wiz_0_0  {rise@0.000ns fall@40.685ns period=81.369ns})
  Path Group:             clk_out1_hw_clk_wiz_0_0
  Path Type:              Hold (Min at Slow Process Corner)
  Requirement:            0.000ns  (clk_out1_hw_clk_wiz_0_0 rise@0.000ns - clk_out1_hw_clk_wiz_0_0 rise@0.000ns)
  Data Path Delay:        0.166ns  (logic 0.058ns (34.869%)  route 0.108ns (65.131%))
  Logic Levels:           0  
  Clock Path Skew:        0.058ns (DCD - SCD - CPR)
    Destination Clock Delay (DCD):    3.948ns
    Source Clock Delay      (SCD):    4.238ns
    Clock Pessimism Removal (CPR):    -0.348ns
  Clock Net Delay (Source):      1.759ns (routing 0.883ns, distribution 0.876ns)
  Clock Net Delay (Destination): 2.008ns (routing 0.970ns, distribution 1.038ns)

    Location             Delay type                Incr(ns)  Path(ns)    Netlist Resource(s)
  -------------------------------------------------------------------    -------------------
                         (clock clk_out1_hw_clk_wiz_0_0 rise edge)
                                                      0.000     0.000 r  
    BUFG_PS_X0Y67        BUFG_PS                      0.000     0.000 r  hw_i/zynq_ultra_ps_e_0/inst/buffer_pl_clk_0.PL_CLK_0_BUFG/O
                         net (fo=3796, routed)        1.610     1.610    hw_i/audio/clk_wiz_0/inst/clk_in1
    MMCM_X0Y2            MMCME4_ADV (Prop_MMCM_CLKIN1_CLKOUT0)
                                                      0.630     2.240 r  hw_i/audio/clk_wiz_0/inst/mmcme4_adv_inst/CLKOUT0
                         net (fo=1, routed)           0.215     2.455    hw_i/audio/clk_wiz_0/inst/clk_out1_hw_clk_wiz_0_0
    BUFGCE_X0Y66         BUFGCE (Prop_BUFCE_BUFGCE_I_O)
                                                      0.024     2.479 r  hw_i/audio/clk_wiz_0/inst/clkout1_buf/O
    X0Y1 (CLOCK_ROOT)    net (fo=444, routed)         1.759     4.238    hw_i/audio/aic3104_dma_wrapper_0/inst/aic3104_dma/AIC_mclk_o
    SLICE_X19Y27         FDRE                                         r  hw_i/audio/aic3104_dma_wrapper_0/inst/aic3104_dma/rx_din_reg[28]/C
  -------------------------------------------------------------------    -------------------
    SLICE_X19Y27         FDRE (Prop_BFF_SLICEM_C_Q)
                                                      0.058     4.296 r  hw_i/audio/aic3104_dma_wrapper_0/inst/aic3104_dma/rx_din_reg[28]/Q
                         net (fo=3, routed)           0.108     4.404    hw_i/audio/aic3104_dma_wrapper_0/inst/aic3104_dma/rx_fifo/gnuram_async_fifo.xpm_fifo_base_inst/gen_sdpram.xpm_memory_base_inst/gen_wr_a.gen_word_narrow.mem_reg_0_63_7_13/DIF
    SLICE_X19Y24         RAMD64E                                      r  hw_i/audio/aic3104_dma_wrapper_0/inst/aic3104_dma/rx_fifo/gnuram_async_fifo.xpm_fifo_base_inst/gen_sdpram.xpm_memory_base_inst/gen_wr_a.gen_word_narrow.mem_reg_0_63_7_13/RAMF/I
  -------------------------------------------------------------------    -------------------

                         (clock clk_out1_hw_clk_wiz_0_0 rise edge)
                                                      0.000     0.000 r  
    BUFG_PS_X0Y67        BUFG_PS                      0.000     0.000 r  hw_i/zynq_ultra_ps_e_0/inst/buffer_pl_clk_0.PL_CLK_0_BUFG/O
                         net (fo=3796, routed)        1.794     1.794    hw_i/audio/clk_wiz_0/inst/clk_in1
    MMCM_X0Y2            MMCME4_ADV (Prop_MMCM_CLKIN1_CLKOUT0)
                                                     -0.127     1.667 r  hw_i/audio/clk_wiz_0/inst/mmcme4_adv_inst/CLKOUT0
                         net (fo=1, routed)           0.245     1.912    hw_i/audio/clk_wiz_0/inst/clk_out1_hw_clk_wiz_0_0
    BUFGCE_X0Y66         BUFGCE (Prop_BUFCE_BUFGCE_I_O)
                                                      0.028     1.940 r  hw_i/audio/clk_wiz_0/inst/clkout1_buf/O
    X0Y1 (CLOCK_ROOT)    net (fo=444, routed)         2.008     3.948    hw_i/audio/aic3104_dma_wrapper_0/inst/aic3104_dma/rx_fifo/gnuram_async_fifo.xpm_fifo_base_inst/gen_sdpram.xpm_memory_base_inst/gen_wr_a.gen_word_narrow.mem_reg_0_63_7_13/WCLK
    SLICE_X19Y24         RAMD64E                                      r  hw_i/audio/aic3104_dma_wrapper_0/inst/aic3104_dma/rx_fifo/gnuram_async_fifo.xpm_fifo_base_inst/gen_sdpram.xpm_memory_base_inst/gen_wr_a.gen_word_narrow.mem_reg_0_63_7_13/RAMF/CLK
                         clock pessimism              0.348     4.296    
    SLICE_X19Y24         RAMD64E (Hold_F6LUT_SLICEM_CLK_I)
                                                      0.078     4.374    hw_i/audio/aic3104_dma_wrapper_0/inst/aic3104_dma/rx_fifo/gnuram_async_fifo.xpm_fifo_base_inst/gen_sdpram.xpm_memory_base_inst/gen_wr_a.gen_word_narrow.mem_reg_0_63_7_13/RAMF
  -------------------------------------------------------------------
                         required time                         -4.374    
                         arrival time                           4.404    
  -------------------------------------------------------------------
                         slack                                  0.030    

Slack (MET) :             0.036ns  (arrival time - required time)
  Source:                 hw_i/audio/aic3104_dma_wrapper_0/inst/aic3104_dma/tx_fifo/gnuram_async_fifo.xpm_fifo_base_inst/gen_sdpram.xpm_memory_base_inst/gen_rd_b.gen_rd_b_synth_template.gen_nc_narrow_pipe.doutb_reg_reg[30]/C
                            (rising edge-triggered cell FDRE clocked by clk_out1_hw_clk_wiz_0_0  {rise@0.000ns fall@40.685ns period=81.369ns})
  Destination:            hw_i/audio/aic3104_dma_wrapper_0/inst/aic3104_dma/tx_fifo/gnuram_async_fifo.xpm_fifo_base_inst/gen_sdpram.xpm_memory_base_inst/gen_rd_b.gen_doutb_pipe.gen_stage.doutb_pipe_reg[0][30]/D
                            (rising edge-triggered cell FDRE clocked by clk_out1_hw_clk_wiz_0_0  {rise@0.000ns fall@40.685ns period=81.369ns})
  Path Group:             clk_out1_hw_clk_wiz_0_0
  Path Type:              Hold (Min at Slow Process Corner)
  Requirement:            0.000ns  (clk_out1_hw_clk_wiz_0_0 rise@0.000ns - clk_out1_hw_clk_wiz_0_0 rise@0.000ns)
  Data Path Delay:        0.175ns  (logic 0.058ns (33.143%)  route 0.117ns (66.857%))
  Logic Levels:           0  
  Clock Path Skew:        0.079ns (DCD - SCD - CPR)
    Destination Clock Delay (DCD):    3.933ns
    Source Clock Delay      (SCD):    4.258ns
    Clock Pessimism Removal (CPR):    -0.403ns
  Clock Net Delay (Source):      1.779ns (routing 0.883ns, distribution 0.896ns)
  Clock Net Delay (Destination): 1.993ns (routing 0.970ns, distribution 1.023ns)

    Location             Delay type                Incr(ns)  Path(ns)    Netlist Resource(s)
  -------------------------------------------------------------------    -------------------
                         (clock clk_out1_hw_clk_wiz_0_0 rise edge)
                                                      0.000     0.000 r  
    BUFG_PS_X0Y67        BUFG_PS                      0.000     0.000 r  hw_i/zynq_ultra_ps_e_0/inst/buffer_pl_clk_0.PL_CLK_0_BUFG/O
                         net (fo=3796, routed)        1.610     1.610    hw_i/audio/clk_wiz_0/inst/clk_in1
    MMCM_X0Y2            MMCME4_ADV (Prop_MMCM_CLKIN1_CLKOUT0)
                                                      0.630     2.240 r  hw_i/audio/clk_wiz_0/inst/mmcme4_adv_inst/CLKOUT0
                         net (fo=1, routed)           0.215     2.455    hw_i/audio/clk_wiz_0/inst/clk_out1_hw_clk_wiz_0_0
    BUFGCE_X0Y66         BUFGCE (Prop_BUFCE_BUFGCE_I_O)
                                                      0.024     2.479 r  hw_i/audio/clk_wiz_0/inst/clkout1_buf/O
    X0Y1 (CLOCK_ROOT)    net (fo=444, routed)         1.779     4.258    hw_i/audio/aic3104_dma_wrapper_0/inst/aic3104_dma/tx_fifo/gnuram_async_fifo.xpm_fifo_base_inst/gen_sdpram.xpm_memory_base_inst/clkb
    SLICE_X16Y61         FDRE                                         r  hw_i/audio/aic3104_dma_wrapper_0/inst/aic3104_dma/tx_fifo/gnuram_async_fifo.xpm_fifo_base_inst/gen_sdpram.xpm_memory_base_inst/gen_rd_b.gen_rd_b_synth_template.gen_nc_narrow_pipe.doutb_reg_reg[30]/C
  -------------------------------------------------------------------    -------------------
    SLICE_X16Y61         FDRE (Prop_DFF_SLICEM_C_Q)
                                                      0.058     4.316 r  hw_i/audio/aic3104_dma_wrapper_0/inst/aic3104_dma/tx_fifo/gnuram_async_fifo.xpm_fifo_base_inst/gen_sdpram.xpm_memory_base_inst/gen_rd_b.gen_rd_b_synth_template.gen_nc_narrow_pipe.doutb_reg_reg[30]/Q
                         net (fo=1, routed)           0.117     4.433    hw_i/audio/aic3104_dma_wrapper_0/inst/aic3104_dma/tx_fifo/gnuram_async_fifo.xpm_fifo_base_inst/gen_sdpram.xpm_memory_base_inst/gen_rd_b.gen_rd_b_synth_template.gen_nc_narrow_pipe.doutb_reg_reg[30]
    SLICE_X15Y60         FDRE                                         r  hw_i/audio/aic3104_dma_wrapper_0/inst/aic3104_dma/tx_fifo/gnuram_async_fifo.xpm_fifo_base_inst/gen_sdpram.xpm_memory_base_inst/gen_rd_b.gen_doutb_pipe.gen_stage.doutb_pipe_reg[0][30]/D
  -------------------------------------------------------------------    -------------------

                         (clock clk_out1_hw_clk_wiz_0_0 rise edge)
                                                      0.000     0.000 r  
    BUFG_PS_X0Y67        BUFG_PS                      0.000     0.000 r  hw_i/zynq_ultra_ps_e_0/inst/buffer_pl_clk_0.PL_CLK_0_BUFG/O
                         net (fo=3796, routed)        1.794     1.794    hw_i/audio/clk_wiz_0/inst/clk_in1
    MMCM_X0Y2            MMCME4_ADV (Prop_MMCM_CLKIN1_CLKOUT0)
                                                     -0.127     1.667 r  hw_i/audio/clk_wiz_0/inst/mmcme4_adv_inst/CLKOUT0
                         net (fo=1, routed)           0.245     1.912    hw_i/audio/clk_wiz_0/inst/clk_out1_hw_clk_wiz_0_0
    BUFGCE_X0Y66         BUFGCE (Prop_BUFCE_BUFGCE_I_O)
                                                      0.028     1.940 r  hw_i/audio/clk_wiz_0/inst/clkout1_buf/O
    X0Y1 (CLOCK_ROOT)    net (fo=444, routed)         1.993     3.933    hw_i/audio/aic3104_dma_wrapper_0/inst/aic3104_dma/tx_fifo/gnuram_async_fifo.xpm_fifo_base_inst/gen_sdpram.xpm_memory_base_inst/clkb
    SLICE_X15Y60         FDRE                                         r  hw_i/audio/aic3104_dma_wrapper_0/inst/aic3104_dma/tx_fifo/gnuram_async_fifo.xpm_fifo_base_inst/gen_sdpram.xpm_memory_base_inst/gen_rd_b.gen_doutb_pipe.gen_stage.doutb_pipe_reg[0][30]/C
                         clock pessimism              0.403     4.336    
    SLICE_X15Y60         FDRE (Hold_EFF_SLICEL_C_D)
                                                      0.060     4.396    hw_i/audio/aic3104_dma_wrapper_0/inst/aic3104_dma/tx_fifo/gnuram_async_fifo.xpm_fifo_base_inst/gen_sdpram.xpm_memory_base_inst/gen_rd_b.gen_doutb_pipe.gen_stage.doutb_pipe_reg[0][30]
  -------------------------------------------------------------------
                         required time                         -4.396    
                         arrival time                           4.433    
  -------------------------------------------------------------------
                         slack                                  0.036    

Slack (MET) :             0.040ns  (arrival time - required time)
  Source:                 hw_i/audio/aic3104_dma_wrapper_0/inst/aic3104_dma/tx_fifo/gnuram_async_fifo.xpm_fifo_base_inst/gen_sdpram.xpm_memory_base_inst/gen_rd_b.gen_rd_b_synth_template.gen_nc_narrow_pipe.doutb_reg_reg[11]/C
                            (rising edge-triggered cell FDRE clocked by clk_out1_hw_clk_wiz_0_0  {rise@0.000ns fall@40.685ns period=81.369ns})
  Destination:            hw_i/audio/aic3104_dma_wrapper_0/inst/aic3104_dma/tx_fifo/gnuram_async_fifo.xpm_fifo_base_inst/gen_sdpram.xpm_memory_base_inst/gen_rd_b.gen_doutb_pipe.gen_stage.doutb_pipe_reg[0][11]/D
                            (rising edge-triggered cell FDRE clocked by clk_out1_hw_clk_wiz_0_0  {rise@0.000ns fall@40.685ns period=81.369ns})
  Path Group:             clk_out1_hw_clk_wiz_0_0
  Path Type:              Hold (Min at Fast Process Corner)
  Requirement:            0.000ns  (clk_out1_hw_clk_wiz_0_0 rise@0.000ns - clk_out1_hw_clk_wiz_0_0 rise@0.000ns)
  Data Path Delay:        0.104ns  (logic 0.041ns (39.423%)  route 0.063ns (60.577%))
  Logic Levels:           0  
  Clock Path Skew:        0.017ns (DCD - SCD - CPR)
    Destination Clock Delay (DCD):    2.224ns
    Source Clock Delay      (SCD):    2.472ns
    Clock Pessimism Removal (CPR):    -0.265ns
  Clock Net Delay (Source):      1.100ns (routing 0.529ns, distribution 0.571ns)
  Clock Net Delay (Destination): 1.241ns (routing 0.591ns, distribution 0.650ns)

    Location             Delay type                Incr(ns)  Path(ns)    Netlist Resource(s)
  -------------------------------------------------------------------    -------------------
                         (clock clk_out1_hw_clk_wiz_0_0 rise edge)
                                                      0.000     0.000 r  
    BUFG_PS_X0Y67        BUFG_PS                      0.000     0.000 r  hw_i/zynq_ultra_ps_e_0/inst/buffer_pl_clk_0.PL_CLK_0_BUFG/O
                         net (fo=3796, routed)        0.979     0.979    hw_i/audio/clk_wiz_0/inst/clk_in1
    MMCM_X0Y2            MMCME4_ADV (Prop_MMCM_CLKIN1_CLKOUT0)
                                                      0.230     1.209 r  hw_i/audio/clk_wiz_0/inst/mmcme4_adv_inst/CLKOUT0
                         net (fo=1, routed)           0.146     1.355    hw_i/audio/clk_wiz_0/inst/clk_out1_hw_clk_wiz_0_0
    BUFGCE_X0Y66         BUFGCE (Prop_BUFCE_BUFGCE_I_O)
                                                      0.017     1.372 r  hw_i/audio/clk_wiz_0/inst/clkout1_buf/O
    X0Y1 (CLOCK_ROOT)    net (fo=444, routed)         1.100     2.472    hw_i/audio/aic3104_dma_wrapper_0/inst/aic3104_dma/tx_fifo/gnuram_async_fifo.xpm_fifo_base_inst/gen_sdpram.xpm_memory_base_inst/clkb
    SLICE_X16Y54         FDRE                                         r  hw_i/audio/aic3104_dma_wrapper_0/inst/aic3104_dma/tx_fifo/gnuram_async_fifo.xpm_fifo_base_inst/gen_sdpram.xpm_memory_base_inst/gen_rd_b.gen_rd_b_synth_template.gen_nc_narrow_pipe.doutb_reg_reg[11]/C
  -------------------------------------------------------------------    -------------------
    SLICE_X16Y54         FDRE (Prop_DFF2_SLICEM_C_Q)
                                                      0.041     2.513 r  hw_i/audio/aic3104_dma_wrapper_0/inst/aic3104_dma/tx_fifo/gnuram_async_fifo.xpm_fifo_base_inst/gen_sdpram.xpm_memory_base_inst/gen_rd_b.gen_rd_b_synth_template.gen_nc_narrow_pipe.doutb_reg_reg[11]/Q
                         net (fo=1, routed)           0.063     2.576    hw_i/audio/aic3104_dma_wrapper_0/inst/aic3104_dma/tx_fifo/gnuram_async_fifo.xpm_fifo_base_inst/gen_sdpram.xpm_memory_base_inst/gen_rd_b.gen_rd_b_synth_template.gen_nc_narrow_pipe.doutb_reg_reg[11]
    SLICE_X16Y53         FDRE                                         r  hw_i/audio/aic3104_dma_wrapper_0/inst/aic3104_dma/tx_fifo/gnuram_async_fifo.xpm_fifo_base_inst/gen_sdpram.xpm_memory_base_inst/gen_rd_b.gen_doutb_pipe.gen_stage.doutb_pipe_reg[0][11]/D
  -------------------------------------------------------------------    -------------------

                         (clock clk_out1_hw_clk_wiz_0_0 rise edge)
                                                      0.000     0.000 r  
    BUFG_PS_X0Y67        BUFG_PS                      0.000     0.000 r  hw_i/zynq_ultra_ps_e_0/inst/buffer_pl_clk_0.PL_CLK_0_BUFG/O
                         net (fo=3796, routed)        1.093     1.093    hw_i/audio/clk_wiz_0/inst/clk_in1
    MMCM_X0Y2            MMCME4_ADV (Prop_MMCM_CLKIN1_CLKOUT0)
                                                     -0.295     0.798 r  hw_i/audio/clk_wiz_0/inst/mmcme4_adv_inst/CLKOUT0
                         net (fo=1, routed)           0.166     0.964    hw_i/audio/clk_wiz_0/inst/clk_out1_hw_clk_wiz_0_0
    BUFGCE_X0Y66         BUFGCE (Prop_BUFCE_BUFGCE_I_O)
                                                      0.019     0.983 r  hw_i/audio/clk_wiz_0/inst/clkout1_buf/O
    X0Y1 (CLOCK_ROOT)    net (fo=444, routed)         1.241     2.224    hw_i/audio/aic3104_dma_wrapper_0/inst/aic3104_dma/tx_fifo/gnuram_async_fifo.xpm_fifo_base_inst/gen_sdpram.xpm_memory_base_inst/clkb
    SLICE_X16Y53         FDRE                                         r  hw_i/audio/aic3104_dma_wrapper_0/inst/aic3104_dma/tx_fifo/gnuram_async_fifo.xpm_fifo_base_inst/gen_sdpram.xpm_memory_base_inst/gen_rd_b.gen_doutb_pipe.gen_stage.doutb_pipe_reg[0][11]/C
                         clock pessimism              0.265     2.489    
    SLICE_X16Y53         FDRE (Hold_EFF2_SLICEM_C_D)
                                                      0.047     2.536    hw_i/audio/aic3104_dma_wrapper_0/inst/aic3104_dma/tx_fifo/gnuram_async_fifo.xpm_fifo_base_inst/gen_sdpram.xpm_memory_base_inst/gen_rd_b.gen_doutb_pipe.gen_stage.doutb_pipe_reg[0][11]
  -------------------------------------------------------------------
                         required time                         -2.536    
                         arrival time                           2.576    
  -------------------------------------------------------------------
                         slack                                  0.040    

Slack (MET) :             0.040ns  (arrival time - required time)
  Source:                 hw_i/audio/aic3104_dma_wrapper_0/inst/aic3104_dma/rx_din_reg[45]/C
                            (rising edge-triggered cell FDRE clocked by clk_out1_hw_clk_wiz_0_0  {rise@0.000ns fall@40.685ns period=81.369ns})
  Destination:            hw_i/audio/aic3104_dma_wrapper_0/inst/aic3104_dma/rx_din_reg[45]/D
                            (rising edge-triggered cell FDRE clocked by clk_out1_hw_clk_wiz_0_0  {rise@0.000ns fall@40.685ns period=81.369ns})
  Path Group:             clk_out1_hw_clk_wiz_0_0
  Path Type:              Hold (Min at Fast Process Corner)
  Requirement:            0.000ns  (clk_out1_hw_clk_wiz_0_0 rise@0.000ns - clk_out1_hw_clk_wiz_0_0 rise@0.000ns)
  Data Path Delay:        0.092ns  (logic 0.054ns (58.696%)  route 0.038ns (41.304%))
  Logic Levels:           1  (LUT4=1)
  Clock Path Skew:        0.006ns (DCD - SCD - CPR)
    Destination Clock Delay (DCD):    2.214ns
    Source Clock Delay      (SCD):    2.463ns
    Clock Pessimism Removal (CPR):    -0.254ns
  Clock Net Delay (Source):      1.091ns (routing 0.529ns, distribution 0.562ns)
  Clock Net Delay (Destination): 1.231ns (routing 0.591ns, distribution 0.640ns)

    Location             Delay type                Incr(ns)  Path(ns)    Netlist Resource(s)
  -------------------------------------------------------------------    -------------------
                         (clock clk_out1_hw_clk_wiz_0_0 rise edge)
                                                      0.000     0.000 r  
    BUFG_PS_X0Y67        BUFG_PS                      0.000     0.000 r  hw_i/zynq_ultra_ps_e_0/inst/buffer_pl_clk_0.PL_CLK_0_BUFG/O
                         net (fo=3796, routed)        0.979     0.979    hw_i/audio/clk_wiz_0/inst/clk_in1
    MMCM_X0Y2            MMCME4_ADV (Prop_MMCM_CLKIN1_CLKOUT0)
                                                      0.230     1.209 r  hw_i/audio/clk_wiz_0/inst/mmcme4_adv_inst/CLKOUT0
                         net (fo=1, routed)           0.146     1.355    hw_i/audio/clk_wiz_0/inst/clk_out1_hw_clk_wiz_0_0
    BUFGCE_X0Y66         BUFGCE (Prop_BUFCE_BUFGCE_I_O)
                                                      0.017     1.372 r  hw_i/audio/clk_wiz_0/inst/clkout1_buf/O
    X0Y1 (CLOCK_ROOT)    net (fo=444, routed)         1.091     2.463    hw_i/audio/aic3104_dma_wrapper_0/inst/aic3104_dma/AIC_mclk_o
    SLICE_X17Y32         FDRE                                         r  hw_i/audio/aic3104_dma_wrapper_0/inst/aic3104_dma/rx_din_reg[45]/C
  -------------------------------------------------------------------    -------------------
    SLICE_X17Y32         FDRE (Prop_BFF_SLICEL_C_Q)
                                                      0.039     2.502 r  hw_i/audio/aic3104_dma_wrapper_0/inst/aic3104_dma/rx_din_reg[45]/Q
                         net (fo=1, routed)           0.023     2.525    hw_i/audio/aic3104_dma_wrapper_0/inst/aic3104_dma/rx_din[45]
    SLICE_X17Y32         LUT4 (Prop_B6LUT_SLICEL_I3_O)
                                                      0.015     2.540 r  hw_i/audio/aic3104_dma_wrapper_0/inst/aic3104_dma/rx_din[45]_i_1/O
                         net (fo=1, routed)           0.015     2.555    hw_i/audio/aic3104_dma_wrapper_0/inst/aic3104_dma/rx_din[45]_i_1_n_0
    SLICE_X17Y32         FDRE                                         r  hw_i/audio/aic3104_dma_wrapper_0/inst/aic3104_dma/rx_din_reg[45]/D
  -------------------------------------------------------------------    -------------------

                         (clock clk_out1_hw_clk_wiz_0_0 rise edge)
                                                      0.000     0.000 r  
    BUFG_PS_X0Y67        BUFG_PS                      0.000     0.000 r  hw_i/zynq_ultra_ps_e_0/inst/buffer_pl_clk_0.PL_CLK_0_BUFG/O
                         net (fo=3796, routed)        1.093     1.093    hw_i/audio/clk_wiz_0/inst/clk_in1
    MMCM_X0Y2            MMCME4_ADV (Prop_MMCM_CLKIN1_CLKOUT0)
                                                     -0.295     0.798 r  hw_i/audio/clk_wiz_0/inst/mmcme4_adv_inst/CLKOUT0
                         net (fo=1, routed)           0.166     0.964    hw_i/audio/clk_wiz_0/inst/clk_out1_hw_clk_wiz_0_0
    BUFGCE_X0Y66         BUFGCE (Prop_BUFCE_BUFGCE_I_O)
                                                      0.019     0.983 r  hw_i/audio/clk_wiz_0/inst/clkout1_buf/O
    X0Y1 (CLOCK_ROOT)    net (fo=444, routed)         1.231     2.214    hw_i/audio/aic3104_dma_wrapper_0/inst/aic3104_dma/AIC_mclk_o
    SLICE_X17Y32         FDRE                                         r  hw_i/audio/aic3104_dma_wrapper_0/inst/aic3104_dma/rx_din_reg[45]/C
                         clock pessimism              0.254     2.469    
    SLICE_X17Y32         FDRE (Hold_BFF_SLICEL_C_D)
                                                      0.046     2.515    hw_i/audio/aic3104_dma_wrapper_0/inst/aic3104_dma/rx_din_reg[45]
  -------------------------------------------------------------------
                         required time                         -2.515    
                         arrival time                           2.555    
  -------------------------------------------------------------------
                         slack                                  0.040    

Slack (MET) :             0.040ns  (arrival time - required time)
  Source:                 hw_i/audio/aic3104_dma_wrapper_0/inst/aic3104_dma/rx_din_reg[4]/C
                            (rising edge-triggered cell FDRE clocked by clk_out1_hw_clk_wiz_0_0  {rise@0.000ns fall@40.685ns period=81.369ns})
  Destination:            hw_i/audio/aic3104_dma_wrapper_0/inst/aic3104_dma/rx_din_reg[4]/D
                            (rising edge-triggered cell FDRE clocked by clk_out1_hw_clk_wiz_0_0  {rise@0.000ns fall@40.685ns period=81.369ns})
  Path Group:             clk_out1_hw_clk_wiz_0_0
  Path Type:              Hold (Min at Fast Process Corner)
  Requirement:            0.000ns  (clk_out1_hw_clk_wiz_0_0 rise@0.000ns - clk_out1_hw_clk_wiz_0_0 rise@0.000ns)
  Data Path Delay:        0.092ns  (logic 0.054ns (58.696%)  route 0.038ns (41.304%))
  Logic Levels:           1  (LUT4=1)
  Clock Path Skew:        0.006ns (DCD - SCD - CPR)
    Destination Clock Delay (DCD):    2.209ns
    Source Clock Delay      (SCD):    2.459ns
    Clock Pessimism Removal (CPR):    -0.255ns
  Clock Net Delay (Source):      1.087ns (routing 0.529ns, distribution 0.558ns)
  Clock Net Delay (Destination): 1.226ns (routing 0.591ns, distribution 0.635ns)

    Location             Delay type                Incr(ns)  Path(ns)    Netlist Resource(s)
  -------------------------------------------------------------------    -------------------
                         (clock clk_out1_hw_clk_wiz_0_0 rise edge)
                                                      0.000     0.000 r  
    BUFG_PS_X0Y67        BUFG_PS                      0.000     0.000 r  hw_i/zynq_ultra_ps_e_0/inst/buffer_pl_clk_0.PL_CLK_0_BUFG/O
                         net (fo=3796, routed)        0.979     0.979    hw_i/audio/clk_wiz_0/inst/clk_in1
    MMCM_X0Y2            MMCME4_ADV (Prop_MMCM_CLKIN1_CLKOUT0)
                                                      0.230     1.209 r  hw_i/audio/clk_wiz_0/inst/mmcme4_adv_inst/CLKOUT0
                         net (fo=1, routed)           0.146     1.355    hw_i/audio/clk_wiz_0/inst/clk_out1_hw_clk_wiz_0_0
    BUFGCE_X0Y66         BUFGCE (Prop_BUFCE_BUFGCE_I_O)
                                                      0.017     1.372 r  hw_i/audio/clk_wiz_0/inst/clkout1_buf/O
    X0Y1 (CLOCK_ROOT)    net (fo=444, routed)         1.087     2.459    hw_i/audio/aic3104_dma_wrapper_0/inst/aic3104_dma/AIC_mclk_o
    SLICE_X18Y34         FDRE                                         r  hw_i/audio/aic3104_dma_wrapper_0/inst/aic3104_dma/rx_din_reg[4]/C
  -------------------------------------------------------------------    -------------------
    SLICE_X18Y34         FDRE (Prop_BFF_SLICEL_C_Q)
                                                      0.039     2.498 r  hw_i/audio/aic3104_dma_wrapper_0/inst/aic3104_dma/rx_din_reg[4]/Q
                         net (fo=1, routed)           0.023     2.521    hw_i/audio/aic3104_dma_wrapper_0/inst/aic3104_dma/rx_din[4]
    SLICE_X18Y34         LUT4 (Prop_B6LUT_SLICEL_I3_O)
                                                      0.015     2.536 r  hw_i/audio/aic3104_dma_wrapper_0/inst/aic3104_dma/rx_din[4]_i_1/O
                         net (fo=1, routed)           0.015     2.551    hw_i/audio/aic3104_dma_wrapper_0/inst/aic3104_dma/rx_din[4]_i_1_n_0
    SLICE_X18Y34         FDRE                                         r  hw_i/audio/aic3104_dma_wrapper_0/inst/aic3104_dma/rx_din_reg[4]/D
  -------------------------------------------------------------------    -------------------

                         (clock clk_out1_hw_clk_wiz_0_0 rise edge)
                                                      0.000     0.000 r  
    BUFG_PS_X0Y67        BUFG_PS                      0.000     0.000 r  hw_i/zynq_ultra_ps_e_0/inst/buffer_pl_clk_0.PL_CLK_0_BUFG/O
                         net (fo=3796, routed)        1.093     1.093    hw_i/audio/clk_wiz_0/inst/clk_in1
    MMCM_X0Y2            MMCME4_ADV (Prop_MMCM_CLKIN1_CLKOUT0)
                                                     -0.295     0.798 r  hw_i/audio/clk_wiz_0/inst/mmcme4_adv_inst/CLKOUT0
                         net (fo=1, routed)           0.166     0.964    hw_i/audio/clk_wiz_0/inst/clk_out1_hw_clk_wiz_0_0
    BUFGCE_X0Y66         BUFGCE (Prop_BUFCE_BUFGCE_I_O)
                                                      0.019     0.983 r  hw_i/audio/clk_wiz_0/inst/clkout1_buf/O
    X0Y1 (CLOCK_ROOT)    net (fo=444, routed)         1.226     2.209    hw_i/audio/aic3104_dma_wrapper_0/inst/aic3104_dma/AIC_mclk_o
    SLICE_X18Y34         FDRE                                         r  hw_i/audio/aic3104_dma_wrapper_0/inst/aic3104_dma/rx_din_reg[4]/C
                         clock pessimism              0.255     2.465    
    SLICE_X18Y34         FDRE (Hold_BFF_SLICEL_C_D)
                                                      0.046     2.511    hw_i/audio/aic3104_dma_wrapper_0/inst/aic3104_dma/rx_din_reg[4]
  -------------------------------------------------------------------
                         required time                         -2.511    
                         arrival time                           2.551    
  -------------------------------------------------------------------
                         slack                                  0.040    

Slack (MET) :             0.041ns  (arrival time - required time)
  Source:                 hw_i/audio/aic3104_dma_wrapper_0/inst/aic3104_dma/rx_fifo/gnuram_async_fifo.xpm_fifo_base_inst/wrpp1_inst/count_value_i_reg[1]/C
                            (rising edge-triggered cell FDRE clocked by clk_out1_hw_clk_wiz_0_0  {rise@0.000ns fall@40.685ns period=81.369ns})
  Destination:            hw_i/audio/aic3104_dma_wrapper_0/inst/aic3104_dma/rx_fifo/gnuram_async_fifo.xpm_fifo_base_inst/wrpp1_inst/count_value_i_reg[2]/D
                            (rising edge-triggered cell FDRE clocked by clk_out1_hw_clk_wiz_0_0  {rise@0.000ns fall@40.685ns period=81.369ns})
  Path Group:             clk_out1_hw_clk_wiz_0_0
  Path Type:              Hold (Min at Fast Process Corner)
  Requirement:            0.000ns  (clk_out1_hw_clk_wiz_0_0 rise@0.000ns - clk_out1_hw_clk_wiz_0_0 rise@0.000ns)
  Data Path Delay:        0.094ns  (logic 0.059ns (63.081%)  route 0.035ns (36.919%))
  Logic Levels:           1  (LUT3=1)
  Clock Path Skew:        0.006ns (DCD - SCD - CPR)
    Destination Clock Delay (DCD):    2.219ns
    Source Clock Delay      (SCD):    2.467ns
    Clock Pessimism Removal (CPR):    -0.253ns
  Clock Net Delay (Source):      1.095ns (routing 0.529ns, distribution 0.566ns)
  Clock Net Delay (Destination): 1.236ns (routing 0.591ns, distribution 0.645ns)

    Location             Delay type                Incr(ns)  Path(ns)    Netlist Resource(s)
  -------------------------------------------------------------------    -------------------
                         (clock clk_out1_hw_clk_wiz_0_0 rise edge)
                                                      0.000     0.000 r  
    BUFG_PS_X0Y67        BUFG_PS                      0.000     0.000 r  hw_i/zynq_ultra_ps_e_0/inst/buffer_pl_clk_0.PL_CLK_0_BUFG/O
                         net (fo=3796, routed)        0.979     0.979    hw_i/audio/clk_wiz_0/inst/clk_in1
    MMCM_X0Y2            MMCME4_ADV (Prop_MMCM_CLKIN1_CLKOUT0)
                                                      0.230     1.209 r  hw_i/audio/clk_wiz_0/inst/mmcme4_adv_inst/CLKOUT0
                         net (fo=1, routed)           0.146     1.355    hw_i/audio/clk_wiz_0/inst/clk_out1_hw_clk_wiz_0_0
    BUFGCE_X0Y66         BUFGCE (Prop_BUFCE_BUFGCE_I_O)
                                                      0.017     1.372 r  hw_i/audio/clk_wiz_0/inst/clkout1_buf/O
    X0Y1 (CLOCK_ROOT)    net (fo=444, routed)         1.095     2.467    hw_i/audio/aic3104_dma_wrapper_0/inst/aic3104_dma/rx_fifo/gnuram_async_fifo.xpm_fifo_base_inst/wrpp1_inst/wr_clk
    SLICE_X22Y44         FDRE                                         r  hw_i/audio/aic3104_dma_wrapper_0/inst/aic3104_dma/rx_fifo/gnuram_async_fifo.xpm_fifo_base_inst/wrpp1_inst/count_value_i_reg[1]/C
  -------------------------------------------------------------------    -------------------
    SLICE_X22Y44         FDRE (Prop_HFF_SLICEL_C_Q)
                                                      0.039     2.506 r  hw_i/audio/aic3104_dma_wrapper_0/inst/aic3104_dma/rx_fifo/gnuram_async_fifo.xpm_fifo_base_inst/wrpp1_inst/count_value_i_reg[1]/Q
                         net (fo=8, routed)           0.029     2.534    hw_i/audio/aic3104_dma_wrapper_0/inst/aic3104_dma/rx_fifo/gnuram_async_fifo.xpm_fifo_base_inst/wrpp1_inst/Q[1]
    SLICE_X22Y44         LUT3 (Prop_H5LUT_SLICEL_I1_O)
                                                      0.020     2.554 r  hw_i/audio/aic3104_dma_wrapper_0/inst/aic3104_dma/rx_fifo/gnuram_async_fifo.xpm_fifo_base_inst/wrpp1_inst/count_value_i[2]_i_1__0/O
                         net (fo=1, routed)           0.006     2.560    hw_i/audio/aic3104_dma_wrapper_0/inst/aic3104_dma/rx_fifo/gnuram_async_fifo.xpm_fifo_base_inst/wrpp1_inst/count_value_i[2]_i_1__0_n_0
    SLICE_X22Y44         FDRE                                         r  hw_i/audio/aic3104_dma_wrapper_0/inst/aic3104_dma/rx_fifo/gnuram_async_fifo.xpm_fifo_base_inst/wrpp1_inst/count_value_i_reg[2]/D
  -------------------------------------------------------------------    -------------------

                         (clock clk_out1_hw_clk_wiz_0_0 rise edge)
                                                      0.000     0.000 r  
    BUFG_PS_X0Y67        BUFG_PS                      0.000     0.000 r  hw_i/zynq_ultra_ps_e_0/inst/buffer_pl_clk_0.PL_CLK_0_BUFG/O
                         net (fo=3796, routed)        1.093     1.093    hw_i/audio/clk_wiz_0/inst/clk_in1
    MMCM_X0Y2            MMCME4_ADV (Prop_MMCM_CLKIN1_CLKOUT0)
                                                     -0.295     0.798 r  hw_i/audio/clk_wiz_0/inst/mmcme4_adv_inst/CLKOUT0
                         net (fo=1, routed)           0.166     0.964    hw_i/audio/clk_wiz_0/inst/clk_out1_hw_clk_wiz_0_0
    BUFGCE_X0Y66         BUFGCE (Prop_BUFCE_BUFGCE_I_O)
                                                      0.019     0.983 r  hw_i/audio/clk_wiz_0/inst/clkout1_buf/O
    X0Y1 (CLOCK_ROOT)    net (fo=444, routed)         1.236     2.219    hw_i/audio/aic3104_dma_wrapper_0/inst/aic3104_dma/rx_fifo/gnuram_async_fifo.xpm_fifo_base_inst/wrpp1_inst/wr_clk
    SLICE_X22Y44         FDRE                                         r  hw_i/audio/aic3104_dma_wrapper_0/inst/aic3104_dma/rx_fifo/gnuram_async_fifo.xpm_fifo_base_inst/wrpp1_inst/count_value_i_reg[2]/C
                         clock pessimism              0.253     2.473    
    SLICE_X22Y44         FDRE (Hold_HFF2_SLICEL_C_D)
                                                      0.047     2.520    hw_i/audio/aic3104_dma_wrapper_0/inst/aic3104_dma/rx_fifo/gnuram_async_fifo.xpm_fifo_base_inst/wrpp1_inst/count_value_i_reg[2]
  -------------------------------------------------------------------
                         required time                         -2.520    
                         arrival time                           2.560    
  -------------------------------------------------------------------
                         slack                                  0.041    

Slack (MET) :             0.041ns  (arrival time - required time)
  Source:                 hw_i/audio/aic3104_dma_wrapper_0/inst/aic3104_dma/i2s_counter_reg[7]/C
                            (rising edge-triggered cell FDRE clocked by clk_out1_hw_clk_wiz_0_0  {rise@0.000ns fall@40.685ns period=81.369ns})
  Destination:            hw_i/audio/aic3104_dma_wrapper_0/inst/aic3104_dma/rx_push_reg/D
                            (rising edge-triggered cell FDRE clocked by clk_out1_hw_clk_wiz_0_0  {rise@0.000ns fall@40.685ns period=81.369ns})
  Path Group:             clk_out1_hw_clk_wiz_0_0
  Path Type:              Hold (Min at Fast Process Corner)
  Requirement:            0.000ns  (clk_out1_hw_clk_wiz_0_0 rise@0.000ns - clk_out1_hw_clk_wiz_0_0 rise@0.000ns)
  Data Path Delay:        0.094ns  (logic 0.059ns (63.081%)  route 0.035ns (36.919%))
  Logic Levels:           1  (LUT3=1)
  Clock Path Skew:        0.006ns (DCD - SCD - CPR)
    Destination Clock Delay (DCD):    2.225ns
    Source Clock Delay      (SCD):    2.472ns
    Clock Pessimism Removal (CPR):    -0.253ns
  Clock Net Delay (Source):      1.100ns (routing 0.529ns, distribution 0.571ns)
  Clock Net Delay (Destination): 1.242ns (routing 0.591ns, distribution 0.651ns)

    Location             Delay type                Incr(ns)  Path(ns)    Netlist Resource(s)
  -------------------------------------------------------------------    -------------------
                         (clock clk_out1_hw_clk_wiz_0_0 rise edge)
                                                      0.000     0.000 r  
    BUFG_PS_X0Y67        BUFG_PS                      0.000     0.000 r  hw_i/zynq_ultra_ps_e_0/inst/buffer_pl_clk_0.PL_CLK_0_BUFG/O
                         net (fo=3796, routed)        0.979     0.979    hw_i/audio/clk_wiz_0/inst/clk_in1
    MMCM_X0Y2            MMCME4_ADV (Prop_MMCM_CLKIN1_CLKOUT0)
                                                      0.230     1.209 r  hw_i/audio/clk_wiz_0/inst/mmcme4_adv_inst/CLKOUT0
                         net (fo=1, routed)           0.146     1.355    hw_i/audio/clk_wiz_0/inst/clk_out1_hw_clk_wiz_0_0
    BUFGCE_X0Y66         BUFGCE (Prop_BUFCE_BUFGCE_I_O)
                                                      0.017     1.372 r  hw_i/audio/clk_wiz_0/inst/clkout1_buf/O
    X0Y1 (CLOCK_ROOT)    net (fo=444, routed)         1.100     2.472    hw_i/audio/aic3104_dma_wrapper_0/inst/aic3104_dma/AIC_mclk_o
    SLICE_X17Y55         FDRE                                         r  hw_i/audio/aic3104_dma_wrapper_0/inst/aic3104_dma/i2s_counter_reg[7]/C
  -------------------------------------------------------------------    -------------------
    SLICE_X17Y55         FDRE (Prop_HFF_SLICEL_C_Q)
                                                      0.039     2.511 r  hw_i/audio/aic3104_dma_wrapper_0/inst/aic3104_dma/i2s_counter_reg[7]/Q
                         net (fo=12, routed)          0.029     2.540    hw_i/audio/aic3104_dma_wrapper_0/inst/aic3104_dma/AIC_lrclk_o
    SLICE_X17Y55         LUT3 (Prop_H5LUT_SLICEL_I2_O)
                                                      0.020     2.560 r  hw_i/audio/aic3104_dma_wrapper_0/inst/aic3104_dma/rx_push_i_1/O
                         net (fo=1, routed)           0.006     2.566    hw_i/audio/aic3104_dma_wrapper_0/inst/aic3104_dma/rx_push_i_1_n_0
    SLICE_X17Y55         FDRE                                         r  hw_i/audio/aic3104_dma_wrapper_0/inst/aic3104_dma/rx_push_reg/D
  -------------------------------------------------------------------    -------------------

                         (clock clk_out1_hw_clk_wiz_0_0 rise edge)
                                                      0.000     0.000 r  
    BUFG_PS_X0Y67        BUFG_PS                      0.000     0.000 r  hw_i/zynq_ultra_ps_e_0/inst/buffer_pl_clk_0.PL_CLK_0_BUFG/O
                         net (fo=3796, routed)        1.093     1.093    hw_i/audio/clk_wiz_0/inst/clk_in1
    MMCM_X0Y2            MMCME4_ADV (Prop_MMCM_CLKIN1_CLKOUT0)
                                                     -0.295     0.798 r  hw_i/audio/clk_wiz_0/inst/mmcme4_adv_inst/CLKOUT0
                         net (fo=1, routed)           0.166     0.964    hw_i/audio/clk_wiz_0/inst/clk_out1_hw_clk_wiz_0_0
    BUFGCE_X0Y66         BUFGCE (Prop_BUFCE_BUFGCE_I_O)
                                                      0.019     0.983 r  hw_i/audio/clk_wiz_0/inst/clkout1_buf/O
    X0Y1 (CLOCK_ROOT)    net (fo=444, routed)         1.242     2.225    hw_i/audio/aic3104_dma_wrapper_0/inst/aic3104_dma/AIC_mclk_o
    SLICE_X17Y55         FDRE                                         r  hw_i/audio/aic3104_dma_wrapper_0/inst/aic3104_dma/rx_push_reg/C
                         clock pessimism              0.253     2.478    
    SLICE_X17Y55         FDRE (Hold_HFF2_SLICEL_C_D)
                                                      0.047     2.525    hw_i/audio/aic3104_dma_wrapper_0/inst/aic3104_dma/rx_push_reg
  -------------------------------------------------------------------
                         required time                         -2.525    
                         arrival time                           2.566    
  -------------------------------------------------------------------
                         slack                                  0.041    

Slack (MET) :             0.041ns  (arrival time - required time)
  Source:                 hw_i/audio/aic3104_dma_wrapper_0/inst/aic3104_dma/tx_fifo/gnuram_async_fifo.xpm_fifo_base_inst/rdpp1_inst/count_value_i_reg[1]/C
                            (rising edge-triggered cell FDRE clocked by clk_out1_hw_clk_wiz_0_0  {rise@0.000ns fall@40.685ns period=81.369ns})
  Destination:            hw_i/audio/aic3104_dma_wrapper_0/inst/aic3104_dma/tx_fifo/gnuram_async_fifo.xpm_fifo_base_inst/rdpp1_inst/count_value_i_reg[4]/D
                            (rising edge-triggered cell FDRE clocked by clk_out1_hw_clk_wiz_0_0  {rise@0.000ns fall@40.685ns period=81.369ns})
  Path Group:             clk_out1_hw_clk_wiz_0_0
  Path Type:              Hold (Min at Fast Process Corner)
  Requirement:            0.000ns  (clk_out1_hw_clk_wiz_0_0 rise@0.000ns - clk_out1_hw_clk_wiz_0_0 rise@0.000ns)
  Data Path Delay:        0.094ns  (logic 0.059ns (62.907%)  route 0.035ns (37.093%))
  Logic Levels:           1  (LUT5=1)
  Clock Path Skew:        0.006ns (DCD - SCD - CPR)
    Destination Clock Delay (DCD):    2.203ns
    Source Clock Delay      (SCD):    2.453ns
    Clock Pessimism Removal (CPR):    -0.256ns
  Clock Net Delay (Source):      1.081ns (routing 0.529ns, distribution 0.552ns)
  Clock Net Delay (Destination): 1.220ns (routing 0.591ns, distribution 0.629ns)

    Location             Delay type                Incr(ns)  Path(ns)    Netlist Resource(s)
  -------------------------------------------------------------------    -------------------
                         (clock clk_out1_hw_clk_wiz_0_0 rise edge)
                                                      0.000     0.000 r  
    BUFG_PS_X0Y67        BUFG_PS                      0.000     0.000 r  hw_i/zynq_ultra_ps_e_0/inst/buffer_pl_clk_0.PL_CLK_0_BUFG/O
                         net (fo=3796, routed)        0.979     0.979    hw_i/audio/clk_wiz_0/inst/clk_in1
    MMCM_X0Y2            MMCME4_ADV (Prop_MMCM_CLKIN1_CLKOUT0)
                                                      0.230     1.209 r  hw_i/audio/clk_wiz_0/inst/mmcme4_adv_inst/CLKOUT0
                         net (fo=1, routed)           0.146     1.355    hw_i/audio/clk_wiz_0/inst/clk_out1_hw_clk_wiz_0_0
    BUFGCE_X0Y66         BUFGCE (Prop_BUFCE_BUFGCE_I_O)
                                                      0.017     1.372 r  hw_i/audio/clk_wiz_0/inst/clkout1_buf/O
    X0Y1 (CLOCK_ROOT)    net (fo=444, routed)         1.081     2.453    hw_i/audio/aic3104_dma_wrapper_0/inst/aic3104_dma/tx_fifo/gnuram_async_fifo.xpm_fifo_base_inst/rdpp1_inst/rd_clk
    SLICE_X18Y60         FDRE                                         r  hw_i/audio/aic3104_dma_wrapper_0/inst/aic3104_dma/tx_fifo/gnuram_async_fifo.xpm_fifo_base_inst/rdpp1_inst/count_value_i_reg[1]/C
  -------------------------------------------------------------------    -------------------
    SLICE_X18Y60         FDRE (Prop_HFF_SLICEL_C_Q)
                                                      0.039     2.492 r  hw_i/audio/aic3104_dma_wrapper_0/inst/aic3104_dma/tx_fifo/gnuram_async_fifo.xpm_fifo_base_inst/rdpp1_inst/count_value_i_reg[1]/Q
                         net (fo=6, routed)           0.029     2.521    hw_i/audio/aic3104_dma_wrapper_0/inst/aic3104_dma/tx_fifo/gnuram_async_fifo.xpm_fifo_base_inst/rdpp1_inst/count_value_i_reg_n_0_[1]
    SLICE_X18Y60         LUT5 (Prop_G5LUT_SLICEL_I1_O)
                                                      0.020     2.541 r  hw_i/audio/aic3104_dma_wrapper_0/inst/aic3104_dma/tx_fifo/gnuram_async_fifo.xpm_fifo_base_inst/rdpp1_inst/count_value_i[4]_i_1__2/O
                         net (fo=1, routed)           0.006     2.547    hw_i/audio/aic3104_dma_wrapper_0/inst/aic3104_dma/tx_fifo/gnuram_async_fifo.xpm_fifo_base_inst/rdpp1_inst/count_value_i[4]_i_1__2_n_0
    SLICE_X18Y60         FDRE                                         r  hw_i/audio/aic3104_dma_wrapper_0/inst/aic3104_dma/tx_fifo/gnuram_async_fifo.xpm_fifo_base_inst/rdpp1_inst/count_value_i_reg[4]/D
  -------------------------------------------------------------------    -------------------

                         (clock clk_out1_hw_clk_wiz_0_0 rise edge)
                                                      0.000     0.000 r  
    BUFG_PS_X0Y67        BUFG_PS                      0.000     0.000 r  hw_i/zynq_ultra_ps_e_0/inst/buffer_pl_clk_0.PL_CLK_0_BUFG/O
                         net (fo=3796, routed)        1.093     1.093    hw_i/audio/clk_wiz_0/inst/clk_in1
    MMCM_X0Y2            MMCME4_ADV (Prop_MMCM_CLKIN1_CLKOUT0)
                                                     -0.295     0.798 r  hw_i/audio/clk_wiz_0/inst/mmcme4_adv_inst/CLKOUT0
                         net (fo=1, routed)           0.166     0.964    hw_i/audio/clk_wiz_0/inst/clk_out1_hw_clk_wiz_0_0
    BUFGCE_X0Y66         BUFGCE (Prop_BUFCE_BUFGCE_I_O)
                                                      0.019     0.983 r  hw_i/audio/clk_wiz_0/inst/clkout1_buf/O
    X0Y1 (CLOCK_ROOT)    net (fo=444, routed)         1.220     2.203    hw_i/audio/aic3104_dma_wrapper_0/inst/aic3104_dma/tx_fifo/gnuram_async_fifo.xpm_fifo_base_inst/rdpp1_inst/rd_clk
    SLICE_X18Y60         FDRE                                         r  hw_i/audio/aic3104_dma_wrapper_0/inst/aic3104_dma/tx_fifo/gnuram_async_fifo.xpm_fifo_base_inst/rdpp1_inst/count_value_i_reg[4]/C
                         clock pessimism              0.256     2.459    
    SLICE_X18Y60         FDRE (Hold_GFF2_SLICEL_C_D)
                                                      0.047     2.506    hw_i/audio/aic3104_dma_wrapper_0/inst/aic3104_dma/tx_fifo/gnuram_async_fifo.xpm_fifo_base_inst/rdpp1_inst/count_value_i_reg[4]
  -------------------------------------------------------------------
                         required time                         -2.506    
                         arrival time                           2.547    
  -------------------------------------------------------------------
                         slack                                  0.041    





Pulse Width Checks
--------------------------------------------------------------------------------------
Clock Name:         clk_out1_hw_clk_wiz_0_0
Waveform(ns):       { 0.000 40.685 }
Period(ns):         81.369
Sources:            { hw_i/audio/clk_wiz_0/inst/mmcme4_adv_inst/CLKOUT0 }

Check Type        Corner  Lib Pin             Reference Pin  Required(ns)  Actual(ns)  Slack(ns)  Location      Pin
Min Period        n/a     BUFGCE/I            n/a            1.290         81.369      80.079     BUFGCE_X0Y66  hw_i/audio/clk_wiz_0/inst/clkout1_buf/I
Min Period        n/a     MMCME4_ADV/CLKOUT0  n/a            1.071         81.369      80.298     MMCM_X0Y2     hw_i/audio/clk_wiz_0/inst/mmcme4_adv_inst/CLKOUT0
Min Period        n/a     RAMD64E/CLK         n/a            1.064         81.369      80.305     SLICE_X20Y25  hw_i/audio/aic3104_dma_wrapper_0/inst/aic3104_dma/rx_fifo/gnuram_async_fifo.xpm_fifo_base_inst/gen_sdpram.xpm_memory_base_inst/gen_wr_a.gen_word_narrow.mem_reg_0_63_0_6/RAMA/CLK
Min Period        n/a     RAMD64E/CLK         n/a            1.064         81.369      80.305     SLICE_X20Y25  hw_i/audio/aic3104_dma_wrapper_0/inst/aic3104_dma/rx_fifo/gnuram_async_fifo.xpm_fifo_base_inst/gen_sdpram.xpm_memory_base_inst/gen_wr_a.gen_word_narrow.mem_reg_0_63_0_6/RAMB/CLK
Min Period        n/a     RAMD64E/CLK         n/a            1.064         81.369      80.305     SLICE_X20Y25  hw_i/audio/aic3104_dma_wrapper_0/inst/aic3104_dma/rx_fifo/gnuram_async_fifo.xpm_fifo_base_inst/gen_sdpram.xpm_memory_base_inst/gen_wr_a.gen_word_narrow.mem_reg_0_63_0_6/RAMC/CLK
Min Period        n/a     RAMD64E/CLK         n/a            1.064         81.369      80.305     SLICE_X20Y25  hw_i/audio/aic3104_dma_wrapper_0/inst/aic3104_dma/rx_fifo/gnuram_async_fifo.xpm_fifo_base_inst/gen_sdpram.xpm_memory_base_inst/gen_wr_a.gen_word_narrow.mem_reg_0_63_0_6/RAMD/CLK
Min Period        n/a     RAMD64E/CLK         n/a            1.064         81.369      80.305     SLICE_X20Y25  hw_i/audio/aic3104_dma_wrapper_0/inst/aic3104_dma/rx_fifo/gnuram_async_fifo.xpm_fifo_base_inst/gen_sdpram.xpm_memory_base_inst/gen_wr_a.gen_word_narrow.mem_reg_0_63_0_6/RAME/CLK
Min Period        n/a     RAMD64E/CLK         n/a            1.064         81.369      80.305     SLICE_X20Y25  hw_i/audio/aic3104_dma_wrapper_0/inst/aic3104_dma/rx_fifo/gnuram_async_fifo.xpm_fifo_base_inst/gen_sdpram.xpm_memory_base_inst/gen_wr_a.gen_word_narrow.mem_reg_0_63_0_6/RAMF/CLK
Min Period        n/a     RAMD64E/CLK         n/a            1.064         81.369      80.305     SLICE_X20Y25  hw_i/audio/aic3104_dma_wrapper_0/inst/aic3104_dma/rx_fifo/gnuram_async_fifo.xpm_fifo_base_inst/gen_sdpram.xpm_memory_base_inst/gen_wr_a.gen_word_narrow.mem_reg_0_63_0_6/RAMG/CLK
Min Period        n/a     RAMD64E/CLK         n/a            1.064         81.369      80.305     SLICE_X20Y25  hw_i/audio/aic3104_dma_wrapper_0/inst/aic3104_dma/rx_fifo/gnuram_async_fifo.xpm_fifo_base_inst/gen_sdpram.xpm_memory_base_inst/gen_wr_a.gen_word_narrow.mem_reg_0_63_0_6/RAMH/CLK
Low Pulse Width   Slow    RAMD64E/CLK         n/a            0.532         40.685      40.152     SLICE_X20Y25  hw_i/audio/aic3104_dma_wrapper_0/inst/aic3104_dma/rx_fifo/gnuram_async_fifo.xpm_fifo_base_inst/gen_sdpram.xpm_memory_base_inst/gen_wr_a.gen_word_narrow.mem_reg_0_63_0_6/RAMA/CLK
Low Pulse Width   Fast    RAMD64E/CLK         n/a            0.532         40.685      40.153     SLICE_X20Y25  hw_i/audio/aic3104_dma_wrapper_0/inst/aic3104_dma/rx_fifo/gnuram_async_fifo.xpm_fifo_base_inst/gen_sdpram.xpm_memory_base_inst/gen_wr_a.gen_word_narrow.mem_reg_0_63_0_6/RAMA/CLK
Low Pulse Width   Slow    RAMD64E/CLK         n/a            0.532         40.685      40.152     SLICE_X20Y25  hw_i/audio/aic3104_dma_wrapper_0/inst/aic3104_dma/rx_fifo/gnuram_async_fifo.xpm_fifo_base_inst/gen_sdpram.xpm_memory_base_inst/gen_wr_a.gen_word_narrow.mem_reg_0_63_0_6/RAMB/CLK
Low Pulse Width   Fast    RAMD64E/CLK         n/a            0.532         40.685      40.153     SLICE_X20Y25  hw_i/audio/aic3104_dma_wrapper_0/inst/aic3104_dma/rx_fifo/gnuram_async_fifo.xpm_fifo_base_inst/gen_sdpram.xpm_memory_base_inst/gen_wr_a.gen_word_narrow.mem_reg_0_63_0_6/RAMB/CLK
Low Pulse Width   Slow    RAMD64E/CLK         n/a            0.532         40.685      40.152     SLICE_X20Y25  hw_i/audio/aic3104_dma_wrapper_0/inst/aic3104_dma/rx_fifo/gnuram_async_fifo.xpm_fifo_base_inst/gen_sdpram.xpm_memory_base_inst/gen_wr_a.gen_word_narrow.mem_reg_0_63_0_6/RAMC/CLK
Low Pulse Width   Fast    RAMD64E/CLK         n/a            0.532         40.685      40.153     SLICE_X20Y25  hw_i/audio/aic3104_dma_wrapper_0/inst/aic3104_dma/rx_fifo/gnuram_async_fifo.xpm_fifo_base_inst/gen_sdpram.xpm_memory_base_inst/gen_wr_a.gen_word_narrow.mem_reg_0_63_0_6/RAMC/CLK
Low Pulse Width   Slow    RAMD64E/CLK         n/a            0.532         40.685      40.152     SLICE_X20Y25  hw_i/audio/aic3104_dma_wrapper_0/inst/aic3104_dma/rx_fifo/gnuram_async_fifo.xpm_fifo_base_inst/gen_sdpram.xpm_memory_base_inst/gen_wr_a.gen_word_narrow.mem_reg_0_63_0_6/RAMD/CLK
Low Pulse Width   Fast    RAMD64E/CLK         n/a            0.532         40.685      40.153     SLICE_X20Y25  hw_i/audio/aic3104_dma_wrapper_0/inst/aic3104_dma/rx_fifo/gnuram_async_fifo.xpm_fifo_base_inst/gen_sdpram.xpm_memory_base_inst/gen_wr_a.gen_word_narrow.mem_reg_0_63_0_6/RAMD/CLK
Low Pulse Width   Slow    RAMD64E/CLK         n/a            0.532         40.685      40.152     SLICE_X20Y25  hw_i/audio/aic3104_dma_wrapper_0/inst/aic3104_dma/rx_fifo/gnuram_async_fifo.xpm_fifo_base_inst/gen_sdpram.xpm_memory_base_inst/gen_wr_a.gen_word_narrow.mem_reg_0_63_0_6/RAME/CLK
Low Pulse Width   Fast    RAMD64E/CLK         n/a            0.532         40.685      40.153     SLICE_X20Y25  hw_i/audio/aic3104_dma_wrapper_0/inst/aic3104_dma/rx_fifo/gnuram_async_fifo.xpm_fifo_base_inst/gen_sdpram.xpm_memory_base_inst/gen_wr_a.gen_word_narrow.mem_reg_0_63_0_6/RAME/CLK
High Pulse Width  Slow    RAMD64E/CLK         n/a            0.532         40.685      40.153     SLICE_X20Y25  hw_i/audio/aic3104_dma_wrapper_0/inst/aic3104_dma/rx_fifo/gnuram_async_fifo.xpm_fifo_base_inst/gen_sdpram.xpm_memory_base_inst/gen_wr_a.gen_word_narrow.mem_reg_0_63_0_6/RAMA/CLK
High Pulse Width  Fast    RAMD64E/CLK         n/a            0.532         40.685      40.153     SLICE_X20Y25  hw_i/audio/aic3104_dma_wrapper_0/inst/aic3104_dma/rx_fifo/gnuram_async_fifo.xpm_fifo_base_inst/gen_sdpram.xpm_memory_base_inst/gen_wr_a.gen_word_narrow.mem_reg_0_63_0_6/RAMA/CLK
High Pulse Width  Slow    RAMD64E/CLK         n/a            0.532         40.685      40.153     SLICE_X20Y25  hw_i/audio/aic3104_dma_wrapper_0/inst/aic3104_dma/rx_fifo/gnuram_async_fifo.xpm_fifo_base_inst/gen_sdpram.xpm_memory_base_inst/gen_wr_a.gen_word_narrow.mem_reg_0_63_0_6/RAMB/CLK
High Pulse Width  Fast    RAMD64E/CLK         n/a            0.532         40.685      40.153     SLICE_X20Y25  hw_i/audio/aic3104_dma_wrapper_0/inst/aic3104_dma/rx_fifo/gnuram_async_fifo.xpm_fifo_base_inst/gen_sdpram.xpm_memory_base_inst/gen_wr_a.gen_word_narrow.mem_reg_0_63_0_6/RAMB/CLK
High Pulse Width  Slow    RAMD64E/CLK         n/a            0.532         40.685      40.153     SLICE_X20Y25  hw_i/audio/aic3104_dma_wrapper_0/inst/aic3104_dma/rx_fifo/gnuram_async_fifo.xpm_fifo_base_inst/gen_sdpram.xpm_memory_base_inst/gen_wr_a.gen_word_narrow.mem_reg_0_63_0_6/RAMC/CLK
High Pulse Width  Fast    RAMD64E/CLK         n/a            0.532         40.685      40.153     SLICE_X20Y25  hw_i/audio/aic3104_dma_wrapper_0/inst/aic3104_dma/rx_fifo/gnuram_async_fifo.xpm_fifo_base_inst/gen_sdpram.xpm_memory_base_inst/gen_wr_a.gen_word_narrow.mem_reg_0_63_0_6/RAMC/CLK
High Pulse Width  Slow    RAMD64E/CLK         n/a            0.532         40.685      40.153     SLICE_X20Y25  hw_i/audio/aic3104_dma_wrapper_0/inst/aic3104_dma/rx_fifo/gnuram_async_fifo.xpm_fifo_base_inst/gen_sdpram.xpm_memory_base_inst/gen_wr_a.gen_word_narrow.mem_reg_0_63_0_6/RAMD/CLK
High Pulse Width  Fast    RAMD64E/CLK         n/a            0.532         40.685      40.153     SLICE_X20Y25  hw_i/audio/aic3104_dma_wrapper_0/inst/aic3104_dma/rx_fifo/gnuram_async_fifo.xpm_fifo_base_inst/gen_sdpram.xpm_memory_base_inst/gen_wr_a.gen_word_narrow.mem_reg_0_63_0_6/RAMD/CLK
High Pulse Width  Slow    RAMD64E/CLK         n/a            0.532         40.685      40.153     SLICE_X20Y25  hw_i/audio/aic3104_dma_wrapper_0/inst/aic3104_dma/rx_fifo/gnuram_async_fifo.xpm_fifo_base_inst/gen_sdpram.xpm_memory_base_inst/gen_wr_a.gen_word_narrow.mem_reg_0_63_0_6/RAME/CLK
High Pulse Width  Fast    RAMD64E/CLK         n/a            0.532         40.685      40.153     SLICE_X20Y25  hw_i/audio/aic3104_dma_wrapper_0/inst/aic3104_dma/rx_fifo/gnuram_async_fifo.xpm_fifo_base_inst/gen_sdpram.xpm_memory_base_inst/gen_wr_a.gen_word_narrow.mem_reg_0_63_0_6/RAME/CLK



---------------------------------------------------------------------------------------------------
From Clock:  clk_out1_hw_clk_wiz_0_0
  To Clock:  clk_pl_0

Setup :            0  Failing Endpoints,  Worst Slack       80.523ns,  Total Violation        0.000ns
Hold  :           NA  Failing Endpoints,  Worst Slack           NA  ,  Total Violation           NA
---------------------------------------------------------------------------------------------------


Max Delay Paths
--------------------------------------------------------------------------------------
Slack (MET) :             80.523ns  (required time - arrival time)
  Source:                 hw_i/audio/aic3104_dma_wrapper_0/inst/aic3104_dma/rx_fifo/gnuram_async_fifo.xpm_fifo_base_inst/gen_sdpram.xpm_memory_base_inst/gen_wr_a.gen_word_narrow.mem_reg_64_127_14_20/RAMC/CLK
                            (rising edge-triggered cell RAMD64E clocked by clk_out1_hw_clk_wiz_0_0  {rise@0.000ns fall@40.685ns period=81.369ns})
  Destination:            hw_i/audio/aic3104_dma_wrapper_0/inst/aic3104_dma/rx_fifo/gnuram_async_fifo.xpm_fifo_base_inst/gen_sdpram.xpm_memory_base_inst/gen_rd_b.gen_rd_b_synth_template.gen_nc_narrow_pipe.doutb_reg_reg[16]/D
                            (rising edge-triggered cell FDRE clocked by clk_pl_0  {rise@0.000ns fall@5.156ns period=10.312ns})
  Path Group:             clk_pl_0
  Path Type:              Setup (Max at Slow Process Corner)
  Requirement:            81.369ns  (MaxDelay Path 81.369ns)
  Data Path Delay:        0.871ns  (logic 0.357ns (40.987%)  route 0.514ns (59.013%))
  Logic Levels:           1  (LUT3=1)
  Timing Exception:       MaxDelay Path 81.369ns -datapath_only

    Location             Delay type                Incr(ns)  Path(ns)    Netlist Resource(s)
  -------------------------------------------------------------------    -------------------
    SLICE_X16Y25                                      0.000     0.000 r  hw_i/audio/aic3104_dma_wrapper_0/inst/aic3104_dma/rx_fifo/gnuram_async_fifo.xpm_fifo_base_inst/gen_sdpram.xpm_memory_base_inst/gen_wr_a.gen_word_narrow.mem_reg_64_127_14_20/RAMC/CLK
    SLICE_X16Y25         RAMD64E (Prop_C6LUT_SLICEM_CLK_O)
                                                      0.307     0.307 r  hw_i/audio/aic3104_dma_wrapper_0/inst/aic3104_dma/rx_fifo/gnuram_async_fifo.xpm_fifo_base_inst/gen_sdpram.xpm_memory_base_inst/gen_wr_a.gen_word_narrow.mem_reg_64_127_14_20/RAMC/O
                         net (fo=1, routed)           0.464     0.771    hw_i/audio/aic3104_dma_wrapper_0/inst/aic3104_dma/rx_fifo/gnuram_async_fifo.xpm_fifo_base_inst/gen_sdpram.xpm_memory_base_inst/gen_wr_a.gen_word_narrow.mem_reg_64_127_14_20_n_2
    SLICE_X15Y24         LUT3 (Prop_C6LUT_SLICEL_I0_O)
                                                      0.050     0.821 r  hw_i/audio/aic3104_dma_wrapper_0/inst/aic3104_dma/rx_fifo/gnuram_async_fifo.xpm_fifo_base_inst/gen_sdpram.xpm_memory_base_inst/gen_rd_b.gen_rd_b_synth_template.gen_nc_narrow_pipe.doutb_reg[16]_i_1/O
                         net (fo=1, routed)           0.050     0.871    hw_i/audio/aic3104_dma_wrapper_0/inst/aic3104_dma/rx_fifo/gnuram_async_fifo.xpm_fifo_base_inst/gen_sdpram.xpm_memory_base_inst/gen_rd_b.gen_rd_b_synth_template.gen_nc_narrow_pipe.doutb_reg_reg0[16]
    SLICE_X15Y24         FDRE                                         r  hw_i/audio/aic3104_dma_wrapper_0/inst/aic3104_dma/rx_fifo/gnuram_async_fifo.xpm_fifo_base_inst/gen_sdpram.xpm_memory_base_inst/gen_rd_b.gen_rd_b_synth_template.gen_nc_narrow_pipe.doutb_reg_reg[16]/D
  -------------------------------------------------------------------    -------------------

                         max delay                   81.369    81.369    
    SLICE_X15Y24         FDRE (Setup_CFF_SLICEL_C_D)
                                                      0.025    81.394    hw_i/audio/aic3104_dma_wrapper_0/inst/aic3104_dma/rx_fifo/gnuram_async_fifo.xpm_fifo_base_inst/gen_sdpram.xpm_memory_base_inst/gen_rd_b.gen_rd_b_synth_template.gen_nc_narrow_pipe.doutb_reg_reg[16]
  -------------------------------------------------------------------
                         required time                         81.394    
                         arrival time                          -0.871    
  -------------------------------------------------------------------
                         slack                                 80.523    

Slack (MET) :             80.607ns  (required time - arrival time)
  Source:                 hw_i/audio/aic3104_dma_wrapper_0/inst/aic3104_dma/rx_fifo/gnuram_async_fifo.xpm_fifo_base_inst/gen_sdpram.xpm_memory_base_inst/gen_wr_a.gen_word_narrow.mem_reg_64_127_21_27/RAMA/CLK
                            (rising edge-triggered cell RAMD64E clocked by clk_out1_hw_clk_wiz_0_0  {rise@0.000ns fall@40.685ns period=81.369ns})
  Destination:            hw_i/audio/aic3104_dma_wrapper_0/inst/aic3104_dma/rx_fifo/gnuram_async_fifo.xpm_fifo_base_inst/gen_sdpram.xpm_memory_base_inst/gen_rd_b.gen_rd_b_synth_template.gen_nc_narrow_pipe.doutb_reg_reg[21]/D
                            (rising edge-triggered cell FDRE clocked by clk_pl_0  {rise@0.000ns fall@5.156ns period=10.312ns})
  Path Group:             clk_pl_0
  Path Type:              Setup (Max at Slow Process Corner)
  Requirement:            81.369ns  (MaxDelay Path 81.369ns)
  Data Path Delay:        0.787ns  (logic 0.417ns (52.986%)  route 0.370ns (47.014%))
  Logic Levels:           1  (LUT3=1)
  Timing Exception:       MaxDelay Path 81.369ns -datapath_only

    Location             Delay type                Incr(ns)  Path(ns)    Netlist Resource(s)
  -------------------------------------------------------------------    -------------------
    SLICE_X19Y26                                      0.000     0.000 r  hw_i/audio/aic3104_dma_wrapper_0/inst/aic3104_dma/rx_fifo/gnuram_async_fifo.xpm_fifo_base_inst/gen_sdpram.xpm_memory_base_inst/gen_wr_a.gen_word_narrow.mem_reg_64_127_21_27/RAMA/CLK
    SLICE_X19Y26         RAMD64E (Prop_A6LUT_SLICEM_CLK_O)
                                                      0.305     0.305 r  hw_i/audio/aic3104_dma_wrapper_0/inst/aic3104_dma/rx_fifo/gnuram_async_fifo.xpm_fifo_base_inst/gen_sdpram.xpm_memory_base_inst/gen_wr_a.gen_word_narrow.mem_reg_64_127_21_27/RAMA/O
                         net (fo=1, routed)           0.353     0.658    hw_i/audio/aic3104_dma_wrapper_0/inst/aic3104_dma/rx_fifo/gnuram_async_fifo.xpm_fifo_base_inst/gen_sdpram.xpm_memory_base_inst/gen_wr_a.gen_word_narrow.mem_reg_64_127_21_27_n_0
    SLICE_X15Y24         LUT3 (Prop_A5LUT_SLICEL_I0_O)
                                                      0.112     0.770 r  hw_i/audio/aic3104_dma_wrapper_0/inst/aic3104_dma/rx_fifo/gnuram_async_fifo.xpm_fifo_base_inst/gen_sdpram.xpm_memory_base_inst/gen_rd_b.gen_rd_b_synth_template.gen_nc_narrow_pipe.doutb_reg[21]_i_1/O
                         net (fo=1, routed)           0.017     0.787    hw_i/audio/aic3104_dma_wrapper_0/inst/aic3104_dma/rx_fifo/gnuram_async_fifo.xpm_fifo_base_inst/gen_sdpram.xpm_memory_base_inst/gen_rd_b.gen_rd_b_synth_template.gen_nc_narrow_pipe.doutb_reg_reg0[21]
    SLICE_X15Y24         FDRE                                         r  hw_i/audio/aic3104_dma_wrapper_0/inst/aic3104_dma/rx_fifo/gnuram_async_fifo.xpm_fifo_base_inst/gen_sdpram.xpm_memory_base_inst/gen_rd_b.gen_rd_b_synth_template.gen_nc_narrow_pipe.doutb_reg_reg[21]/D
  -------------------------------------------------------------------    -------------------

                         max delay                   81.369    81.369    
    SLICE_X15Y24         FDRE (Setup_AFF2_SLICEL_C_D)
                                                      0.025    81.394    hw_i/audio/aic3104_dma_wrapper_0/inst/aic3104_dma/rx_fifo/gnuram_async_fifo.xpm_fifo_base_inst/gen_sdpram.xpm_memory_base_inst/gen_rd_b.gen_rd_b_synth_template.gen_nc_narrow_pipe.doutb_reg_reg[21]
  -------------------------------------------------------------------
                         required time                         81.394    
                         arrival time                          -0.787    
  -------------------------------------------------------------------
                         slack                                 80.607    

Slack (MET) :             80.610ns  (required time - arrival time)
  Source:                 hw_i/audio/aic3104_dma_wrapper_0/inst/aic3104_dma/rx_fifo/gnuram_async_fifo.xpm_fifo_base_inst/gen_sdpram.xpm_memory_base_inst/gen_wr_a.gen_word_narrow.mem_reg_64_127_7_13/RAMF/CLK
                            (rising edge-triggered cell RAMD64E clocked by clk_out1_hw_clk_wiz_0_0  {rise@0.000ns fall@40.685ns period=81.369ns})
  Destination:            hw_i/audio/aic3104_dma_wrapper_0/inst/aic3104_dma/rx_fifo/gnuram_async_fifo.xpm_fifo_base_inst/gen_sdpram.xpm_memory_base_inst/gen_rd_b.gen_rd_b_synth_template.gen_nc_narrow_pipe.doutb_reg_reg[12]/D
                            (rising edge-triggered cell FDRE clocked by clk_pl_0  {rise@0.000ns fall@5.156ns period=10.312ns})
  Path Group:             clk_pl_0
  Path Type:              Setup (Max at Slow Process Corner)
  Requirement:            81.369ns  (MaxDelay Path 81.369ns)
  Data Path Delay:        0.784ns  (logic 0.450ns (57.398%)  route 0.334ns (42.602%))
  Logic Levels:           1  (LUT3=1)
  Timing Exception:       MaxDelay Path 81.369ns -datapath_only

    Location             Delay type                Incr(ns)  Path(ns)    Netlist Resource(s)
  -------------------------------------------------------------------    -------------------
    SLICE_X19Y25                                      0.000     0.000 r  hw_i/audio/aic3104_dma_wrapper_0/inst/aic3104_dma/rx_fifo/gnuram_async_fifo.xpm_fifo_base_inst/gen_sdpram.xpm_memory_base_inst/gen_wr_a.gen_word_narrow.mem_reg_64_127_7_13/RAMF/CLK
    SLICE_X19Y25         RAMD64E (Prop_F6LUT_SLICEM_CLK_O)
                                                      0.304     0.304 r  hw_i/audio/aic3104_dma_wrapper_0/inst/aic3104_dma/rx_fifo/gnuram_async_fifo.xpm_fifo_base_inst/gen_sdpram.xpm_memory_base_inst/gen_wr_a.gen_word_narrow.mem_reg_64_127_7_13/RAMF/O
                         net (fo=1, routed)           0.284     0.588    hw_i/audio/aic3104_dma_wrapper_0/inst/aic3104_dma/rx_fifo/gnuram_async_fifo.xpm_fifo_base_inst/gen_sdpram.xpm_memory_base_inst/gen_wr_a.gen_word_narrow.mem_reg_64_127_7_13_n_5
    SLICE_X18Y24         LUT3 (Prop_C6LUT_SLICEL_I0_O)
                                                      0.146     0.734 r  hw_i/audio/aic3104_dma_wrapper_0/inst/aic3104_dma/rx_fifo/gnuram_async_fifo.xpm_fifo_base_inst/gen_sdpram.xpm_memory_base_inst/gen_rd_b.gen_rd_b_synth_template.gen_nc_narrow_pipe.doutb_reg[12]_i_1/O
                         net (fo=1, routed)           0.050     0.784    hw_i/audio/aic3104_dma_wrapper_0/inst/aic3104_dma/rx_fifo/gnuram_async_fifo.xpm_fifo_base_inst/gen_sdpram.xpm_memory_base_inst/gen_rd_b.gen_rd_b_synth_template.gen_nc_narrow_pipe.doutb_reg_reg0[12]
    SLICE_X18Y24         FDRE                                         r  hw_i/audio/aic3104_dma_wrapper_0/inst/aic3104_dma/rx_fifo/gnuram_async_fifo.xpm_fifo_base_inst/gen_sdpram.xpm_memory_base_inst/gen_rd_b.gen_rd_b_synth_template.gen_nc_narrow_pipe.doutb_reg_reg[12]/D
  -------------------------------------------------------------------    -------------------

                         max delay                   81.369    81.369    
    SLICE_X18Y24         FDRE (Setup_CFF_SLICEL_C_D)
                                                      0.025    81.394    hw_i/audio/aic3104_dma_wrapper_0/inst/aic3104_dma/rx_fifo/gnuram_async_fifo.xpm_fifo_base_inst/gen_sdpram.xpm_memory_base_inst/gen_rd_b.gen_rd_b_synth_template.gen_nc_narrow_pipe.doutb_reg_reg[12]
  -------------------------------------------------------------------
                         required time                         81.394    
                         arrival time                          -0.784    
  -------------------------------------------------------------------
                         slack                                 80.610    

Slack (MET) :             80.618ns  (required time - arrival time)
  Source:                 hw_i/audio/aic3104_dma_wrapper_0/inst/aic3104_dma/rx_fifo/gnuram_async_fifo.xpm_fifo_base_inst/gen_sdpram.xpm_memory_base_inst/gen_wr_a.gen_word_narrow.mem_reg_0_63_0_6/RAMG/CLK
                            (rising edge-triggered cell RAMD64E clocked by clk_out1_hw_clk_wiz_0_0  {rise@0.000ns fall@40.685ns period=81.369ns})
  Destination:            hw_i/audio/aic3104_dma_wrapper_0/inst/aic3104_dma/rx_fifo/gnuram_async_fifo.xpm_fifo_base_inst/gen_sdpram.xpm_memory_base_inst/gen_rd_b.gen_rd_b_synth_template.gen_nc_narrow_pipe.doutb_reg_reg[6]/D
                            (rising edge-triggered cell FDRE clocked by clk_pl_0  {rise@0.000ns fall@5.156ns period=10.312ns})
  Path Group:             clk_pl_0
  Path Type:              Setup (Max at Slow Process Corner)
  Requirement:            81.369ns  (MaxDelay Path 81.369ns)
  Data Path Delay:        0.776ns  (logic 0.393ns (50.644%)  route 0.383ns (49.356%))
  Logic Levels:           1  (LUT3=1)
  Timing Exception:       MaxDelay Path 81.369ns -datapath_only

    Location             Delay type                Incr(ns)  Path(ns)    Netlist Resource(s)
  -------------------------------------------------------------------    -------------------
    SLICE_X20Y25                                      0.000     0.000 r  hw_i/audio/aic3104_dma_wrapper_0/inst/aic3104_dma/rx_fifo/gnuram_async_fifo.xpm_fifo_base_inst/gen_sdpram.xpm_memory_base_inst/gen_wr_a.gen_word_narrow.mem_reg_0_63_0_6/RAMG/CLK
    SLICE_X20Y25         RAMD64E (Prop_G6LUT_SLICEM_CLK_O)
                                                      0.295     0.295 r  hw_i/audio/aic3104_dma_wrapper_0/inst/aic3104_dma/rx_fifo/gnuram_async_fifo.xpm_fifo_base_inst/gen_sdpram.xpm_memory_base_inst/gen_wr_a.gen_word_narrow.mem_reg_0_63_0_6/RAMG/O
                         net (fo=1, routed)           0.334     0.629    hw_i/audio/aic3104_dma_wrapper_0/inst/aic3104_dma/rx_fifo/gnuram_async_fifo.xpm_fifo_base_inst/gen_sdpram.xpm_memory_base_inst/gen_wr_a.gen_word_narrow.mem_reg_0_63_0_6_n_6
    SLICE_X18Y24         LUT3 (Prop_B6LUT_SLICEL_I2_O)
                                                      0.098     0.727 r  hw_i/audio/aic3104_dma_wrapper_0/inst/aic3104_dma/rx_fifo/gnuram_async_fifo.xpm_fifo_base_inst/gen_sdpram.xpm_memory_base_inst/gen_rd_b.gen_rd_b_synth_template.gen_nc_narrow_pipe.doutb_reg[6]_i_1/O
                         net (fo=1, routed)           0.049     0.776    hw_i/audio/aic3104_dma_wrapper_0/inst/aic3104_dma/rx_fifo/gnuram_async_fifo.xpm_fifo_base_inst/gen_sdpram.xpm_memory_base_inst/gen_rd_b.gen_rd_b_synth_template.gen_nc_narrow_pipe.doutb_reg_reg0[6]
    SLICE_X18Y24         FDRE                                         r  hw_i/audio/aic3104_dma_wrapper_0/inst/aic3104_dma/rx_fifo/gnuram_async_fifo.xpm_fifo_base_inst/gen_sdpram.xpm_memory_base_inst/gen_rd_b.gen_rd_b_synth_template.gen_nc_narrow_pipe.doutb_reg_reg[6]/D
  -------------------------------------------------------------------    -------------------

                         max delay                   81.369    81.369    
    SLICE_X18Y24         FDRE (Setup_BFF_SLICEL_C_D)
                                                      0.025    81.394    hw_i/audio/aic3104_dma_wrapper_0/inst/aic3104_dma/rx_fifo/gnuram_async_fifo.xpm_fifo_base_inst/gen_sdpram.xpm_memory_base_inst/gen_rd_b.gen_rd_b_synth_template.gen_nc_narrow_pipe.doutb_reg_reg[6]
  -------------------------------------------------------------------
                         required time                         81.394    
                         arrival time                          -0.776    
  -------------------------------------------------------------------
                         slack                                 80.618    

Slack (MET) :             80.644ns  (required time - arrival time)
  Source:                 hw_i/audio/aic3104_dma_wrapper_0/inst/aic3104_dma/rx_fifo/gnuram_async_fifo.xpm_fifo_base_inst/gen_sdpram.xpm_memory_base_inst/gen_wr_a.gen_word_narrow.mem_reg_0_63_14_20/RAME/CLK
                            (rising edge-triggered cell RAMD64E clocked by clk_out1_hw_clk_wiz_0_0  {rise@0.000ns fall@40.685ns period=81.369ns})
  Destination:            hw_i/audio/aic3104_dma_wrapper_0/inst/aic3104_dma/rx_fifo/gnuram_async_fifo.xpm_fifo_base_inst/gen_sdpram.xpm_memory_base_inst/gen_rd_b.gen_rd_b_synth_template.gen_nc_narrow_pipe.doutb_reg_reg[18]/D
                            (rising edge-triggered cell FDRE clocked by clk_pl_0  {rise@0.000ns fall@5.156ns period=10.312ns})
  Path Group:             clk_pl_0
  Path Type:              Setup (Max at Slow Process Corner)
  Requirement:            81.369ns  (MaxDelay Path 81.369ns)
  Data Path Delay:        0.750ns  (logic 0.400ns (53.333%)  route 0.350ns (46.667%))
  Logic Levels:           1  (LUT3=1)
  Timing Exception:       MaxDelay Path 81.369ns -datapath_only

    Location             Delay type                Incr(ns)  Path(ns)    Netlist Resource(s)
  -------------------------------------------------------------------    -------------------
    SLICE_X16Y24                                      0.000     0.000 r  hw_i/audio/aic3104_dma_wrapper_0/inst/aic3104_dma/rx_fifo/gnuram_async_fifo.xpm_fifo_base_inst/gen_sdpram.xpm_memory_base_inst/gen_wr_a.gen_word_narrow.mem_reg_0_63_14_20/RAME/CLK
    SLICE_X16Y24         RAMD64E (Prop_E6LUT_SLICEM_CLK_O)
                                                      0.302     0.302 r  hw_i/audio/aic3104_dma_wrapper_0/inst/aic3104_dma/rx_fifo/gnuram_async_fifo.xpm_fifo_base_inst/gen_sdpram.xpm_memory_base_inst/gen_wr_a.gen_word_narrow.mem_reg_0_63_14_20/RAME/O
                         net (fo=1, routed)           0.301     0.603    hw_i/audio/aic3104_dma_wrapper_0/inst/aic3104_dma/rx_fifo/gnuram_async_fifo.xpm_fifo_base_inst/gen_sdpram.xpm_memory_base_inst/gen_wr_a.gen_word_narrow.mem_reg_0_63_14_20_n_4
    SLICE_X15Y24         LUT3 (Prop_B6LUT_SLICEL_I2_O)
                                                      0.098     0.701 r  hw_i/audio/aic3104_dma_wrapper_0/inst/aic3104_dma/rx_fifo/gnuram_async_fifo.xpm_fifo_base_inst/gen_sdpram.xpm_memory_base_inst/gen_rd_b.gen_rd_b_synth_template.gen_nc_narrow_pipe.doutb_reg[18]_i_1/O
                         net (fo=1, routed)           0.049     0.750    hw_i/audio/aic3104_dma_wrapper_0/inst/aic3104_dma/rx_fifo/gnuram_async_fifo.xpm_fifo_base_inst/gen_sdpram.xpm_memory_base_inst/gen_rd_b.gen_rd_b_synth_template.gen_nc_narrow_pipe.doutb_reg_reg0[18]
    SLICE_X15Y24         FDRE                                         r  hw_i/audio/aic3104_dma_wrapper_0/inst/aic3104_dma/rx_fifo/gnuram_async_fifo.xpm_fifo_base_inst/gen_sdpram.xpm_memory_base_inst/gen_rd_b.gen_rd_b_synth_template.gen_nc_narrow_pipe.doutb_reg_reg[18]/D
  -------------------------------------------------------------------    -------------------

                         max delay                   81.369    81.369    
    SLICE_X15Y24         FDRE (Setup_BFF_SLICEL_C_D)
                                                      0.025    81.394    hw_i/audio/aic3104_dma_wrapper_0/inst/aic3104_dma/rx_fifo/gnuram_async_fifo.xpm_fifo_base_inst/gen_sdpram.xpm_memory_base_inst/gen_rd_b.gen_rd_b_synth_template.gen_nc_narrow_pipe.doutb_reg_reg[18]
  -------------------------------------------------------------------
                         required time                         81.394    
                         arrival time                          -0.750    
  -------------------------------------------------------------------
                         slack                                 80.644    

Slack (MET) :             80.657ns  (required time - arrival time)
  Source:                 hw_i/audio/aic3104_dma_wrapper_0/inst/aic3104_dma/rx_fifo/gnuram_async_fifo.xpm_fifo_base_inst/gen_sdpram.xpm_memory_base_inst/gen_wr_a.gen_word_narrow.mem_reg_64_127_14_20/RAMF/CLK
                            (rising edge-triggered cell RAMD64E clocked by clk_out1_hw_clk_wiz_0_0  {rise@0.000ns fall@40.685ns period=81.369ns})
  Destination:            hw_i/audio/aic3104_dma_wrapper_0/inst/aic3104_dma/rx_fifo/gnuram_async_fifo.xpm_fifo_base_inst/gen_sdpram.xpm_memory_base_inst/gen_rd_b.gen_rd_b_synth_template.gen_nc_narrow_pipe.doutb_reg_reg[19]/D
                            (rising edge-triggered cell FDRE clocked by clk_pl_0  {rise@0.000ns fall@5.156ns period=10.312ns})
  Path Group:             clk_pl_0
  Path Type:              Setup (Max at Slow Process Corner)
  Requirement:            81.369ns  (MaxDelay Path 81.369ns)
  Data Path Delay:        0.737ns  (logic 0.469ns (63.636%)  route 0.268ns (36.364%))
  Logic Levels:           1  (LUT3=1)
  Timing Exception:       MaxDelay Path 81.369ns -datapath_only

    Location             Delay type                Incr(ns)  Path(ns)    Netlist Resource(s)
  -------------------------------------------------------------------    -------------------
    SLICE_X16Y25                                      0.000     0.000 r  hw_i/audio/aic3104_dma_wrapper_0/inst/aic3104_dma/rx_fifo/gnuram_async_fifo.xpm_fifo_base_inst/gen_sdpram.xpm_memory_base_inst/gen_wr_a.gen_word_narrow.mem_reg_64_127_14_20/RAMF/CLK
    SLICE_X16Y25         RAMD64E (Prop_F6LUT_SLICEM_CLK_O)
                                                      0.304     0.304 r  hw_i/audio/aic3104_dma_wrapper_0/inst/aic3104_dma/rx_fifo/gnuram_async_fifo.xpm_fifo_base_inst/gen_sdpram.xpm_memory_base_inst/gen_wr_a.gen_word_narrow.mem_reg_64_127_14_20/RAMF/O
                         net (fo=1, routed)           0.250     0.554    hw_i/audio/aic3104_dma_wrapper_0/inst/aic3104_dma/rx_fifo/gnuram_async_fifo.xpm_fifo_base_inst/gen_sdpram.xpm_memory_base_inst/gen_wr_a.gen_word_narrow.mem_reg_64_127_14_20_n_5
    SLICE_X15Y24         LUT3 (Prop_B5LUT_SLICEL_I0_O)
                                                      0.165     0.719 r  hw_i/audio/aic3104_dma_wrapper_0/inst/aic3104_dma/rx_fifo/gnuram_async_fifo.xpm_fifo_base_inst/gen_sdpram.xpm_memory_base_inst/gen_rd_b.gen_rd_b_synth_template.gen_nc_narrow_pipe.doutb_reg[19]_i_1/O
                         net (fo=1, routed)           0.018     0.737    hw_i/audio/aic3104_dma_wrapper_0/inst/aic3104_dma/rx_fifo/gnuram_async_fifo.xpm_fifo_base_inst/gen_sdpram.xpm_memory_base_inst/gen_rd_b.gen_rd_b_synth_template.gen_nc_narrow_pipe.doutb_reg_reg0[19]
    SLICE_X15Y24         FDRE                                         r  hw_i/audio/aic3104_dma_wrapper_0/inst/aic3104_dma/rx_fifo/gnuram_async_fifo.xpm_fifo_base_inst/gen_sdpram.xpm_memory_base_inst/gen_rd_b.gen_rd_b_synth_template.gen_nc_narrow_pipe.doutb_reg_reg[19]/D
  -------------------------------------------------------------------    -------------------

                         max delay                   81.369    81.369    
    SLICE_X15Y24         FDRE (Setup_BFF2_SLICEL_C_D)
                                                      0.025    81.394    hw_i/audio/aic3104_dma_wrapper_0/inst/aic3104_dma/rx_fifo/gnuram_async_fifo.xpm_fifo_base_inst/gen_sdpram.xpm_memory_base_inst/gen_rd_b.gen_rd_b_synth_template.gen_nc_narrow_pipe.doutb_reg_reg[19]
  -------------------------------------------------------------------
                         required time                         81.394    
                         arrival time                          -0.737    
  -------------------------------------------------------------------
                         slack                                 80.657    

Slack (MET) :             80.666ns  (required time - arrival time)
  Source:                 hw_i/audio/aic3104_dma_wrapper_0/inst/aic3104_dma/rx_fifo/gnuram_async_fifo.xpm_fifo_base_inst/gen_sdpram.xpm_memory_base_inst/gen_wr_a.gen_word_narrow.mem_reg_0_63_7_13/RAME/CLK
                            (rising edge-triggered cell RAMD64E clocked by clk_out1_hw_clk_wiz_0_0  {rise@0.000ns fall@40.685ns period=81.369ns})
  Destination:            hw_i/audio/aic3104_dma_wrapper_0/inst/aic3104_dma/rx_fifo/gnuram_async_fifo.xpm_fifo_base_inst/gen_sdpram.xpm_memory_base_inst/gen_rd_b.gen_rd_b_synth_template.gen_nc_narrow_pipe.doutb_reg_reg[11]/D
                            (rising edge-triggered cell FDRE clocked by clk_pl_0  {rise@0.000ns fall@5.156ns period=10.312ns})
  Path Group:             clk_pl_0
  Path Type:              Setup (Max at Slow Process Corner)
  Requirement:            81.369ns  (MaxDelay Path 81.369ns)
  Data Path Delay:        0.728ns  (logic 0.412ns (56.593%)  route 0.316ns (43.407%))
  Logic Levels:           1  (LUT3=1)
  Timing Exception:       MaxDelay Path 81.369ns -datapath_only

    Location             Delay type                Incr(ns)  Path(ns)    Netlist Resource(s)
  -------------------------------------------------------------------    -------------------
    SLICE_X19Y24                                      0.000     0.000 r  hw_i/audio/aic3104_dma_wrapper_0/inst/aic3104_dma/rx_fifo/gnuram_async_fifo.xpm_fifo_base_inst/gen_sdpram.xpm_memory_base_inst/gen_wr_a.gen_word_narrow.mem_reg_0_63_7_13/RAME/CLK
    SLICE_X19Y24         RAMD64E (Prop_E6LUT_SLICEM_CLK_O)
                                                      0.302     0.302 r  hw_i/audio/aic3104_dma_wrapper_0/inst/aic3104_dma/rx_fifo/gnuram_async_fifo.xpm_fifo_base_inst/gen_sdpram.xpm_memory_base_inst/gen_wr_a.gen_word_narrow.mem_reg_0_63_7_13/RAME/O
                         net (fo=1, routed)           0.301     0.603    hw_i/audio/aic3104_dma_wrapper_0/inst/aic3104_dma/rx_fifo/gnuram_async_fifo.xpm_fifo_base_inst/gen_sdpram.xpm_memory_base_inst/gen_wr_a.gen_word_narrow.mem_reg_0_63_7_13_n_4
    SLICE_X18Y24         LUT3 (Prop_D5LUT_SLICEL_I2_O)
                                                      0.110     0.713 r  hw_i/audio/aic3104_dma_wrapper_0/inst/aic3104_dma/rx_fifo/gnuram_async_fifo.xpm_fifo_base_inst/gen_sdpram.xpm_memory_base_inst/gen_rd_b.gen_rd_b_synth_template.gen_nc_narrow_pipe.doutb_reg[11]_i_1/O
                         net (fo=1, routed)           0.015     0.728    hw_i/audio/aic3104_dma_wrapper_0/inst/aic3104_dma/rx_fifo/gnuram_async_fifo.xpm_fifo_base_inst/gen_sdpram.xpm_memory_base_inst/gen_rd_b.gen_rd_b_synth_template.gen_nc_narrow_pipe.doutb_reg_reg0[11]
    SLICE_X18Y24         FDRE                                         r  hw_i/audio/aic3104_dma_wrapper_0/inst/aic3104_dma/rx_fifo/gnuram_async_fifo.xpm_fifo_base_inst/gen_sdpram.xpm_memory_base_inst/gen_rd_b.gen_rd_b_synth_template.gen_nc_narrow_pipe.doutb_reg_reg[11]/D
  -------------------------------------------------------------------    -------------------

                         max delay                   81.369    81.369    
    SLICE_X18Y24         FDRE (Setup_DFF2_SLICEL_C_D)
                                                      0.025    81.394    hw_i/audio/aic3104_dma_wrapper_0/inst/aic3104_dma/rx_fifo/gnuram_async_fifo.xpm_fifo_base_inst/gen_sdpram.xpm_memory_base_inst/gen_rd_b.gen_rd_b_synth_template.gen_nc_narrow_pipe.doutb_reg_reg[11]
  -------------------------------------------------------------------
                         required time                         81.394    
                         arrival time                          -0.728    
  -------------------------------------------------------------------
                         slack                                 80.666    

Slack (MET) :             80.667ns  (required time - arrival time)
  Source:                 hw_i/audio/aic3104_dma_wrapper_0/inst/aic3104_dma/rx_fifo/gnuram_async_fifo.xpm_fifo_base_inst/gen_sdpram.xpm_memory_base_inst/gen_wr_a.gen_word_narrow.mem_reg_64_127_28_31/RAMA/CLK
                            (rising edge-triggered cell RAMD64E clocked by clk_out1_hw_clk_wiz_0_0  {rise@0.000ns fall@40.685ns period=81.369ns})
  Destination:            hw_i/audio/aic3104_dma_wrapper_0/inst/aic3104_dma/rx_fifo/gnuram_async_fifo.xpm_fifo_base_inst/gen_sdpram.xpm_memory_base_inst/gen_rd_b.gen_rd_b_synth_template.gen_nc_narrow_pipe.doutb_reg_reg[28]/D
                            (rising edge-triggered cell FDRE clocked by clk_pl_0  {rise@0.000ns fall@5.156ns period=10.312ns})
  Path Group:             clk_pl_0
  Path Type:              Setup (Max at Slow Process Corner)
  Requirement:            81.369ns  (MaxDelay Path 81.369ns)
  Data Path Delay:        0.727ns  (logic 0.356ns (48.968%)  route 0.371ns (51.032%))
  Logic Levels:           1  (LUT3=1)
  Timing Exception:       MaxDelay Path 81.369ns -datapath_only

    Location             Delay type                Incr(ns)  Path(ns)    Netlist Resource(s)
  -------------------------------------------------------------------    -------------------
    SLICE_X20Y28                                      0.000     0.000 r  hw_i/audio/aic3104_dma_wrapper_0/inst/aic3104_dma/rx_fifo/gnuram_async_fifo.xpm_fifo_base_inst/gen_sdpram.xpm_memory_base_inst/gen_wr_a.gen_word_narrow.mem_reg_64_127_28_31/RAMA/CLK
    SLICE_X20Y28         RAMD64E (Prop_A6LUT_SLICEM_CLK_O)
                                                      0.305     0.305 r  hw_i/audio/aic3104_dma_wrapper_0/inst/aic3104_dma/rx_fifo/gnuram_async_fifo.xpm_fifo_base_inst/gen_sdpram.xpm_memory_base_inst/gen_wr_a.gen_word_narrow.mem_reg_64_127_28_31/RAMA/O
                         net (fo=1, routed)           0.305     0.610    hw_i/audio/aic3104_dma_wrapper_0/inst/aic3104_dma/rx_fifo/gnuram_async_fifo.xpm_fifo_base_inst/gen_sdpram.xpm_memory_base_inst/gen_wr_a.gen_word_narrow.mem_reg_64_127_28_31_n_0
    SLICE_X20Y24         LUT3 (Prop_C6LUT_SLICEM_I0_O)
                                                      0.051     0.661 r  hw_i/audio/aic3104_dma_wrapper_0/inst/aic3104_dma/rx_fifo/gnuram_async_fifo.xpm_fifo_base_inst/gen_sdpram.xpm_memory_base_inst/gen_rd_b.gen_rd_b_synth_template.gen_nc_narrow_pipe.doutb_reg[28]_i_1/O
                         net (fo=1, routed)           0.066     0.727    hw_i/audio/aic3104_dma_wrapper_0/inst/aic3104_dma/rx_fifo/gnuram_async_fifo.xpm_fifo_base_inst/gen_sdpram.xpm_memory_base_inst/gen_rd_b.gen_rd_b_synth_template.gen_nc_narrow_pipe.doutb_reg_reg0[28]
    SLICE_X20Y24         FDRE                                         r  hw_i/audio/aic3104_dma_wrapper_0/inst/aic3104_dma/rx_fifo/gnuram_async_fifo.xpm_fifo_base_inst/gen_sdpram.xpm_memory_base_inst/gen_rd_b.gen_rd_b_synth_template.gen_nc_narrow_pipe.doutb_reg_reg[28]/D
  -------------------------------------------------------------------    -------------------

                         max delay                   81.369    81.369    
    SLICE_X20Y24         FDRE (Setup_CFF_SLICEM_C_D)
                                                      0.025    81.394    hw_i/audio/aic3104_dma_wrapper_0/inst/aic3104_dma/rx_fifo/gnuram_async_fifo.xpm_fifo_base_inst/gen_sdpram.xpm_memory_base_inst/gen_rd_b.gen_rd_b_synth_template.gen_nc_narrow_pipe.doutb_reg_reg[28]
  -------------------------------------------------------------------
                         required time                         81.394    
                         arrival time                          -0.727    
  -------------------------------------------------------------------
                         slack                                 80.667    

Slack (MET) :             80.681ns  (required time - arrival time)
  Source:                 hw_i/audio/aic3104_dma_wrapper_0/inst/aic3104_dma/rx_fifo/gnuram_async_fifo.xpm_fifo_base_inst/gen_sdpram.xpm_memory_base_inst/gen_wr_a.gen_word_narrow.mem_reg_64_127_7_13/RAMC/CLK
                            (rising edge-triggered cell RAMD64E clocked by clk_out1_hw_clk_wiz_0_0  {rise@0.000ns fall@40.685ns period=81.369ns})
  Destination:            hw_i/audio/aic3104_dma_wrapper_0/inst/aic3104_dma/rx_fifo/gnuram_async_fifo.xpm_fifo_base_inst/gen_sdpram.xpm_memory_base_inst/gen_rd_b.gen_rd_b_synth_template.gen_nc_narrow_pipe.doutb_reg_reg[9]/D
                            (rising edge-triggered cell FDRE clocked by clk_pl_0  {rise@0.000ns fall@5.156ns period=10.312ns})
  Path Group:             clk_pl_0
  Path Type:              Setup (Max at Slow Process Corner)
  Requirement:            81.369ns  (MaxDelay Path 81.369ns)
  Data Path Delay:        0.713ns  (logic 0.468ns (65.638%)  route 0.245ns (34.362%))
  Logic Levels:           1  (LUT3=1)
  Timing Exception:       MaxDelay Path 81.369ns -datapath_only

    Location             Delay type                Incr(ns)  Path(ns)    Netlist Resource(s)
  -------------------------------------------------------------------    -------------------
    SLICE_X19Y25                                      0.000     0.000 r  hw_i/audio/aic3104_dma_wrapper_0/inst/aic3104_dma/rx_fifo/gnuram_async_fifo.xpm_fifo_base_inst/gen_sdpram.xpm_memory_base_inst/gen_wr_a.gen_word_narrow.mem_reg_64_127_7_13/RAMC/CLK
    SLICE_X19Y25         RAMD64E (Prop_C6LUT_SLICEM_CLK_O)
                                                      0.307     0.307 r  hw_i/audio/aic3104_dma_wrapper_0/inst/aic3104_dma/rx_fifo/gnuram_async_fifo.xpm_fifo_base_inst/gen_sdpram.xpm_memory_base_inst/gen_wr_a.gen_word_narrow.mem_reg_64_127_7_13/RAMC/O
                         net (fo=1, routed)           0.228     0.535    hw_i/audio/aic3104_dma_wrapper_0/inst/aic3104_dma/rx_fifo/gnuram_async_fifo.xpm_fifo_base_inst/gen_sdpram.xpm_memory_base_inst/gen_wr_a.gen_word_narrow.mem_reg_64_127_7_13_n_2
    SLICE_X18Y24         LUT3 (Prop_A5LUT_SLICEL_I0_O)
                                                      0.161     0.696 r  hw_i/audio/aic3104_dma_wrapper_0/inst/aic3104_dma/rx_fifo/gnuram_async_fifo.xpm_fifo_base_inst/gen_sdpram.xpm_memory_base_inst/gen_rd_b.gen_rd_b_synth_template.gen_nc_narrow_pipe.doutb_reg[9]_i_1/O
                         net (fo=1, routed)           0.017     0.713    hw_i/audio/aic3104_dma_wrapper_0/inst/aic3104_dma/rx_fifo/gnuram_async_fifo.xpm_fifo_base_inst/gen_sdpram.xpm_memory_base_inst/gen_rd_b.gen_rd_b_synth_template.gen_nc_narrow_pipe.doutb_reg_reg0[9]
    SLICE_X18Y24         FDRE                                         r  hw_i/audio/aic3104_dma_wrapper_0/inst/aic3104_dma/rx_fifo/gnuram_async_fifo.xpm_fifo_base_inst/gen_sdpram.xpm_memory_base_inst/gen_rd_b.gen_rd_b_synth_template.gen_nc_narrow_pipe.doutb_reg_reg[9]/D
  -------------------------------------------------------------------    -------------------

                         max delay                   81.369    81.369    
    SLICE_X18Y24         FDRE (Setup_AFF2_SLICEL_C_D)
                                                      0.025    81.394    hw_i/audio/aic3104_dma_wrapper_0/inst/aic3104_dma/rx_fifo/gnuram_async_fifo.xpm_fifo_base_inst/gen_sdpram.xpm_memory_base_inst/gen_rd_b.gen_rd_b_synth_template.gen_nc_narrow_pipe.doutb_reg_reg[9]
  -------------------------------------------------------------------
                         required time                         81.394    
                         arrival time                          -0.713    
  -------------------------------------------------------------------
                         slack                                 80.681    

Slack (MET) :             80.690ns  (required time - arrival time)
  Source:                 hw_i/audio/aic3104_dma_wrapper_0/inst/aic3104_dma/rx_fifo/gnuram_async_fifo.xpm_fifo_base_inst/gen_sdpram.xpm_memory_base_inst/gen_wr_a.gen_word_narrow.mem_reg_0_63_21_27/RAMC/CLK
                            (rising edge-triggered cell RAMD64E clocked by clk_out1_hw_clk_wiz_0_0  {rise@0.000ns fall@40.685ns period=81.369ns})
  Destination:            hw_i/audio/aic3104_dma_wrapper_0/inst/aic3104_dma/rx_fifo/gnuram_async_fifo.xpm_fifo_base_inst/gen_sdpram.xpm_memory_base_inst/gen_rd_b.gen_rd_b_synth_template.gen_nc_narrow_pipe.doutb_reg_reg[23]/D
                            (rising edge-triggered cell FDRE clocked by clk_pl_0  {rise@0.000ns fall@5.156ns period=10.312ns})
  Path Group:             clk_pl_0
  Path Type:              Setup (Max at Slow Process Corner)
  Requirement:            81.369ns  (MaxDelay Path 81.369ns)
  Data Path Delay:        0.704ns  (logic 0.417ns (59.233%)  route 0.287ns (40.767%))
  Logic Levels:           1  (LUT3=1)
  Timing Exception:       MaxDelay Path 81.369ns -datapath_only

    Location             Delay type                Incr(ns)  Path(ns)    Netlist Resource(s)
  -------------------------------------------------------------------    -------------------
    SLICE_X16Y26                                      0.000     0.000 r  hw_i/audio/aic3104_dma_wrapper_0/inst/aic3104_dma/rx_fifo/gnuram_async_fifo.xpm_fifo_base_inst/gen_sdpram.xpm_memory_base_inst/gen_wr_a.gen_word_narrow.mem_reg_0_63_21_27/RAMC/CLK
    SLICE_X16Y26         RAMD64E (Prop_C6LUT_SLICEM_CLK_O)
                                                      0.307     0.307 r  hw_i/audio/aic3104_dma_wrapper_0/inst/aic3104_dma/rx_fifo/gnuram_async_fifo.xpm_fifo_base_inst/gen_sdpram.xpm_memory_base_inst/gen_wr_a.gen_word_narrow.mem_reg_0_63_21_27/RAMC/O
                         net (fo=1, routed)           0.272     0.579    hw_i/audio/aic3104_dma_wrapper_0/inst/aic3104_dma/rx_fifo/gnuram_async_fifo.xpm_fifo_base_inst/gen_sdpram.xpm_memory_base_inst/gen_wr_a.gen_word_narrow.mem_reg_0_63_21_27_n_2
    SLICE_X18Y26         LUT3 (Prop_D5LUT_SLICEL_I2_O)
                                                      0.110     0.689 r  hw_i/audio/aic3104_dma_wrapper_0/inst/aic3104_dma/rx_fifo/gnuram_async_fifo.xpm_fifo_base_inst/gen_sdpram.xpm_memory_base_inst/gen_rd_b.gen_rd_b_synth_template.gen_nc_narrow_pipe.doutb_reg[23]_i_1/O
                         net (fo=1, routed)           0.015     0.704    hw_i/audio/aic3104_dma_wrapper_0/inst/aic3104_dma/rx_fifo/gnuram_async_fifo.xpm_fifo_base_inst/gen_sdpram.xpm_memory_base_inst/gen_rd_b.gen_rd_b_synth_template.gen_nc_narrow_pipe.doutb_reg_reg0[23]
    SLICE_X18Y26         FDRE                                         r  hw_i/audio/aic3104_dma_wrapper_0/inst/aic3104_dma/rx_fifo/gnuram_async_fifo.xpm_fifo_base_inst/gen_sdpram.xpm_memory_base_inst/gen_rd_b.gen_rd_b_synth_template.gen_nc_narrow_pipe.doutb_reg_reg[23]/D
  -------------------------------------------------------------------    -------------------

                         max delay                   81.369    81.369    
    SLICE_X18Y26         FDRE (Setup_DFF2_SLICEL_C_D)
                                                      0.025    81.394    hw_i/audio/aic3104_dma_wrapper_0/inst/aic3104_dma/rx_fifo/gnuram_async_fifo.xpm_fifo_base_inst/gen_sdpram.xpm_memory_base_inst/gen_rd_b.gen_rd_b_synth_template.gen_nc_narrow_pipe.doutb_reg_reg[23]
  -------------------------------------------------------------------
                         required time                         81.394    
                         arrival time                          -0.704    
  -------------------------------------------------------------------
                         slack                                 80.690    





---------------------------------------------------------------------------------------------------
From Clock:  clk_pl_0
  To Clock:  clk_out1_hw_clk_wiz_0_0

Setup :            0  Failing Endpoints,  Worst Slack        2.664ns,  Total Violation        0.000ns
Hold  :            0  Failing Endpoints,  Worst Slack        0.045ns,  Total Violation        0.000ns
---------------------------------------------------------------------------------------------------


Max Delay Paths
--------------------------------------------------------------------------------------
Slack (MET) :             2.664ns  (required time - arrival time)
  Source:                 hw_i/audio/aic3104_dma_wrapper_0/inst/aic3104_dma/rx_dly_reg[1]/C
                            (rising edge-triggered cell FDRE clocked by clk_pl_0  {rise@0.000ns fall@5.156ns period=10.312ns})
  Destination:            hw_i/audio/aic3104_dma_wrapper_0/inst/aic3104_dma/rx_dly_meta_reg[1]/D
                            (rising edge-triggered cell FDRE clocked by clk_out1_hw_clk_wiz_0_0  {rise@0.000ns fall@40.685ns period=81.369ns})
  Path Group:             clk_out1_hw_clk_wiz_0_0
  Path Type:              Setup (Max at Slow Process Corner)
  Requirement:            5.000ns  (MaxDelay Path 5.000ns)
  Data Path Delay:        4.364ns  (logic 0.079ns (1.810%)  route 4.285ns (98.190%))
  Logic Levels:           0  
  Clock Path Skew:        2.373ns (DCD - SCD + CPR)
    Destination Clock Delay (DCD):    4.273ns
    Source Clock Delay      (SCD):    1.970ns
    Clock Pessimism Removal (CPR):    0.070ns
  Clock Uncertainty:      0.370ns  ((TSJ^2 + DJ^2)^1/2) / 2 + PE
    Total System Jitter     (TSJ):    0.071ns
    Discrete Jitter          (DJ):    0.412ns
    Phase Error              (PE):    0.161ns
  Clock Net Delay (Source):      1.771ns (routing 0.753ns, distribution 1.018ns)
  Clock Net Delay (Destination): 1.794ns (routing 0.883ns, distribution 0.911ns)
  Timing Exception:       MaxDelay Path 5.000ns

    Location             Delay type                Incr(ns)  Path(ns)    Netlist Resource(s)
  -------------------------------------------------------------------    -------------------
                         (clock clk_pl_0 rise edge)
                                                      0.000     0.000 r  
    PS8_X0Y0             PS8                          0.000     0.000 r  hw_i/zynq_ultra_ps_e_0/inst/PS8_i/PLCLK[0]
                         net (fo=1, routed)           0.171     0.171    hw_i/zynq_ultra_ps_e_0/inst/pl_clk_unbuffered[0]
    BUFG_PS_X0Y67        BUFG_PS (Prop_BUFG_PS_I_O)
                                                      0.028     0.199 r  hw_i/zynq_ultra_ps_e_0/inst/buffer_pl_clk_0.PL_CLK_0_BUFG/O
    X0Y1 (CLOCK_ROOT)    net (fo=3796, routed)        1.771     1.970    hw_i/audio/aic3104_dma_wrapper_0/inst/aic3104_dma/s_axi_aclk
    SLICE_X5Y93          FDRE                                         r  hw_i/audio/aic3104_dma_wrapper_0/inst/aic3104_dma/rx_dly_reg[1]/C
  -------------------------------------------------------------------    -------------------
    SLICE_X5Y93          FDRE (Prop_HFF_SLICEM_C_Q)
                                                      0.079     2.049 r  hw_i/audio/aic3104_dma_wrapper_0/inst/aic3104_dma/rx_dly_reg[1]/Q
                         net (fo=3, routed)           4.285     6.334    hw_i/audio/aic3104_dma_wrapper_0/inst/aic3104_dma/rx_dly[1]
    SLICE_X9Y66          FDRE                                         r  hw_i/audio/aic3104_dma_wrapper_0/inst/aic3104_dma/rx_dly_meta_reg[1]/D
  -------------------------------------------------------------------    -------------------

                         max delay                    5.000     5.000    
    BUFG_PS_X0Y67        BUFG_PS                      0.000     5.000 r  hw_i/zynq_ultra_ps_e_0/inst/buffer_pl_clk_0.PL_CLK_0_BUFG/O
                         net (fo=3796, routed)        1.610     6.610    hw_i/audio/clk_wiz_0/inst/clk_in1
    MMCM_X0Y2            MMCME4_ADV (Prop_MMCM_CLKIN1_CLKOUT0)
                                                      0.630     7.240 r  hw_i/audio/clk_wiz_0/inst/mmcme4_adv_inst/CLKOUT0
                         net (fo=1, routed)           0.215     7.455    hw_i/audio/clk_wiz_0/inst/clk_out1_hw_clk_wiz_0_0
    BUFGCE_X0Y66         BUFGCE (Prop_BUFCE_BUFGCE_I_O)
                                                      0.024     7.479 r  hw_i/audio/clk_wiz_0/inst/clkout1_buf/O
    X0Y1 (CLOCK_ROOT)    net (fo=444, routed)         1.794     9.273    hw_i/audio/aic3104_dma_wrapper_0/inst/aic3104_dma/AIC_mclk_o
    SLICE_X9Y66          FDRE                                         r  hw_i/audio/aic3104_dma_wrapper_0/inst/aic3104_dma/rx_dly_meta_reg[1]/C
                         clock pessimism              0.070     9.343    
                         clock uncertainty           -0.370     8.973    
    SLICE_X9Y66          FDRE (Setup_HFF2_SLICEM_C_D)
                                                      0.025     8.998    hw_i/audio/aic3104_dma_wrapper_0/inst/aic3104_dma/rx_dly_meta_reg[1]
  -------------------------------------------------------------------
                         required time                          8.998    
                         arrival time                          -6.334    
  -------------------------------------------------------------------
                         slack                                  2.664    

Slack (MET) :             2.725ns  (required time - arrival time)
  Source:                 hw_i/audio/aic3104_dma_wrapper_0/inst/aic3104_dma/axi_dma_writer/sts_busy_reg/C
                            (rising edge-triggered cell FDRE clocked by clk_pl_0  {rise@0.000ns fall@5.156ns period=10.312ns})
  Destination:            hw_i/audio/aic3104_dma_wrapper_0/inst/aic3104_dma/rx_en_reg[0]/D
                            (rising edge-triggered cell FDRE clocked by clk_out1_hw_clk_wiz_0_0  {rise@0.000ns fall@40.685ns period=81.369ns})
  Path Group:             clk_out1_hw_clk_wiz_0_0
  Path Type:              Setup (Max at Slow Process Corner)
  Requirement:            5.000ns  (MaxDelay Path 5.000ns)
  Data Path Delay:        4.230ns  (logic 0.080ns (1.891%)  route 4.150ns (98.109%))
  Logic Levels:           0  
  Clock Path Skew:        2.300ns (DCD - SCD + CPR)
    Destination Clock Delay (DCD):    4.261ns
    Source Clock Delay      (SCD):    2.031ns
    Clock Pessimism Removal (CPR):    0.070ns
  Clock Uncertainty:      0.370ns  ((TSJ^2 + DJ^2)^1/2) / 2 + PE
    Total System Jitter     (TSJ):    0.071ns
    Discrete Jitter          (DJ):    0.412ns
    Phase Error              (PE):    0.161ns
  Clock Net Delay (Source):      1.832ns (routing 0.753ns, distribution 1.079ns)
  Clock Net Delay (Destination): 1.782ns (routing 0.883ns, distribution 0.899ns)
  Timing Exception:       MaxDelay Path 5.000ns

    Location             Delay type                Incr(ns)  Path(ns)    Netlist Resource(s)
  -------------------------------------------------------------------    -------------------
                         (clock clk_pl_0 rise edge)
                                                      0.000     0.000 r  
    PS8_X0Y0             PS8                          0.000     0.000 r  hw_i/zynq_ultra_ps_e_0/inst/PS8_i/PLCLK[0]
                         net (fo=1, routed)           0.171     0.171    hw_i/zynq_ultra_ps_e_0/inst/pl_clk_unbuffered[0]
    BUFG_PS_X0Y67        BUFG_PS (Prop_BUFG_PS_I_O)
                                                      0.028     0.199 r  hw_i/zynq_ultra_ps_e_0/inst/buffer_pl_clk_0.PL_CLK_0_BUFG/O
    X0Y1 (CLOCK_ROOT)    net (fo=3796, routed)        1.832     2.031    hw_i/audio/aic3104_dma_wrapper_0/inst/aic3104_dma/axi_dma_writer/clk
    SLICE_X2Y64          FDRE                                         r  hw_i/audio/aic3104_dma_wrapper_0/inst/aic3104_dma/axi_dma_writer/sts_busy_reg/C
  -------------------------------------------------------------------    -------------------
    SLICE_X2Y64          FDRE (Prop_HFF2_SLICEL_C_Q)
                                                      0.080     2.111 r  hw_i/audio/aic3104_dma_wrapper_0/inst/aic3104_dma/axi_dma_writer/sts_busy_reg/Q
                         net (fo=3, routed)           4.150     6.261    hw_i/audio/aic3104_dma_wrapper_0/inst/aic3104_dma/wr_busy
    SLICE_X13Y60         FDRE                                         r  hw_i/audio/aic3104_dma_wrapper_0/inst/aic3104_dma/rx_en_reg[0]/D
  -------------------------------------------------------------------    -------------------

                         max delay                    5.000     5.000    
    BUFG_PS_X0Y67        BUFG_PS                      0.000     5.000 r  hw_i/zynq_ultra_ps_e_0/inst/buffer_pl_clk_0.PL_CLK_0_BUFG/O
                         net (fo=3796, routed)        1.610     6.610    hw_i/audio/clk_wiz_0/inst/clk_in1
    MMCM_X0Y2            MMCME4_ADV (Prop_MMCM_CLKIN1_CLKOUT0)
                                                      0.630     7.240 r  hw_i/audio/clk_wiz_0/inst/mmcme4_adv_inst/CLKOUT0
                         net (fo=1, routed)           0.215     7.455    hw_i/audio/clk_wiz_0/inst/clk_out1_hw_clk_wiz_0_0
    BUFGCE_X0Y66         BUFGCE (Prop_BUFCE_BUFGCE_I_O)
                                                      0.024     7.479 r  hw_i/audio/clk_wiz_0/inst/clkout1_buf/O
    X0Y1 (CLOCK_ROOT)    net (fo=444, routed)         1.782     9.261    hw_i/audio/aic3104_dma_wrapper_0/inst/aic3104_dma/AIC_mclk_o
    SLICE_X13Y60         FDRE                                         r  hw_i/audio/aic3104_dma_wrapper_0/inst/aic3104_dma/rx_en_reg[0]/C
                         clock pessimism              0.070     9.331    
                         clock uncertainty           -0.370     8.961    
    SLICE_X13Y60         FDRE (Setup_DFF2_SLICEL_C_D)
                                                      0.025     8.986    hw_i/audio/aic3104_dma_wrapper_0/inst/aic3104_dma/rx_en_reg[0]
  -------------------------------------------------------------------
                         required time                          8.986    
                         arrival time                          -6.261    
  -------------------------------------------------------------------
                         slack                                  2.725    

Slack (MET) :             2.761ns  (required time - arrival time)
  Source:                 hw_i/rst_ps8_0_96M/U0/ACTIVE_LOW_PR_OUT_DFF[0].FDRE_PER_N/C
                            (rising edge-triggered cell FDRE clocked by clk_pl_0  {rise@0.000ns fall@5.156ns period=10.312ns})
  Destination:            hw_i/audio/aic3104_dma_wrapper_0/inst/aic3104_dma/rst_sync_reg[0]/D
                            (rising edge-triggered cell FDRE clocked by clk_out1_hw_clk_wiz_0_0  {rise@0.000ns fall@40.685ns period=81.369ns})
  Path Group:             clk_out1_hw_clk_wiz_0_0
  Path Type:              Setup (Max at Slow Process Corner)
  Requirement:            5.000ns  (MaxDelay Path 5.000ns)
  Data Path Delay:        4.196ns  (logic 0.076ns (1.811%)  route 4.120ns (98.189%))
  Logic Levels:           0  
  Clock Path Skew:        2.302ns (DCD - SCD + CPR)
    Destination Clock Delay (DCD):    4.251ns
    Source Clock Delay      (SCD):    2.019ns
    Clock Pessimism Removal (CPR):    0.070ns
  Clock Uncertainty:      0.370ns  ((TSJ^2 + DJ^2)^1/2) / 2 + PE
    Total System Jitter     (TSJ):    0.071ns
    Discrete Jitter          (DJ):    0.412ns
    Phase Error              (PE):    0.161ns
  Clock Net Delay (Source):      1.820ns (routing 0.753ns, distribution 1.067ns)
  Clock Net Delay (Destination): 1.772ns (routing 0.883ns, distribution 0.889ns)
  Timing Exception:       MaxDelay Path 5.000ns

    Location             Delay type                Incr(ns)  Path(ns)    Netlist Resource(s)
  -------------------------------------------------------------------    -------------------
                         (clock clk_pl_0 rise edge)
                                                      0.000     0.000 r  
    PS8_X0Y0             PS8                          0.000     0.000 r  hw_i/zynq_ultra_ps_e_0/inst/PS8_i/PLCLK[0]
                         net (fo=1, routed)           0.171     0.171    hw_i/zynq_ultra_ps_e_0/inst/pl_clk_unbuffered[0]
    BUFG_PS_X0Y67        BUFG_PS (Prop_BUFG_PS_I_O)
                                                      0.028     0.199 r  hw_i/zynq_ultra_ps_e_0/inst/buffer_pl_clk_0.PL_CLK_0_BUFG/O
    X0Y1 (CLOCK_ROOT)    net (fo=3796, routed)        1.820     2.019    hw_i/rst_ps8_0_96M/U0/slowest_sync_clk
    SLICE_X1Y85          FDRE                                         r  hw_i/rst_ps8_0_96M/U0/ACTIVE_LOW_PR_OUT_DFF[0].FDRE_PER_N/C
  -------------------------------------------------------------------    -------------------
    SLICE_X1Y85          FDRE (Prop_FFF_SLICEM_C_Q)
                                                      0.076     2.095 r  hw_i/rst_ps8_0_96M/U0/ACTIVE_LOW_PR_OUT_DFF[0].FDRE_PER_N/Q
                         net (fo=566, routed)         4.120     6.215    hw_i/audio/aic3104_dma_wrapper_0/inst/aic3104_dma/s_axi_aresetn
    SLICE_X20Y48         FDRE                                         r  hw_i/audio/aic3104_dma_wrapper_0/inst/aic3104_dma/rst_sync_reg[0]/D
  -------------------------------------------------------------------    -------------------

                         max delay                    5.000     5.000    
    BUFG_PS_X0Y67        BUFG_PS                      0.000     5.000 r  hw_i/zynq_ultra_ps_e_0/inst/buffer_pl_clk_0.PL_CLK_0_BUFG/O
                         net (fo=3796, routed)        1.610     6.610    hw_i/audio/clk_wiz_0/inst/clk_in1
    MMCM_X0Y2            MMCME4_ADV (Prop_MMCM_CLKIN1_CLKOUT0)
                                                      0.630     7.240 r  hw_i/audio/clk_wiz_0/inst/mmcme4_adv_inst/CLKOUT0
                         net (fo=1, routed)           0.215     7.455    hw_i/audio/clk_wiz_0/inst/clk_out1_hw_clk_wiz_0_0
    BUFGCE_X0Y66         BUFGCE (Prop_BUFCE_BUFGCE_I_O)
                                                      0.024     7.479 r  hw_i/audio/clk_wiz_0/inst/clkout1_buf/O
    X0Y1 (CLOCK_ROOT)    net (fo=444, routed)         1.772     9.251    hw_i/audio/aic3104_dma_wrapper_0/inst/aic3104_dma/AIC_mclk_o
    SLICE_X20Y48         FDRE                                         r  hw_i/audio/aic3104_dma_wrapper_0/inst/aic3104_dma/rst_sync_reg[0]/C
                         clock pessimism              0.070     9.321    
                         clock uncertainty           -0.370     8.951    
    SLICE_X20Y48         FDRE (Setup_DFF2_SLICEM_C_D)
                                                      0.025     8.976    hw_i/audio/aic3104_dma_wrapper_0/inst/aic3104_dma/rst_sync_reg[0]
  -------------------------------------------------------------------
                         required time                          8.976    
                         arrival time                          -6.215    
  -------------------------------------------------------------------
                         slack                                  2.761    

Slack (MET) :             3.066ns  (required time - arrival time)
  Source:                 hw_i/audio/aic3104_dma_wrapper_0/inst/aic3104_dma/rx_dly_reg[2]/C
                            (rising edge-triggered cell FDRE clocked by clk_pl_0  {rise@0.000ns fall@5.156ns period=10.312ns})
  Destination:            hw_i/audio/aic3104_dma_wrapper_0/inst/aic3104_dma/rx_dly_meta_reg[2]/D
                            (rising edge-triggered cell FDRE clocked by clk_out1_hw_clk_wiz_0_0  {rise@0.000ns fall@40.685ns period=81.369ns})
  Path Group:             clk_out1_hw_clk_wiz_0_0
  Path Type:              Setup (Max at Slow Process Corner)
  Requirement:            5.000ns  (MaxDelay Path 5.000ns)
  Data Path Delay:        3.947ns  (logic 0.078ns (1.976%)  route 3.869ns (98.024%))
  Logic Levels:           0  
  Clock Path Skew:        2.358ns (DCD - SCD + CPR)
    Destination Clock Delay (DCD):    4.258ns
    Source Clock Delay      (SCD):    1.970ns
    Clock Pessimism Removal (CPR):    0.070ns
  Clock Uncertainty:      0.370ns  ((TSJ^2 + DJ^2)^1/2) / 2 + PE
    Total System Jitter     (TSJ):    0.071ns
    Discrete Jitter          (DJ):    0.412ns
    Phase Error              (PE):    0.161ns
  Clock Net Delay (Source):      1.771ns (routing 0.753ns, distribution 1.018ns)
  Clock Net Delay (Destination): 1.779ns (routing 0.883ns, distribution 0.896ns)
  Timing Exception:       MaxDelay Path 5.000ns

    Location             Delay type                Incr(ns)  Path(ns)    Netlist Resource(s)
  -------------------------------------------------------------------    -------------------
                         (clock clk_pl_0 rise edge)
                                                      0.000     0.000 r  
    PS8_X0Y0             PS8                          0.000     0.000 r  hw_i/zynq_ultra_ps_e_0/inst/PS8_i/PLCLK[0]
                         net (fo=1, routed)           0.171     0.171    hw_i/zynq_ultra_ps_e_0/inst/pl_clk_unbuffered[0]
    BUFG_PS_X0Y67        BUFG_PS (Prop_BUFG_PS_I_O)
                                                      0.028     0.199 r  hw_i/zynq_ultra_ps_e_0/inst/buffer_pl_clk_0.PL_CLK_0_BUFG/O
    X0Y1 (CLOCK_ROOT)    net (fo=3796, routed)        1.771     1.970    hw_i/audio/aic3104_dma_wrapper_0/inst/aic3104_dma/s_axi_aclk
    SLICE_X5Y93          FDRE                                         r  hw_i/audio/aic3104_dma_wrapper_0/inst/aic3104_dma/rx_dly_reg[2]/C
  -------------------------------------------------------------------    -------------------
    SLICE_X5Y93          FDRE (Prop_GFF_SLICEM_C_Q)
                                                      0.078     2.048 r  hw_i/audio/aic3104_dma_wrapper_0/inst/aic3104_dma/rx_dly_reg[2]/Q
                         net (fo=3, routed)           3.869     5.917    hw_i/audio/aic3104_dma_wrapper_0/inst/aic3104_dma/rx_dly[2]
    SLICE_X13Y71         FDRE                                         r  hw_i/audio/aic3104_dma_wrapper_0/inst/aic3104_dma/rx_dly_meta_reg[2]/D
  -------------------------------------------------------------------    -------------------

                         max delay                    5.000     5.000    
    BUFG_PS_X0Y67        BUFG_PS                      0.000     5.000 r  hw_i/zynq_ultra_ps_e_0/inst/buffer_pl_clk_0.PL_CLK_0_BUFG/O
                         net (fo=3796, routed)        1.610     6.610    hw_i/audio/clk_wiz_0/inst/clk_in1
    MMCM_X0Y2            MMCME4_ADV (Prop_MMCM_CLKIN1_CLKOUT0)
                                                      0.630     7.240 r  hw_i/audio/clk_wiz_0/inst/mmcme4_adv_inst/CLKOUT0
                         net (fo=1, routed)           0.215     7.455    hw_i/audio/clk_wiz_0/inst/clk_out1_hw_clk_wiz_0_0
    BUFGCE_X0Y66         BUFGCE (Prop_BUFCE_BUFGCE_I_O)
                                                      0.024     7.479 r  hw_i/audio/clk_wiz_0/inst/clkout1_buf/O
    X0Y1 (CLOCK_ROOT)    net (fo=444, routed)         1.779     9.258    hw_i/audio/aic3104_dma_wrapper_0/inst/aic3104_dma/AIC_mclk_o
    SLICE_X13Y71         FDRE                                         r  hw_i/audio/aic3104_dma_wrapper_0/inst/aic3104_dma/rx_dly_meta_reg[2]/C
                         clock pessimism              0.070     9.328    
                         clock uncertainty           -0.370     8.958    
    SLICE_X13Y71         FDRE (Setup_DFF2_SLICEL_C_D)
                                                      0.025     8.983    hw_i/audio/aic3104_dma_wrapper_0/inst/aic3104_dma/rx_dly_meta_reg[2]
  -------------------------------------------------------------------
                         required time                          8.983    
                         arrival time                          -5.917    
  -------------------------------------------------------------------
                         slack                                  3.066    

Slack (MET) :             3.123ns  (required time - arrival time)
  Source:                 hw_i/audio/aic3104_dma_wrapper_0/inst/aic3104_dma/rx_dly_reg[0]/C
                            (rising edge-triggered cell FDRE clocked by clk_pl_0  {rise@0.000ns fall@5.156ns period=10.312ns})
  Destination:            hw_i/audio/aic3104_dma_wrapper_0/inst/aic3104_dma/rx_dly_meta_reg[0]/D
                            (rising edge-triggered cell FDRE clocked by clk_out1_hw_clk_wiz_0_0  {rise@0.000ns fall@40.685ns period=81.369ns})
  Path Group:             clk_out1_hw_clk_wiz_0_0
  Path Type:              Setup (Max at Slow Process Corner)
  Requirement:            5.000ns  (MaxDelay Path 5.000ns)
  Data Path Delay:        3.893ns  (logic 0.076ns (1.952%)  route 3.817ns (98.048%))
  Logic Levels:           0  
  Clock Path Skew:        2.361ns (DCD - SCD + CPR)
    Destination Clock Delay (DCD):    4.261ns
    Source Clock Delay      (SCD):    1.970ns
    Clock Pessimism Removal (CPR):    0.070ns
  Clock Uncertainty:      0.370ns  ((TSJ^2 + DJ^2)^1/2) / 2 + PE
    Total System Jitter     (TSJ):    0.071ns
    Discrete Jitter          (DJ):    0.412ns
    Phase Error              (PE):    0.161ns
  Clock Net Delay (Source):      1.771ns (routing 0.753ns, distribution 1.018ns)
  Clock Net Delay (Destination): 1.782ns (routing 0.883ns, distribution 0.899ns)
  Timing Exception:       MaxDelay Path 5.000ns

    Location             Delay type                Incr(ns)  Path(ns)    Netlist Resource(s)
  -------------------------------------------------------------------    -------------------
                         (clock clk_pl_0 rise edge)
                                                      0.000     0.000 r  
    PS8_X0Y0             PS8                          0.000     0.000 r  hw_i/zynq_ultra_ps_e_0/inst/PS8_i/PLCLK[0]
                         net (fo=1, routed)           0.171     0.171    hw_i/zynq_ultra_ps_e_0/inst/pl_clk_unbuffered[0]
    BUFG_PS_X0Y67        BUFG_PS (Prop_BUFG_PS_I_O)
                                                      0.028     0.199 r  hw_i/zynq_ultra_ps_e_0/inst/buffer_pl_clk_0.PL_CLK_0_BUFG/O
    X0Y1 (CLOCK_ROOT)    net (fo=3796, routed)        1.771     1.970    hw_i/audio/aic3104_dma_wrapper_0/inst/aic3104_dma/s_axi_aclk
    SLICE_X5Y93          FDRE                                         r  hw_i/audio/aic3104_dma_wrapper_0/inst/aic3104_dma/rx_dly_reg[0]/C
  -------------------------------------------------------------------    -------------------
    SLICE_X5Y93          FDRE (Prop_FFF_SLICEM_C_Q)
                                                      0.076     2.046 r  hw_i/audio/aic3104_dma_wrapper_0/inst/aic3104_dma/rx_dly_reg[0]/Q
                         net (fo=3, routed)           3.817     5.863    hw_i/audio/aic3104_dma_wrapper_0/inst/aic3104_dma/rx_dly[0]
    SLICE_X13Y64         FDRE                                         r  hw_i/audio/aic3104_dma_wrapper_0/inst/aic3104_dma/rx_dly_meta_reg[0]/D
  -------------------------------------------------------------------    -------------------

                         max delay                    5.000     5.000    
    BUFG_PS_X0Y67        BUFG_PS                      0.000     5.000 r  hw_i/zynq_ultra_ps_e_0/inst/buffer_pl_clk_0.PL_CLK_0_BUFG/O
                         net (fo=3796, routed)        1.610     6.610    hw_i/audio/clk_wiz_0/inst/clk_in1
    MMCM_X0Y2            MMCME4_ADV (Prop_MMCM_CLKIN1_CLKOUT0)
                                                      0.630     7.240 r  hw_i/audio/clk_wiz_0/inst/mmcme4_adv_inst/CLKOUT0
                         net (fo=1, routed)           0.215     7.455    hw_i/audio/clk_wiz_0/inst/clk_out1_hw_clk_wiz_0_0
    BUFGCE_X0Y66         BUFGCE (Prop_BUFCE_BUFGCE_I_O)
                                                      0.024     7.479 r  hw_i/audio/clk_wiz_0/inst/clkout1_buf/O
    X0Y1 (CLOCK_ROOT)    net (fo=444, routed)         1.782     9.261    hw_i/audio/aic3104_dma_wrapper_0/inst/aic3104_dma/AIC_mclk_o
    SLICE_X13Y64         FDRE                                         r  hw_i/audio/aic3104_dma_wrapper_0/inst/aic3104_dma/rx_dly_meta_reg[0]/C
                         clock pessimism              0.070     9.331    
                         clock uncertainty           -0.370     8.961    
    SLICE_X13Y64         FDRE (Setup_BFF2_SLICEL_C_D)
                                                      0.025     8.986    hw_i/audio/aic3104_dma_wrapper_0/inst/aic3104_dma/rx_dly_meta_reg[0]
  -------------------------------------------------------------------
                         required time                          8.986    
                         arrival time                          -5.863    
  -------------------------------------------------------------------
                         slack                                  3.123    

Slack (MET) :             9.415ns  (required time - arrival time)
  Source:                 hw_i/audio/aic3104_dma_wrapper_0/inst/aic3104_dma/tx_fifo/gnuram_async_fifo.xpm_fifo_base_inst/gen_sdpram.xpm_memory_base_inst/gen_wr_a.gen_word_narrow.mem_reg_64_127_21_27/RAMB/CLK
                            (rising edge-triggered cell RAMD64E clocked by clk_pl_0  {rise@0.000ns fall@5.156ns period=10.312ns})
  Destination:            hw_i/audio/aic3104_dma_wrapper_0/inst/aic3104_dma/tx_fifo/gnuram_async_fifo.xpm_fifo_base_inst/gen_sdpram.xpm_memory_base_inst/gen_rd_b.gen_rd_b_synth_template.gen_nc_narrow_pipe.doutb_reg_reg[22]/D
                            (rising edge-triggered cell FDRE clocked by clk_out1_hw_clk_wiz_0_0  {rise@0.000ns fall@40.685ns period=81.369ns})
  Path Group:             clk_out1_hw_clk_wiz_0_0
  Path Type:              Setup (Max at Slow Process Corner)
  Requirement:            10.312ns  (MaxDelay Path 10.312ns)
  Data Path Delay:        0.922ns  (logic 0.453ns (49.132%)  route 0.469ns (50.868%))
  Logic Levels:           1  (LUT3=1)
  Timing Exception:       MaxDelay Path 10.312ns -datapath_only

    Location             Delay type                Incr(ns)  Path(ns)    Netlist Resource(s)
  -------------------------------------------------------------------    -------------------
    SLICE_X14Y59                                      0.000     0.000 r  hw_i/audio/aic3104_dma_wrapper_0/inst/aic3104_dma/tx_fifo/gnuram_async_fifo.xpm_fifo_base_inst/gen_sdpram.xpm_memory_base_inst/gen_wr_a.gen_word_narrow.mem_reg_64_127_21_27/RAMB/CLK
    SLICE_X14Y59         RAMD64E (Prop_B6LUT_SLICEM_CLK_O)
                                                      0.307     0.307 r  hw_i/audio/aic3104_dma_wrapper_0/inst/aic3104_dma/tx_fifo/gnuram_async_fifo.xpm_fifo_base_inst/gen_sdpram.xpm_memory_base_inst/gen_wr_a.gen_word_narrow.mem_reg_64_127_21_27/RAMB/O
                         net (fo=1, routed)           0.419     0.726    hw_i/audio/aic3104_dma_wrapper_0/inst/aic3104_dma/tx_fifo/gnuram_async_fifo.xpm_fifo_base_inst/gen_sdpram.xpm_memory_base_inst/gen_wr_a.gen_word_narrow.mem_reg_64_127_21_27_n_1
    SLICE_X15Y59         LUT3 (Prop_C6LUT_SLICEL_I0_O)
                                                      0.146     0.872 r  hw_i/audio/aic3104_dma_wrapper_0/inst/aic3104_dma/tx_fifo/gnuram_async_fifo.xpm_fifo_base_inst/gen_sdpram.xpm_memory_base_inst/gen_rd_b.gen_rd_b_synth_template.gen_nc_narrow_pipe.doutb_reg[22]_i_1/O
                         net (fo=1, routed)           0.050     0.922    hw_i/audio/aic3104_dma_wrapper_0/inst/aic3104_dma/tx_fifo/gnuram_async_fifo.xpm_fifo_base_inst/gen_sdpram.xpm_memory_base_inst/gen_rd_b.gen_rd_b_synth_template.gen_nc_narrow_pipe.doutb_reg_reg0[22]
    SLICE_X15Y59         FDRE                                         r  hw_i/audio/aic3104_dma_wrapper_0/inst/aic3104_dma/tx_fifo/gnuram_async_fifo.xpm_fifo_base_inst/gen_sdpram.xpm_memory_base_inst/gen_rd_b.gen_rd_b_synth_template.gen_nc_narrow_pipe.doutb_reg_reg[22]/D
  -------------------------------------------------------------------    -------------------

                         max delay                   10.312    10.312    
    SLICE_X15Y59         FDRE (Setup_CFF_SLICEL_C_D)
                                                      0.025    10.337    hw_i/audio/aic3104_dma_wrapper_0/inst/aic3104_dma/tx_fifo/gnuram_async_fifo.xpm_fifo_base_inst/gen_sdpram.xpm_memory_base_inst/gen_rd_b.gen_rd_b_synth_template.gen_nc_narrow_pipe.doutb_reg_reg[22]
  -------------------------------------------------------------------
                         required time                         10.337    
                         arrival time                          -0.922    
  -------------------------------------------------------------------
                         slack                                  9.415    

Slack (MET) :             9.472ns  (required time - arrival time)
  Source:                 hw_i/audio/aic3104_dma_wrapper_0/inst/aic3104_dma/tx_fifo/gnuram_async_fifo.xpm_fifo_base_inst/gen_sdpram.xpm_memory_base_inst/gen_wr_a.gen_word_narrow.mem_reg_64_127_21_27/RAMA/CLK
                            (rising edge-triggered cell RAMD64E clocked by clk_pl_0  {rise@0.000ns fall@5.156ns period=10.312ns})
  Destination:            hw_i/audio/aic3104_dma_wrapper_0/inst/aic3104_dma/tx_fifo/gnuram_async_fifo.xpm_fifo_base_inst/gen_sdpram.xpm_memory_base_inst/gen_rd_b.gen_rd_b_synth_template.gen_nc_narrow_pipe.doutb_reg_reg[21]/D
                            (rising edge-triggered cell FDRE clocked by clk_out1_hw_clk_wiz_0_0  {rise@0.000ns fall@40.685ns period=81.369ns})
  Path Group:             clk_out1_hw_clk_wiz_0_0
  Path Type:              Setup (Max at Slow Process Corner)
  Requirement:            10.312ns  (MaxDelay Path 10.312ns)
  Data Path Delay:        0.865ns  (logic 0.415ns (47.977%)  route 0.450ns (52.023%))
  Logic Levels:           1  (LUT3=1)
  Timing Exception:       MaxDelay Path 10.312ns -datapath_only

    Location             Delay type                Incr(ns)  Path(ns)    Netlist Resource(s)
  -------------------------------------------------------------------    -------------------
    SLICE_X14Y59                                      0.000     0.000 r  hw_i/audio/aic3104_dma_wrapper_0/inst/aic3104_dma/tx_fifo/gnuram_async_fifo.xpm_fifo_base_inst/gen_sdpram.xpm_memory_base_inst/gen_wr_a.gen_word_narrow.mem_reg_64_127_21_27/RAMA/CLK
    SLICE_X14Y59         RAMD64E (Prop_A6LUT_SLICEM_CLK_O)
                                                      0.305     0.305 r  hw_i/audio/aic3104_dma_wrapper_0/inst/aic3104_dma/tx_fifo/gnuram_async_fifo.xpm_fifo_base_inst/gen_sdpram.xpm_memory_base_inst/gen_wr_a.gen_word_narrow.mem_reg_64_127_21_27/RAMA/O
                         net (fo=1, routed)           0.435     0.740    hw_i/audio/aic3104_dma_wrapper_0/inst/aic3104_dma/tx_fifo/gnuram_async_fifo.xpm_fifo_base_inst/gen_sdpram.xpm_memory_base_inst/gen_wr_a.gen_word_narrow.mem_reg_64_127_21_27_n_0
    SLICE_X15Y59         LUT3 (Prop_D5LUT_SLICEL_I0_O)
                                                      0.110     0.850 r  hw_i/audio/aic3104_dma_wrapper_0/inst/aic3104_dma/tx_fifo/gnuram_async_fifo.xpm_fifo_base_inst/gen_sdpram.xpm_memory_base_inst/gen_rd_b.gen_rd_b_synth_template.gen_nc_narrow_pipe.doutb_reg[21]_i_1/O
                         net (fo=1, routed)           0.015     0.865    hw_i/audio/aic3104_dma_wrapper_0/inst/aic3104_dma/tx_fifo/gnuram_async_fifo.xpm_fifo_base_inst/gen_sdpram.xpm_memory_base_inst/gen_rd_b.gen_rd_b_synth_template.gen_nc_narrow_pipe.doutb_reg_reg0[21]
    SLICE_X15Y59         FDRE                                         r  hw_i/audio/aic3104_dma_wrapper_0/inst/aic3104_dma/tx_fifo/gnuram_async_fifo.xpm_fifo_base_inst/gen_sdpram.xpm_memory_base_inst/gen_rd_b.gen_rd_b_synth_template.gen_nc_narrow_pipe.doutb_reg_reg[21]/D
  -------------------------------------------------------------------    -------------------

                         max delay                   10.312    10.312    
    SLICE_X15Y59         FDRE (Setup_DFF2_SLICEL_C_D)
                                                      0.025    10.337    hw_i/audio/aic3104_dma_wrapper_0/inst/aic3104_dma/tx_fifo/gnuram_async_fifo.xpm_fifo_base_inst/gen_sdpram.xpm_memory_base_inst/gen_rd_b.gen_rd_b_synth_template.gen_nc_narrow_pipe.doutb_reg_reg[21]
  -------------------------------------------------------------------
                         required time                         10.337    
                         arrival time                          -0.865    
  -------------------------------------------------------------------
                         slack                                  9.472    

Slack (MET) :             9.478ns  (required time - arrival time)
  Source:                 hw_i/audio/aic3104_dma_wrapper_0/inst/aic3104_dma/tx_fifo/gnuram_async_fifo.xpm_fifo_base_inst/gen_sdpram.xpm_memory_base_inst/gen_wr_a.gen_word_narrow.mem_reg_0_63_14_20/RAMC/CLK
                            (rising edge-triggered cell RAMD64E clocked by clk_pl_0  {rise@0.000ns fall@5.156ns period=10.312ns})
  Destination:            hw_i/audio/aic3104_dma_wrapper_0/inst/aic3104_dma/tx_fifo/gnuram_async_fifo.xpm_fifo_base_inst/gen_sdpram.xpm_memory_base_inst/gen_rd_b.gen_rd_b_synth_template.gen_nc_narrow_pipe.doutb_reg_reg[16]/D
                            (rising edge-triggered cell FDRE clocked by clk_out1_hw_clk_wiz_0_0  {rise@0.000ns fall@40.685ns period=81.369ns})
  Path Group:             clk_out1_hw_clk_wiz_0_0
  Path Type:              Setup (Max at Slow Process Corner)
  Requirement:            10.312ns  (MaxDelay Path 10.312ns)
  Data Path Delay:        0.859ns  (logic 0.430ns (50.058%)  route 0.429ns (49.942%))
  Logic Levels:           1  (LUT3=1)
  Timing Exception:       MaxDelay Path 10.312ns -datapath_only

    Location             Delay type                Incr(ns)  Path(ns)    Netlist Resource(s)
  -------------------------------------------------------------------    -------------------
    SLICE_X14Y57                                      0.000     0.000 r  hw_i/audio/aic3104_dma_wrapper_0/inst/aic3104_dma/tx_fifo/gnuram_async_fifo.xpm_fifo_base_inst/gen_sdpram.xpm_memory_base_inst/gen_wr_a.gen_word_narrow.mem_reg_0_63_14_20/RAMC/CLK
    SLICE_X14Y57         RAMD64E (Prop_C6LUT_SLICEM_CLK_O)
                                                      0.307     0.307 r  hw_i/audio/aic3104_dma_wrapper_0/inst/aic3104_dma/tx_fifo/gnuram_async_fifo.xpm_fifo_base_inst/gen_sdpram.xpm_memory_base_inst/gen_wr_a.gen_word_narrow.mem_reg_0_63_14_20/RAMC/O
                         net (fo=1, routed)           0.379     0.686    hw_i/audio/aic3104_dma_wrapper_0/inst/aic3104_dma/tx_fifo/gnuram_async_fifo.xpm_fifo_base_inst/gen_sdpram.xpm_memory_base_inst/gen_wr_a.gen_word_narrow.mem_reg_0_63_14_20_n_2
    SLICE_X15Y58         LUT3 (Prop_C6LUT_SLICEL_I2_O)
                                                      0.123     0.809 r  hw_i/audio/aic3104_dma_wrapper_0/inst/aic3104_dma/tx_fifo/gnuram_async_fifo.xpm_fifo_base_inst/gen_sdpram.xpm_memory_base_inst/gen_rd_b.gen_rd_b_synth_template.gen_nc_narrow_pipe.doutb_reg[16]_i_1/O
                         net (fo=1, routed)           0.050     0.859    hw_i/audio/aic3104_dma_wrapper_0/inst/aic3104_dma/tx_fifo/gnuram_async_fifo.xpm_fifo_base_inst/gen_sdpram.xpm_memory_base_inst/gen_rd_b.gen_rd_b_synth_template.gen_nc_narrow_pipe.doutb_reg_reg0[16]
    SLICE_X15Y58         FDRE                                         r  hw_i/audio/aic3104_dma_wrapper_0/inst/aic3104_dma/tx_fifo/gnuram_async_fifo.xpm_fifo_base_inst/gen_sdpram.xpm_memory_base_inst/gen_rd_b.gen_rd_b_synth_template.gen_nc_narrow_pipe.doutb_reg_reg[16]/D
  -------------------------------------------------------------------    -------------------

                         max delay                   10.312    10.312    
    SLICE_X15Y58         FDRE (Setup_CFF_SLICEL_C_D)
                                                      0.025    10.337    hw_i/audio/aic3104_dma_wrapper_0/inst/aic3104_dma/tx_fifo/gnuram_async_fifo.xpm_fifo_base_inst/gen_sdpram.xpm_memory_base_inst/gen_rd_b.gen_rd_b_synth_template.gen_nc_narrow_pipe.doutb_reg_reg[16]
  -------------------------------------------------------------------
                         required time                         10.337    
                         arrival time                          -0.859    
  -------------------------------------------------------------------
                         slack                                  9.478    

Slack (MET) :             9.501ns  (required time - arrival time)
  Source:                 hw_i/audio/aic3104_dma_wrapper_0/inst/aic3104_dma/tx_fifo/gnuram_async_fifo.xpm_fifo_base_inst/gen_sdpram.xpm_memory_base_inst/gen_wr_a.gen_word_narrow.mem_reg_64_127_7_13/RAMD/CLK
                            (rising edge-triggered cell RAMD64E clocked by clk_pl_0  {rise@0.000ns fall@5.156ns period=10.312ns})
  Destination:            hw_i/audio/aic3104_dma_wrapper_0/inst/aic3104_dma/tx_fifo/gnuram_async_fifo.xpm_fifo_base_inst/gen_sdpram.xpm_memory_base_inst/gen_rd_b.gen_rd_b_synth_template.gen_nc_narrow_pipe.doutb_reg_reg[10]/D
                            (rising edge-triggered cell FDRE clocked by clk_out1_hw_clk_wiz_0_0  {rise@0.000ns fall@40.685ns period=81.369ns})
  Path Group:             clk_out1_hw_clk_wiz_0_0
  Path Type:              Setup (Max at Slow Process Corner)
  Requirement:            10.312ns  (MaxDelay Path 10.312ns)
  Data Path Delay:        0.836ns  (logic 0.400ns (47.847%)  route 0.436ns (52.153%))
  Logic Levels:           1  (LUT3=1)
  Timing Exception:       MaxDelay Path 10.312ns -datapath_only

    Location             Delay type                Incr(ns)  Path(ns)    Netlist Resource(s)
  -------------------------------------------------------------------    -------------------
    SLICE_X14Y55                                      0.000     0.000 r  hw_i/audio/aic3104_dma_wrapper_0/inst/aic3104_dma/tx_fifo/gnuram_async_fifo.xpm_fifo_base_inst/gen_sdpram.xpm_memory_base_inst/gen_wr_a.gen_word_narrow.mem_reg_64_127_7_13/RAMD/CLK
    SLICE_X14Y55         RAMD64E (Prop_D6LUT_SLICEM_CLK_O)
                                                      0.301     0.301 r  hw_i/audio/aic3104_dma_wrapper_0/inst/aic3104_dma/tx_fifo/gnuram_async_fifo.xpm_fifo_base_inst/gen_sdpram.xpm_memory_base_inst/gen_wr_a.gen_word_narrow.mem_reg_64_127_7_13/RAMD/O
                         net (fo=1, routed)           0.364     0.665    hw_i/audio/aic3104_dma_wrapper_0/inst/aic3104_dma/tx_fifo/gnuram_async_fifo.xpm_fifo_base_inst/gen_sdpram.xpm_memory_base_inst/gen_wr_a.gen_word_narrow.mem_reg_64_127_7_13_n_3
    SLICE_X16Y54         LUT3 (Prop_D6LUT_SLICEM_I0_O)
                                                      0.099     0.764 r  hw_i/audio/aic3104_dma_wrapper_0/inst/aic3104_dma/tx_fifo/gnuram_async_fifo.xpm_fifo_base_inst/gen_sdpram.xpm_memory_base_inst/gen_rd_b.gen_rd_b_synth_template.gen_nc_narrow_pipe.doutb_reg[10]_i_1/O
                         net (fo=1, routed)           0.072     0.836    hw_i/audio/aic3104_dma_wrapper_0/inst/aic3104_dma/tx_fifo/gnuram_async_fifo.xpm_fifo_base_inst/gen_sdpram.xpm_memory_base_inst/gen_rd_b.gen_rd_b_synth_template.gen_nc_narrow_pipe.doutb_reg_reg0[10]
    SLICE_X16Y54         FDRE                                         r  hw_i/audio/aic3104_dma_wrapper_0/inst/aic3104_dma/tx_fifo/gnuram_async_fifo.xpm_fifo_base_inst/gen_sdpram.xpm_memory_base_inst/gen_rd_b.gen_rd_b_synth_template.gen_nc_narrow_pipe.doutb_reg_reg[10]/D
  -------------------------------------------------------------------    -------------------

                         max delay                   10.312    10.312    
    SLICE_X16Y54         FDRE (Setup_DFF_SLICEM_C_D)
                                                      0.025    10.337    hw_i/audio/aic3104_dma_wrapper_0/inst/aic3104_dma/tx_fifo/gnuram_async_fifo.xpm_fifo_base_inst/gen_sdpram.xpm_memory_base_inst/gen_rd_b.gen_rd_b_synth_template.gen_nc_narrow_pipe.doutb_reg_reg[10]
  -------------------------------------------------------------------
                         required time                         10.337    
                         arrival time                          -0.836    
  -------------------------------------------------------------------
                         slack                                  9.501    

Slack (MET) :             9.514ns  (required time - arrival time)
  Source:                 hw_i/audio/aic3104_dma_wrapper_0/inst/aic3104_dma/tx_fifo/gnuram_async_fifo.xpm_fifo_base_inst/gen_sdpram.xpm_memory_base_inst/gen_wr_a.gen_word_narrow.mem_reg_64_127_7_13/RAMC/CLK
                            (rising edge-triggered cell RAMD64E clocked by clk_pl_0  {rise@0.000ns fall@5.156ns period=10.312ns})
  Destination:            hw_i/audio/aic3104_dma_wrapper_0/inst/aic3104_dma/tx_fifo/gnuram_async_fifo.xpm_fifo_base_inst/gen_sdpram.xpm_memory_base_inst/gen_rd_b.gen_rd_b_synth_template.gen_nc_narrow_pipe.doutb_reg_reg[9]/D
                            (rising edge-triggered cell FDRE clocked by clk_out1_hw_clk_wiz_0_0  {rise@0.000ns fall@40.685ns period=81.369ns})
  Path Group:             clk_out1_hw_clk_wiz_0_0
  Path Type:              Setup (Max at Slow Process Corner)
  Requirement:            10.312ns  (MaxDelay Path 10.312ns)
  Data Path Delay:        0.823ns  (logic 0.410ns (49.818%)  route 0.413ns (50.182%))
  Logic Levels:           1  (LUT3=1)
  Timing Exception:       MaxDelay Path 10.312ns -datapath_only

    Location             Delay type                Incr(ns)  Path(ns)    Netlist Resource(s)
  -------------------------------------------------------------------    -------------------
    SLICE_X14Y55                                      0.000     0.000 r  hw_i/audio/aic3104_dma_wrapper_0/inst/aic3104_dma/tx_fifo/gnuram_async_fifo.xpm_fifo_base_inst/gen_sdpram.xpm_memory_base_inst/gen_wr_a.gen_word_narrow.mem_reg_64_127_7_13/RAMC/CLK
    SLICE_X14Y55         RAMD64E (Prop_C6LUT_SLICEM_CLK_O)
                                                      0.307     0.307 r  hw_i/audio/aic3104_dma_wrapper_0/inst/aic3104_dma/tx_fifo/gnuram_async_fifo.xpm_fifo_base_inst/gen_sdpram.xpm_memory_base_inst/gen_wr_a.gen_word_narrow.mem_reg_64_127_7_13/RAMC/O
                         net (fo=1, routed)           0.387     0.694    hw_i/audio/aic3104_dma_wrapper_0/inst/aic3104_dma/tx_fifo/gnuram_async_fifo.xpm_fifo_base_inst/gen_sdpram.xpm_memory_base_inst/gen_wr_a.gen_word_narrow.mem_reg_64_127_7_13_n_2
    SLICE_X16Y54         LUT3 (Prop_B5LUT_SLICEM_I0_O)
                                                      0.103     0.797 r  hw_i/audio/aic3104_dma_wrapper_0/inst/aic3104_dma/tx_fifo/gnuram_async_fifo.xpm_fifo_base_inst/gen_sdpram.xpm_memory_base_inst/gen_rd_b.gen_rd_b_synth_template.gen_nc_narrow_pipe.doutb_reg[9]_i_1/O
                         net (fo=1, routed)           0.026     0.823    hw_i/audio/aic3104_dma_wrapper_0/inst/aic3104_dma/tx_fifo/gnuram_async_fifo.xpm_fifo_base_inst/gen_sdpram.xpm_memory_base_inst/gen_rd_b.gen_rd_b_synth_template.gen_nc_narrow_pipe.doutb_reg_reg0[9]
    SLICE_X16Y54         FDRE                                         r  hw_i/audio/aic3104_dma_wrapper_0/inst/aic3104_dma/tx_fifo/gnuram_async_fifo.xpm_fifo_base_inst/gen_sdpram.xpm_memory_base_inst/gen_rd_b.gen_rd_b_synth_template.gen_nc_narrow_pipe.doutb_reg_reg[9]/D
  -------------------------------------------------------------------    -------------------

                         max delay                   10.312    10.312    
    SLICE_X16Y54         FDRE (Setup_BFF2_SLICEM_C_D)
                                                      0.025    10.337    hw_i/audio/aic3104_dma_wrapper_0/inst/aic3104_dma/tx_fifo/gnuram_async_fifo.xpm_fifo_base_inst/gen_sdpram.xpm_memory_base_inst/gen_rd_b.gen_rd_b_synth_template.gen_nc_narrow_pipe.doutb_reg_reg[9]
  -------------------------------------------------------------------
                         required time                         10.337    
                         arrival time                          -0.823    
  -------------------------------------------------------------------
                         slack                                  9.514    





Min Delay Paths
--------------------------------------------------------------------------------------
Slack (MET) :             0.045ns  (arrival time - required time)
  Source:                 hw_i/audio/aic3104_dma_wrapper_0/inst/aic3104_dma/rx_dly_reg[0]/C
                            (rising edge-triggered cell FDRE clocked by clk_pl_0  {rise@0.000ns fall@5.156ns period=10.312ns})
  Destination:            hw_i/audio/aic3104_dma_wrapper_0/inst/aic3104_dma/rx_dly_meta_reg[0]/D
                            (rising edge-triggered cell FDRE clocked by clk_out1_hw_clk_wiz_0_0  {rise@0.000ns fall@40.685ns period=81.369ns})
  Path Group:             clk_out1_hw_clk_wiz_0_0
  Path Type:              Hold (Min at Slow Process Corner)
  Requirement:            0.000ns  (clk_out1_hw_clk_wiz_0_0 rise@0.000ns - clk_pl_0 rise@0.000ns)
  Data Path Delay:        2.609ns  (logic 0.057ns (2.184%)  route 2.552ns (97.816%))
  Logic Levels:           0  
  Clock Path Skew:        2.133ns (DCD - SCD - CPR)
    Destination Clock Delay (DCD):    3.936ns
    Source Clock Delay      (SCD):    1.733ns
    Clock Pessimism Removal (CPR):    0.070ns
  Clock Uncertainty:      0.370ns  ((TSJ^2 + DJ^2)^1/2) / 2 + PE
    Total System Jitter     (TSJ):    0.071ns
    Discrete Jitter          (DJ):    0.412ns
    Phase Error              (PE):    0.161ns
  Clock Net Delay (Source):      1.573ns (routing 0.683ns, distribution 0.890ns)
  Clock Net Delay (Destination): 1.996ns (routing 0.970ns, distribution 1.026ns)
  Clock Domain Crossing:  Inter clock paths are considered valid unless explicitly excluded by timing constraints such as set_clock_groups or set_false_path.

    Location             Delay type                Incr(ns)  Path(ns)    Netlist Resource(s)
  -------------------------------------------------------------------    -------------------
                         (clock clk_pl_0 rise edge)
                                                      0.000     0.000 r  
    PS8_X0Y0             PS8                          0.000     0.000 r  hw_i/zynq_ultra_ps_e_0/inst/PS8_i/PLCLK[0]
                         net (fo=1, routed)           0.135     0.135    hw_i/zynq_ultra_ps_e_0/inst/pl_clk_unbuffered[0]
    BUFG_PS_X0Y67        BUFG_PS (Prop_BUFG_PS_I_O)
                                                      0.025     0.160 r  hw_i/zynq_ultra_ps_e_0/inst/buffer_pl_clk_0.PL_CLK_0_BUFG/O
    X0Y1 (CLOCK_ROOT)    net (fo=3796, routed)        1.573     1.733    hw_i/audio/aic3104_dma_wrapper_0/inst/aic3104_dma/s_axi_aclk
    SLICE_X5Y93          FDRE                                         r  hw_i/audio/aic3104_dma_wrapper_0/inst/aic3104_dma/rx_dly_reg[0]/C
  -------------------------------------------------------------------    -------------------
    SLICE_X5Y93          FDRE (Prop_FFF_SLICEM_C_Q)
                                                      0.057     1.790 r  hw_i/audio/aic3104_dma_wrapper_0/inst/aic3104_dma/rx_dly_reg[0]/Q
                         net (fo=3, routed)           2.552     4.342    hw_i/audio/aic3104_dma_wrapper_0/inst/aic3104_dma/rx_dly[0]
    SLICE_X13Y64         FDRE                                         r  hw_i/audio/aic3104_dma_wrapper_0/inst/aic3104_dma/rx_dly_meta_reg[0]/D
  -------------------------------------------------------------------    -------------------

                         (clock clk_out1_hw_clk_wiz_0_0 rise edge)
                                                      0.000     0.000 r  
    BUFG_PS_X0Y67        BUFG_PS                      0.000     0.000 r  hw_i/zynq_ultra_ps_e_0/inst/buffer_pl_clk_0.PL_CLK_0_BUFG/O
                         net (fo=3796, routed)        1.794     1.794    hw_i/audio/clk_wiz_0/inst/clk_in1
    MMCM_X0Y2            MMCME4_ADV (Prop_MMCM_CLKIN1_CLKOUT0)
                                                     -0.127     1.667 r  hw_i/audio/clk_wiz_0/inst/mmcme4_adv_inst/CLKOUT0
                         net (fo=1, routed)           0.245     1.912    hw_i/audio/clk_wiz_0/inst/clk_out1_hw_clk_wiz_0_0
    BUFGCE_X0Y66         BUFGCE (Prop_BUFCE_BUFGCE_I_O)
                                                      0.028     1.940 r  hw_i/audio/clk_wiz_0/inst/clkout1_buf/O
    X0Y1 (CLOCK_ROOT)    net (fo=444, routed)         1.996     3.936    hw_i/audio/aic3104_dma_wrapper_0/inst/aic3104_dma/AIC_mclk_o
    SLICE_X13Y64         FDRE                                         r  hw_i/audio/aic3104_dma_wrapper_0/inst/aic3104_dma/rx_dly_meta_reg[0]/C
                         clock pessimism             -0.070     3.866    
                         clock uncertainty            0.370     4.236    
    SLICE_X13Y64         FDRE (Hold_BFF2_SLICEL_C_D)
                                                      0.062     4.298    hw_i/audio/aic3104_dma_wrapper_0/inst/aic3104_dma/rx_dly_meta_reg[0]
  -------------------------------------------------------------------
                         required time                         -4.298    
                         arrival time                           4.342    
  -------------------------------------------------------------------
                         slack                                  0.045    

Slack (MET) :             0.125ns  (arrival time - required time)
  Source:                 hw_i/audio/aic3104_dma_wrapper_0/inst/aic3104_dma/rx_dly_reg[2]/C
                            (rising edge-triggered cell FDRE clocked by clk_pl_0  {rise@0.000ns fall@5.156ns period=10.312ns})
  Destination:            hw_i/audio/aic3104_dma_wrapper_0/inst/aic3104_dma/rx_dly_meta_reg[2]/D
                            (rising edge-triggered cell FDRE clocked by clk_out1_hw_clk_wiz_0_0  {rise@0.000ns fall@40.685ns period=81.369ns})
  Path Group:             clk_out1_hw_clk_wiz_0_0
  Path Type:              Hold (Min at Slow Process Corner)
  Requirement:            0.000ns  (clk_out1_hw_clk_wiz_0_0 rise@0.000ns - clk_pl_0 rise@0.000ns)
  Data Path Delay:        2.686ns  (logic 0.058ns (2.159%)  route 2.628ns (97.841%))
  Logic Levels:           0  
  Clock Path Skew:        2.130ns (DCD - SCD - CPR)
    Destination Clock Delay (DCD):    3.933ns
    Source Clock Delay      (SCD):    1.733ns
    Clock Pessimism Removal (CPR):    0.070ns
  Clock Uncertainty:      0.370ns  ((TSJ^2 + DJ^2)^1/2) / 2 + PE
    Total System Jitter     (TSJ):    0.071ns
    Discrete Jitter          (DJ):    0.412ns
    Phase Error              (PE):    0.161ns
  Clock Net Delay (Source):      1.573ns (routing 0.683ns, distribution 0.890ns)
  Clock Net Delay (Destination): 1.993ns (routing 0.970ns, distribution 1.023ns)
  Clock Domain Crossing:  Inter clock paths are considered valid unless explicitly excluded by timing constraints such as set_clock_groups or set_false_path.

    Location             Delay type                Incr(ns)  Path(ns)    Netlist Resource(s)
  -------------------------------------------------------------------    -------------------
                         (clock clk_pl_0 rise edge)
                                                      0.000     0.000 r  
    PS8_X0Y0             PS8                          0.000     0.000 r  hw_i/zynq_ultra_ps_e_0/inst/PS8_i/PLCLK[0]
                         net (fo=1, routed)           0.135     0.135    hw_i/zynq_ultra_ps_e_0/inst/pl_clk_unbuffered[0]
    BUFG_PS_X0Y67        BUFG_PS (Prop_BUFG_PS_I_O)
                                                      0.025     0.160 r  hw_i/zynq_ultra_ps_e_0/inst/buffer_pl_clk_0.PL_CLK_0_BUFG/O
    X0Y1 (CLOCK_ROOT)    net (fo=3796, routed)        1.573     1.733    hw_i/audio/aic3104_dma_wrapper_0/inst/aic3104_dma/s_axi_aclk
    SLICE_X5Y93          FDRE                                         r  hw_i/audio/aic3104_dma_wrapper_0/inst/aic3104_dma/rx_dly_reg[2]/C
  -------------------------------------------------------------------    -------------------
    SLICE_X5Y93          FDRE (Prop_GFF_SLICEM_C_Q)
                                                      0.058     1.791 r  hw_i/audio/aic3104_dma_wrapper_0/inst/aic3104_dma/rx_dly_reg[2]/Q
                         net (fo=3, routed)           2.628     4.419    hw_i/audio/aic3104_dma_wrapper_0/inst/aic3104_dma/rx_dly[2]
    SLICE_X13Y71         FDRE                                         r  hw_i/audio/aic3104_dma_wrapper_0/inst/aic3104_dma/rx_dly_meta_reg[2]/D
  -------------------------------------------------------------------    -------------------

                         (clock clk_out1_hw_clk_wiz_0_0 rise edge)
                                                      0.000     0.000 r  
    BUFG_PS_X0Y67        BUFG_PS                      0.000     0.000 r  hw_i/zynq_ultra_ps_e_0/inst/buffer_pl_clk_0.PL_CLK_0_BUFG/O
                         net (fo=3796, routed)        1.794     1.794    hw_i/audio/clk_wiz_0/inst/clk_in1
    MMCM_X0Y2            MMCME4_ADV (Prop_MMCM_CLKIN1_CLKOUT0)
                                                     -0.127     1.667 r  hw_i/audio/clk_wiz_0/inst/mmcme4_adv_inst/CLKOUT0
                         net (fo=1, routed)           0.245     1.912    hw_i/audio/clk_wiz_0/inst/clk_out1_hw_clk_wiz_0_0
    BUFGCE_X0Y66         BUFGCE (Prop_BUFCE_BUFGCE_I_O)
                                                      0.028     1.940 r  hw_i/audio/clk_wiz_0/inst/clkout1_buf/O
    X0Y1 (CLOCK_ROOT)    net (fo=444, routed)         1.993     3.933    hw_i/audio/aic3104_dma_wrapper_0/inst/aic3104_dma/AIC_mclk_o
    SLICE_X13Y71         FDRE                                         r  hw_i/audio/aic3104_dma_wrapper_0/inst/aic3104_dma/rx_dly_meta_reg[2]/C
                         clock pessimism             -0.070     3.863    
                         clock uncertainty            0.370     4.233    
    SLICE_X13Y71         FDRE (Hold_DFF2_SLICEL_C_D)
                                                      0.062     4.295    hw_i/audio/aic3104_dma_wrapper_0/inst/aic3104_dma/rx_dly_meta_reg[2]
  -------------------------------------------------------------------
                         required time                         -4.295    
                         arrival time                           4.419    
  -------------------------------------------------------------------
                         slack                                  0.125    

Slack (MET) :             0.198ns  (arrival time - required time)
  Source:                 hw_i/rst_ps8_0_96M/U0/ACTIVE_LOW_PR_OUT_DFF[0].FDRE_PER_N/C
                            (rising edge-triggered cell FDRE clocked by clk_pl_0  {rise@0.000ns fall@5.156ns period=10.312ns})
  Destination:            hw_i/audio/aic3104_dma_wrapper_0/inst/aic3104_dma/rst_sync_reg[0]/D
                            (rising edge-triggered cell FDRE clocked by clk_out1_hw_clk_wiz_0_0  {rise@0.000ns fall@40.685ns period=81.369ns})
  Path Group:             clk_out1_hw_clk_wiz_0_0
  Path Type:              Hold (Min at Slow Process Corner)
  Requirement:            0.000ns  (clk_out1_hw_clk_wiz_0_0 rise@0.000ns - clk_pl_0 rise@0.000ns)
  Data Path Delay:        2.745ns  (logic 0.057ns (2.077%)  route 2.688ns (97.923%))
  Logic Levels:           0  
  Clock Path Skew:        2.116ns (DCD - SCD - CPR)
    Destination Clock Delay (DCD):    3.945ns
    Source Clock Delay      (SCD):    1.759ns
    Clock Pessimism Removal (CPR):    0.070ns
  Clock Uncertainty:      0.370ns  ((TSJ^2 + DJ^2)^1/2) / 2 + PE
    Total System Jitter     (TSJ):    0.071ns
    Discrete Jitter          (DJ):    0.412ns
    Phase Error              (PE):    0.161ns
  Clock Net Delay (Source):      1.599ns (routing 0.683ns, distribution 0.916ns)
  Clock Net Delay (Destination): 2.005ns (routing 0.970ns, distribution 1.035ns)
  Clock Domain Crossing:  Inter clock paths are considered valid unless explicitly excluded by timing constraints such as set_clock_groups or set_false_path.

    Location             Delay type                Incr(ns)  Path(ns)    Netlist Resource(s)
  -------------------------------------------------------------------    -------------------
                         (clock clk_pl_0 rise edge)
                                                      0.000     0.000 r  
    PS8_X0Y0             PS8                          0.000     0.000 r  hw_i/zynq_ultra_ps_e_0/inst/PS8_i/PLCLK[0]
                         net (fo=1, routed)           0.135     0.135    hw_i/zynq_ultra_ps_e_0/inst/pl_clk_unbuffered[0]
    BUFG_PS_X0Y67        BUFG_PS (Prop_BUFG_PS_I_O)
                                                      0.025     0.160 r  hw_i/zynq_ultra_ps_e_0/inst/buffer_pl_clk_0.PL_CLK_0_BUFG/O
    X0Y1 (CLOCK_ROOT)    net (fo=3796, routed)        1.599     1.759    hw_i/rst_ps8_0_96M/U0/slowest_sync_clk
    SLICE_X1Y85          FDRE                                         r  hw_i/rst_ps8_0_96M/U0/ACTIVE_LOW_PR_OUT_DFF[0].FDRE_PER_N/C
  -------------------------------------------------------------------    -------------------
    SLICE_X1Y85          FDRE (Prop_FFF_SLICEM_C_Q)
                                                      0.057     1.816 r  hw_i/rst_ps8_0_96M/U0/ACTIVE_LOW_PR_OUT_DFF[0].FDRE_PER_N/Q
                         net (fo=566, routed)         2.688     4.504    hw_i/audio/aic3104_dma_wrapper_0/inst/aic3104_dma/s_axi_aresetn
    SLICE_X20Y48         FDRE                                         r  hw_i/audio/aic3104_dma_wrapper_0/inst/aic3104_dma/rst_sync_reg[0]/D
  -------------------------------------------------------------------    -------------------

                         (clock clk_out1_hw_clk_wiz_0_0 rise edge)
                                                      0.000     0.000 r  
    BUFG_PS_X0Y67        BUFG_PS                      0.000     0.000 r  hw_i/zynq_ultra_ps_e_0/inst/buffer_pl_clk_0.PL_CLK_0_BUFG/O
                         net (fo=3796, routed)        1.794     1.794    hw_i/audio/clk_wiz_0/inst/clk_in1
    MMCM_X0Y2            MMCME4_ADV (Prop_MMCM_CLKIN1_CLKOUT0)
                                                     -0.127     1.667 r  hw_i/audio/clk_wiz_0/inst/mmcme4_adv_inst/CLKOUT0
                         net (fo=1, routed)           0.245     1.912    hw_i/audio/clk_wiz_0/inst/clk_out1_hw_clk_wiz_0_0
    BUFGCE_X0Y66         BUFGCE (Prop_BUFCE_BUFGCE_I_O)
                                                      0.028     1.940 r  hw_i/audio/clk_wiz_0/inst/clkout1_buf/O
    X0Y1 (CLOCK_ROOT)    net (fo=444, routed)         2.005     3.945    hw_i/audio/aic3104_dma_wrapper_0/inst/aic3104_dma/AIC_mclk_o
    SLICE_X20Y48         FDRE                                         r  hw_i/audio/aic3104_dma_wrapper_0/inst/aic3104_dma/rst_sync_reg[0]/C
                         clock pessimism             -0.070     3.875    
                         clock uncertainty            0.370     4.245    
    SLICE_X20Y48         FDRE (Hold_DFF2_SLICEM_C_D)
                                                      0.061     4.306    hw_i/audio/aic3104_dma_wrapper_0/inst/aic3104_dma/rst_sync_reg[0]
  -------------------------------------------------------------------
                         required time                         -4.306    
                         arrival time                           4.504    
  -------------------------------------------------------------------
                         slack                                  0.198    

Slack (MET) :             0.283ns  (arrival time - required time)
  Source:                 hw_i/audio/aic3104_dma_wrapper_0/inst/aic3104_dma/axi_dma_writer/sts_busy_reg/C
                            (rising edge-triggered cell FDRE clocked by clk_pl_0  {rise@0.000ns fall@5.156ns period=10.312ns})
  Destination:            hw_i/audio/aic3104_dma_wrapper_0/inst/aic3104_dma/rx_en_reg[0]/D
                            (rising edge-triggered cell FDRE clocked by clk_out1_hw_clk_wiz_0_0  {rise@0.000ns fall@40.685ns period=81.369ns})
  Path Group:             clk_out1_hw_clk_wiz_0_0
  Path Type:              Hold (Min at Slow Process Corner)
  Requirement:            0.000ns  (clk_out1_hw_clk_wiz_0_0 rise@0.000ns - clk_pl_0 rise@0.000ns)
  Data Path Delay:        2.810ns  (logic 0.059ns (2.100%)  route 2.751ns (97.900%))
  Logic Levels:           0  
  Clock Path Skew:        2.095ns (DCD - SCD - CPR)
    Destination Clock Delay (DCD):    3.936ns
    Source Clock Delay      (SCD):    1.771ns
    Clock Pessimism Removal (CPR):    0.070ns
  Clock Uncertainty:      0.370ns  ((TSJ^2 + DJ^2)^1/2) / 2 + PE
    Total System Jitter     (TSJ):    0.071ns
    Discrete Jitter          (DJ):    0.412ns
    Phase Error              (PE):    0.161ns
  Clock Net Delay (Source):      1.611ns (routing 0.683ns, distribution 0.928ns)
  Clock Net Delay (Destination): 1.996ns (routing 0.970ns, distribution 1.026ns)
  Clock Domain Crossing:  Inter clock paths are considered valid unless explicitly excluded by timing constraints such as set_clock_groups or set_false_path.

    Location             Delay type                Incr(ns)  Path(ns)    Netlist Resource(s)
  -------------------------------------------------------------------    -------------------
                         (clock clk_pl_0 rise edge)
                                                      0.000     0.000 r  
    PS8_X0Y0             PS8                          0.000     0.000 r  hw_i/zynq_ultra_ps_e_0/inst/PS8_i/PLCLK[0]
                         net (fo=1, routed)           0.135     0.135    hw_i/zynq_ultra_ps_e_0/inst/pl_clk_unbuffered[0]
    BUFG_PS_X0Y67        BUFG_PS (Prop_BUFG_PS_I_O)
                                                      0.025     0.160 r  hw_i/zynq_ultra_ps_e_0/inst/buffer_pl_clk_0.PL_CLK_0_BUFG/O
    X0Y1 (CLOCK_ROOT)    net (fo=3796, routed)        1.611     1.771    hw_i/audio/aic3104_dma_wrapper_0/inst/aic3104_dma/axi_dma_writer/clk
    SLICE_X2Y64          FDRE                                         r  hw_i/audio/aic3104_dma_wrapper_0/inst/aic3104_dma/axi_dma_writer/sts_busy_reg/C
  -------------------------------------------------------------------    -------------------
    SLICE_X2Y64          FDRE (Prop_HFF2_SLICEL_C_Q)
                                                      0.059     1.830 r  hw_i/audio/aic3104_dma_wrapper_0/inst/aic3104_dma/axi_dma_writer/sts_busy_reg/Q
                         net (fo=3, routed)           2.751     4.581    hw_i/audio/aic3104_dma_wrapper_0/inst/aic3104_dma/wr_busy
    SLICE_X13Y60         FDRE                                         r  hw_i/audio/aic3104_dma_wrapper_0/inst/aic3104_dma/rx_en_reg[0]/D
  -------------------------------------------------------------------    -------------------

                         (clock clk_out1_hw_clk_wiz_0_0 rise edge)
                                                      0.000     0.000 r  
    BUFG_PS_X0Y67        BUFG_PS                      0.000     0.000 r  hw_i/zynq_ultra_ps_e_0/inst/buffer_pl_clk_0.PL_CLK_0_BUFG/O
                         net (fo=3796, routed)        1.794     1.794    hw_i/audio/clk_wiz_0/inst/clk_in1
    MMCM_X0Y2            MMCME4_ADV (Prop_MMCM_CLKIN1_CLKOUT0)
                                                     -0.127     1.667 r  hw_i/audio/clk_wiz_0/inst/mmcme4_adv_inst/CLKOUT0
                         net (fo=1, routed)           0.245     1.912    hw_i/audio/clk_wiz_0/inst/clk_out1_hw_clk_wiz_0_0
    BUFGCE_X0Y66         BUFGCE (Prop_BUFCE_BUFGCE_I_O)
                                                      0.028     1.940 r  hw_i/audio/clk_wiz_0/inst/clkout1_buf/O
    X0Y1 (CLOCK_ROOT)    net (fo=444, routed)         1.996     3.936    hw_i/audio/aic3104_dma_wrapper_0/inst/aic3104_dma/AIC_mclk_o
    SLICE_X13Y60         FDRE                                         r  hw_i/audio/aic3104_dma_wrapper_0/inst/aic3104_dma/rx_en_reg[0]/C
                         clock pessimism             -0.070     3.866    
                         clock uncertainty            0.370     4.236    
    SLICE_X13Y60         FDRE (Hold_DFF2_SLICEL_C_D)
                                                      0.062     4.298    hw_i/audio/aic3104_dma_wrapper_0/inst/aic3104_dma/rx_en_reg[0]
  -------------------------------------------------------------------
                         required time                         -4.298    
                         arrival time                           4.581    
  -------------------------------------------------------------------
                         slack                                  0.283    

Slack (MET) :             0.339ns  (arrival time - required time)
  Source:                 hw_i/audio/aic3104_dma_wrapper_0/inst/aic3104_dma/rx_dly_reg[1]/C
                            (rising edge-triggered cell FDRE clocked by clk_pl_0  {rise@0.000ns fall@5.156ns period=10.312ns})
  Destination:            hw_i/audio/aic3104_dma_wrapper_0/inst/aic3104_dma/rx_dly_meta_reg[1]/D
                            (rising edge-triggered cell FDRE clocked by clk_out1_hw_clk_wiz_0_0  {rise@0.000ns fall@40.685ns period=81.369ns})
  Path Group:             clk_out1_hw_clk_wiz_0_0
  Path Type:              Hold (Min at Slow Process Corner)
  Requirement:            0.000ns  (clk_out1_hw_clk_wiz_0_0 rise@0.000ns - clk_pl_0 rise@0.000ns)
  Data Path Delay:        2.920ns  (logic 0.058ns (1.986%)  route 2.862ns (98.014%))
  Logic Levels:           0  
  Clock Path Skew:        2.150ns (DCD - SCD - CPR)
    Destination Clock Delay (DCD):    3.953ns
    Source Clock Delay      (SCD):    1.733ns
    Clock Pessimism Removal (CPR):    0.070ns
  Clock Uncertainty:      0.370ns  ((TSJ^2 + DJ^2)^1/2) / 2 + PE
    Total System Jitter     (TSJ):    0.071ns
    Discrete Jitter          (DJ):    0.412ns
    Phase Error              (PE):    0.161ns
  Clock Net Delay (Source):      1.573ns (routing 0.683ns, distribution 0.890ns)
  Clock Net Delay (Destination): 2.013ns (routing 0.970ns, distribution 1.043ns)
  Clock Domain Crossing:  Inter clock paths are considered valid unless explicitly excluded by timing constraints such as set_clock_groups or set_false_path.

    Location             Delay type                Incr(ns)  Path(ns)    Netlist Resource(s)
  -------------------------------------------------------------------    -------------------
                         (clock clk_pl_0 rise edge)
                                                      0.000     0.000 r  
    PS8_X0Y0             PS8                          0.000     0.000 r  hw_i/zynq_ultra_ps_e_0/inst/PS8_i/PLCLK[0]
                         net (fo=1, routed)           0.135     0.135    hw_i/zynq_ultra_ps_e_0/inst/pl_clk_unbuffered[0]
    BUFG_PS_X0Y67        BUFG_PS (Prop_BUFG_PS_I_O)
                                                      0.025     0.160 r  hw_i/zynq_ultra_ps_e_0/inst/buffer_pl_clk_0.PL_CLK_0_BUFG/O
    X0Y1 (CLOCK_ROOT)    net (fo=3796, routed)        1.573     1.733    hw_i/audio/aic3104_dma_wrapper_0/inst/aic3104_dma/s_axi_aclk
    SLICE_X5Y93          FDRE                                         r  hw_i/audio/aic3104_dma_wrapper_0/inst/aic3104_dma/rx_dly_reg[1]/C
  -------------------------------------------------------------------    -------------------
    SLICE_X5Y93          FDRE (Prop_HFF_SLICEM_C_Q)
                                                      0.058     1.791 r  hw_i/audio/aic3104_dma_wrapper_0/inst/aic3104_dma/rx_dly_reg[1]/Q
                         net (fo=3, routed)           2.862     4.653    hw_i/audio/aic3104_dma_wrapper_0/inst/aic3104_dma/rx_dly[1]
    SLICE_X9Y66          FDRE                                         r  hw_i/audio/aic3104_dma_wrapper_0/inst/aic3104_dma/rx_dly_meta_reg[1]/D
  -------------------------------------------------------------------    -------------------

                         (clock clk_out1_hw_clk_wiz_0_0 rise edge)
                                                      0.000     0.000 r  
    BUFG_PS_X0Y67        BUFG_PS                      0.000     0.000 r  hw_i/zynq_ultra_ps_e_0/inst/buffer_pl_clk_0.PL_CLK_0_BUFG/O
                         net (fo=3796, routed)        1.794     1.794    hw_i/audio/clk_wiz_0/inst/clk_in1
    MMCM_X0Y2            MMCME4_ADV (Prop_MMCM_CLKIN1_CLKOUT0)
                                                     -0.127     1.667 r  hw_i/audio/clk_wiz_0/inst/mmcme4_adv_inst/CLKOUT0
                         net (fo=1, routed)           0.245     1.912    hw_i/audio/clk_wiz_0/inst/clk_out1_hw_clk_wiz_0_0
    BUFGCE_X0Y66         BUFGCE (Prop_BUFCE_BUFGCE_I_O)
                                                      0.028     1.940 r  hw_i/audio/clk_wiz_0/inst/clkout1_buf/O
    X0Y1 (CLOCK_ROOT)    net (fo=444, routed)         2.013     3.953    hw_i/audio/aic3104_dma_wrapper_0/inst/aic3104_dma/AIC_mclk_o
    SLICE_X9Y66          FDRE                                         r  hw_i/audio/aic3104_dma_wrapper_0/inst/aic3104_dma/rx_dly_meta_reg[1]/C
                         clock pessimism             -0.070     3.883    
                         clock uncertainty            0.370     4.253    
    SLICE_X9Y66          FDRE (Hold_HFF2_SLICEM_C_D)
                                                      0.062     4.315    hw_i/audio/aic3104_dma_wrapper_0/inst/aic3104_dma/rx_dly_meta_reg[1]
  -------------------------------------------------------------------
                         required time                         -4.315    
                         arrival time                           4.653    
  -------------------------------------------------------------------
                         slack                                  0.339    





--------------------------------------------------------------------------------------
Path Group:  (none)
From Clock:  clk_pl_0
  To Clock:  clk_out1_hw_clk_wiz_0_0

Max Delay             2 Endpoints
Min Delay            64 Endpoints
--------------------------------------------------------------------------------------


Max Delay Paths
--------------------------------------------------------------------------------------
Slack:                    inf
  Source:                 hw_i/audio/aic3104_dma_wrapper_0/inst/aic3104_dma/rx_fifo/gnuram_async_fifo.xpm_fifo_base_inst/xpm_fifo_rst_inst/gen_rst_ic.fifo_rd_rst_ic_reg/C
                            (rising edge-triggered cell FDRE clocked by clk_pl_0  {rise@0.000ns fall@5.156ns period=10.312ns})
  Destination:            hw_i/audio/aic3104_dma_wrapper_0/inst/aic3104_dma/rx_fifo/gnuram_async_fifo.xpm_fifo_base_inst/xpm_fifo_rst_inst/gen_rst_ic.rrst_wr_inst/syncstages_ff_reg[0]/D
                            (rising edge-triggered cell FDRE clocked by clk_out1_hw_clk_wiz_0_0  {rise@0.000ns fall@40.685ns period=81.369ns})
  Path Group:             (none)
  Path Type:              Setup (Max at Slow Process Corner)
  Data Path Delay:        0.743ns  (logic 0.079ns (10.636%)  route 0.664ns (89.364%))
  Logic Levels:           0  
  Clock Path Skew:        2.285ns (DCD - SCD + CPR)
    Destination Clock Delay (DCD):    4.247ns
    Source Clock Delay      (SCD):    1.962ns
    Clock Pessimism Removal (CPR):    0.000ns
  Clock Uncertainty:      0.370ns  ((TSJ^2 + DJ^2)^1/2) / 2 + PE
    Total System Jitter     (TSJ):    0.071ns
    Discrete Jitter          (DJ):    0.412ns
    Phase Error              (PE):    0.161ns
  Clock Net Delay (Source):      1.763ns (routing 0.753ns, distribution 1.010ns)
  Clock Net Delay (Destination): 1.768ns (routing 0.883ns, distribution 0.885ns)
  Timing Exception:       False Path

    Location             Delay type                Incr(ns)  Path(ns)    Netlist Resource(s)
  -------------------------------------------------------------------    -------------------
                         (clock clk_pl_0 rise edge)
                                                      0.000     0.000 r  
    PS8_X0Y0             PS8                          0.000     0.000 r  hw_i/zynq_ultra_ps_e_0/inst/PS8_i/PLCLK[0]
                         net (fo=1, routed)           0.171     0.171    hw_i/zynq_ultra_ps_e_0/inst/pl_clk_unbuffered[0]
    BUFG_PS_X0Y67        BUFG_PS (Prop_BUFG_PS_I_O)
                                                      0.028     0.199 r  hw_i/zynq_ultra_ps_e_0/inst/buffer_pl_clk_0.PL_CLK_0_BUFG/O
    X0Y1 (CLOCK_ROOT)    net (fo=3796, routed)        1.763     1.962    hw_i/audio/aic3104_dma_wrapper_0/inst/aic3104_dma/rx_fifo/gnuram_async_fifo.xpm_fifo_base_inst/xpm_fifo_rst_inst/rd_clk
    SLICE_X18Y44         FDRE                                         r  hw_i/audio/aic3104_dma_wrapper_0/inst/aic3104_dma/rx_fifo/gnuram_async_fifo.xpm_fifo_base_inst/xpm_fifo_rst_inst/gen_rst_ic.fifo_rd_rst_ic_reg/C
  -------------------------------------------------------------------    -------------------
    SLICE_X18Y44         FDRE (Prop_EFF_SLICEL_C_Q)
                                                      0.079     2.041 r  hw_i/audio/aic3104_dma_wrapper_0/inst/aic3104_dma/rx_fifo/gnuram_async_fifo.xpm_fifo_base_inst/xpm_fifo_rst_inst/gen_rst_ic.fifo_rd_rst_ic_reg/Q
                         net (fo=78, routed)          0.664     2.705    hw_i/audio/aic3104_dma_wrapper_0/inst/aic3104_dma/rx_fifo/gnuram_async_fifo.xpm_fifo_base_inst/xpm_fifo_rst_inst/gen_rst_ic.rrst_wr_inst/src_rst
    SLICE_X21Y48         FDRE                                         r  hw_i/audio/aic3104_dma_wrapper_0/inst/aic3104_dma/rx_fifo/gnuram_async_fifo.xpm_fifo_base_inst/xpm_fifo_rst_inst/gen_rst_ic.rrst_wr_inst/syncstages_ff_reg[0]/D
  -------------------------------------------------------------------    -------------------

                         (clock clk_out1_hw_clk_wiz_0_0 rise edge)
                                                      0.000     0.000 r  
    BUFG_PS_X0Y67        BUFG_PS                      0.000     0.000 r  hw_i/zynq_ultra_ps_e_0/inst/buffer_pl_clk_0.PL_CLK_0_BUFG/O
                         net (fo=3796, routed)        1.610     1.610    hw_i/audio/clk_wiz_0/inst/clk_in1
    MMCM_X0Y2            MMCME4_ADV (Prop_MMCM_CLKIN1_CLKOUT0)
                                                      0.630     2.240 r  hw_i/audio/clk_wiz_0/inst/mmcme4_adv_inst/CLKOUT0
                         net (fo=1, routed)           0.215     2.455    hw_i/audio/clk_wiz_0/inst/clk_out1_hw_clk_wiz_0_0
    BUFGCE_X0Y66         BUFGCE (Prop_BUFCE_BUFGCE_I_O)
                                                      0.024     2.479 r  hw_i/audio/clk_wiz_0/inst/clkout1_buf/O
    X0Y1 (CLOCK_ROOT)    net (fo=444, routed)         1.768     4.247    hw_i/audio/aic3104_dma_wrapper_0/inst/aic3104_dma/rx_fifo/gnuram_async_fifo.xpm_fifo_base_inst/xpm_fifo_rst_inst/gen_rst_ic.rrst_wr_inst/dest_clk
    SLICE_X21Y48         FDRE                                         r  hw_i/audio/aic3104_dma_wrapper_0/inst/aic3104_dma/rx_fifo/gnuram_async_fifo.xpm_fifo_base_inst/xpm_fifo_rst_inst/gen_rst_ic.rrst_wr_inst/syncstages_ff_reg[0]/C

Slack:                    inf
  Source:                 hw_i/audio/aic3104_dma_wrapper_0/inst/aic3104_dma/tx_fifo/gnuram_async_fifo.xpm_fifo_base_inst/xpm_fifo_rst_inst/gen_rst_ic.fifo_wr_rst_ic_reg/C
                            (rising edge-triggered cell FDRE clocked by clk_pl_0  {rise@0.000ns fall@5.156ns period=10.312ns})
  Destination:            hw_i/audio/aic3104_dma_wrapper_0/inst/aic3104_dma/tx_fifo/gnuram_async_fifo.xpm_fifo_base_inst/xpm_fifo_rst_inst/gen_rst_ic.wrst_rd_inst/syncstages_ff_reg[0]/D
                            (rising edge-triggered cell FDRE clocked by clk_out1_hw_clk_wiz_0_0  {rise@0.000ns fall@40.685ns period=81.369ns})
  Path Group:             (none)
  Path Type:              Setup (Max at Slow Process Corner)
  Data Path Delay:        0.416ns  (logic 0.078ns (18.737%)  route 0.338ns (81.263%))
  Logic Levels:           0  
  Clock Path Skew:        2.275ns (DCD - SCD + CPR)
    Destination Clock Delay (DCD):    4.236ns
    Source Clock Delay      (SCD):    1.961ns
    Clock Pessimism Removal (CPR):    0.000ns
  Clock Uncertainty:      0.370ns  ((TSJ^2 + DJ^2)^1/2) / 2 + PE
    Total System Jitter     (TSJ):    0.071ns
    Discrete Jitter          (DJ):    0.412ns
    Phase Error              (PE):    0.161ns
  Clock Net Delay (Source):      1.762ns (routing 0.753ns, distribution 1.009ns)
  Clock Net Delay (Destination): 1.757ns (routing 0.883ns, distribution 0.874ns)
  Timing Exception:       False Path

    Location             Delay type                Incr(ns)  Path(ns)    Netlist Resource(s)
  -------------------------------------------------------------------    -------------------
                         (clock clk_pl_0 rise edge)
                                                      0.000     0.000 r  
    PS8_X0Y0             PS8                          0.000     0.000 r  hw_i/zynq_ultra_ps_e_0/inst/PS8_i/PLCLK[0]
                         net (fo=1, routed)           0.171     0.171    hw_i/zynq_ultra_ps_e_0/inst/pl_clk_unbuffered[0]
    BUFG_PS_X0Y67        BUFG_PS (Prop_BUFG_PS_I_O)
                                                      0.028     0.199 r  hw_i/zynq_ultra_ps_e_0/inst/buffer_pl_clk_0.PL_CLK_0_BUFG/O
    X0Y1 (CLOCK_ROOT)    net (fo=3796, routed)        1.762     1.961    hw_i/audio/aic3104_dma_wrapper_0/inst/aic3104_dma/tx_fifo/gnuram_async_fifo.xpm_fifo_base_inst/xpm_fifo_rst_inst/wr_clk
    SLICE_X20Y69         FDRE                                         r  hw_i/audio/aic3104_dma_wrapper_0/inst/aic3104_dma/tx_fifo/gnuram_async_fifo.xpm_fifo_base_inst/xpm_fifo_rst_inst/gen_rst_ic.fifo_wr_rst_ic_reg/C
  -------------------------------------------------------------------    -------------------
    SLICE_X20Y69         FDRE (Prop_CFF_SLICEM_C_Q)
                                                      0.078     2.039 r  hw_i/audio/aic3104_dma_wrapper_0/inst/aic3104_dma/tx_fifo/gnuram_async_fifo.xpm_fifo_base_inst/xpm_fifo_rst_inst/gen_rst_ic.fifo_wr_rst_ic_reg/Q
                         net (fo=2, routed)           0.338     2.377    hw_i/audio/aic3104_dma_wrapper_0/inst/aic3104_dma/tx_fifo/gnuram_async_fifo.xpm_fifo_base_inst/xpm_fifo_rst_inst/gen_rst_ic.wrst_rd_inst/src_rst
    SLICE_X20Y65         FDRE                                         r  hw_i/audio/aic3104_dma_wrapper_0/inst/aic3104_dma/tx_fifo/gnuram_async_fifo.xpm_fifo_base_inst/xpm_fifo_rst_inst/gen_rst_ic.wrst_rd_inst/syncstages_ff_reg[0]/D
  -------------------------------------------------------------------    -------------------

                         (clock clk_out1_hw_clk_wiz_0_0 rise edge)
                                                      0.000     0.000 r  
    BUFG_PS_X0Y67        BUFG_PS                      0.000     0.000 r  hw_i/zynq_ultra_ps_e_0/inst/buffer_pl_clk_0.PL_CLK_0_BUFG/O
                         net (fo=3796, routed)        1.610     1.610    hw_i/audio/clk_wiz_0/inst/clk_in1
    MMCM_X0Y2            MMCME4_ADV (Prop_MMCM_CLKIN1_CLKOUT0)
                                                      0.630     2.240 r  hw_i/audio/clk_wiz_0/inst/mmcme4_adv_inst/CLKOUT0
                         net (fo=1, routed)           0.215     2.455    hw_i/audio/clk_wiz_0/inst/clk_out1_hw_clk_wiz_0_0
    BUFGCE_X0Y66         BUFGCE (Prop_BUFCE_BUFGCE_I_O)
                                                      0.024     2.479 r  hw_i/audio/clk_wiz_0/inst/clkout1_buf/O
    X0Y1 (CLOCK_ROOT)    net (fo=444, routed)         1.757     4.236    hw_i/audio/aic3104_dma_wrapper_0/inst/aic3104_dma/tx_fifo/gnuram_async_fifo.xpm_fifo_base_inst/xpm_fifo_rst_inst/gen_rst_ic.wrst_rd_inst/dest_clk
    SLICE_X20Y65         FDRE                                         r  hw_i/audio/aic3104_dma_wrapper_0/inst/aic3104_dma/tx_fifo/gnuram_async_fifo.xpm_fifo_base_inst/xpm_fifo_rst_inst/gen_rst_ic.wrst_rd_inst/syncstages_ff_reg[0]/C





Min Delay Paths
--------------------------------------------------------------------------------------
Slack:                    inf
  Source:                 hw_i/audio/aic3104_dma_wrapper_0/inst/aic3104_dma/tx_fifo/gnuram_async_fifo.xpm_fifo_base_inst/gen_cdc_pntr.wr_pntr_cdc_dc_inst/src_gray_ff_reg[2]/C
                            (rising edge-triggered cell FDRE clocked by clk_pl_0  {rise@0.000ns fall@5.156ns period=10.312ns})
  Destination:            hw_i/audio/aic3104_dma_wrapper_0/inst/aic3104_dma/tx_fifo/gnuram_async_fifo.xpm_fifo_base_inst/gen_cdc_pntr.wr_pntr_cdc_dc_inst/dest_graysync_ff_reg[0][2]/D
                            (rising edge-triggered cell FDRE clocked by clk_out1_hw_clk_wiz_0_0  {rise@0.000ns fall@40.685ns period=81.369ns})
  Path Group:             (none)
  Path Type:              Hold (Min at Fast Process Corner)
  Data Path Delay:        0.095ns  (logic 0.039ns (41.053%)  route 0.056ns (58.947%))
  Logic Levels:           0  
  Clock Path Skew:        1.133ns (DCD - SCD - CPR)
    Destination Clock Delay (DCD):    2.211ns
    Source Clock Delay      (SCD):    1.078ns
    Clock Pessimism Removal (CPR):    -0.000ns
  Clock Uncertainty:      0.370ns  ((TSJ^2 + DJ^2)^1/2) / 2 + PE
    Total System Jitter     (TSJ):    0.071ns
    Discrete Jitter          (DJ):    0.412ns
    Phase Error              (PE):    0.161ns
  Clock Net Delay (Source):      0.967ns (routing 0.410ns, distribution 0.557ns)
  Clock Net Delay (Destination): 1.228ns (routing 0.591ns, distribution 0.637ns)
  Timing Exception:       False Path

    Location             Delay type                Incr(ns)  Path(ns)    Netlist Resource(s)
  -------------------------------------------------------------------    -------------------
                         (clock clk_pl_0 rise edge)
                                                      0.000     0.000 r  
    PS8_X0Y0             PS8                          0.000     0.000 r  hw_i/zynq_ultra_ps_e_0/inst/PS8_i/PLCLK[0]
                         net (fo=1, routed)           0.094     0.094    hw_i/zynq_ultra_ps_e_0/inst/pl_clk_unbuffered[0]
    BUFG_PS_X0Y67        BUFG_PS (Prop_BUFG_PS_I_O)
                                                      0.017     0.111 r  hw_i/zynq_ultra_ps_e_0/inst/buffer_pl_clk_0.PL_CLK_0_BUFG/O
    X0Y1 (CLOCK_ROOT)    net (fo=3796, routed)        0.967     1.078    hw_i/audio/aic3104_dma_wrapper_0/inst/aic3104_dma/tx_fifo/gnuram_async_fifo.xpm_fifo_base_inst/gen_cdc_pntr.wr_pntr_cdc_dc_inst/src_clk
    SLICE_X15Y63         FDRE                                         r  hw_i/audio/aic3104_dma_wrapper_0/inst/aic3104_dma/tx_fifo/gnuram_async_fifo.xpm_fifo_base_inst/gen_cdc_pntr.wr_pntr_cdc_dc_inst/src_gray_ff_reg[2]/C
  -------------------------------------------------------------------    -------------------
    SLICE_X15Y63         FDRE (Prop_DFF_SLICEL_C_Q)
                                                      0.039     1.117 r  hw_i/audio/aic3104_dma_wrapper_0/inst/aic3104_dma/tx_fifo/gnuram_async_fifo.xpm_fifo_base_inst/gen_cdc_pntr.wr_pntr_cdc_dc_inst/src_gray_ff_reg[2]/Q
                         net (fo=1, routed)           0.056     1.173    hw_i/audio/aic3104_dma_wrapper_0/inst/aic3104_dma/tx_fifo/gnuram_async_fifo.xpm_fifo_base_inst/gen_cdc_pntr.wr_pntr_cdc_dc_inst/async_path[2]
    SLICE_X15Y62         FDRE                                         r  hw_i/audio/aic3104_dma_wrapper_0/inst/aic3104_dma/tx_fifo/gnuram_async_fifo.xpm_fifo_base_inst/gen_cdc_pntr.wr_pntr_cdc_dc_inst/dest_graysync_ff_reg[0][2]/D
  -------------------------------------------------------------------    -------------------

                         (clock clk_out1_hw_clk_wiz_0_0 rise edge)
                                                      0.000     0.000 r  
    BUFG_PS_X0Y67        BUFG_PS                      0.000     0.000 r  hw_i/zynq_ultra_ps_e_0/inst/buffer_pl_clk_0.PL_CLK_0_BUFG/O
                         net (fo=3796, routed)        1.093     1.093    hw_i/audio/clk_wiz_0/inst/clk_in1
    MMCM_X0Y2            MMCME4_ADV (Prop_MMCM_CLKIN1_CLKOUT0)
                                                     -0.295     0.798 r  hw_i/audio/clk_wiz_0/inst/mmcme4_adv_inst/CLKOUT0
                         net (fo=1, routed)           0.166     0.964    hw_i/audio/clk_wiz_0/inst/clk_out1_hw_clk_wiz_0_0
    BUFGCE_X0Y66         BUFGCE (Prop_BUFCE_BUFGCE_I_O)
                                                      0.019     0.983 r  hw_i/audio/clk_wiz_0/inst/clkout1_buf/O
    X0Y1 (CLOCK_ROOT)    net (fo=444, routed)         1.228     2.211    hw_i/audio/aic3104_dma_wrapper_0/inst/aic3104_dma/tx_fifo/gnuram_async_fifo.xpm_fifo_base_inst/gen_cdc_pntr.wr_pntr_cdc_dc_inst/dest_clk
    SLICE_X15Y62         FDRE                                         r  hw_i/audio/aic3104_dma_wrapper_0/inst/aic3104_dma/tx_fifo/gnuram_async_fifo.xpm_fifo_base_inst/gen_cdc_pntr.wr_pntr_cdc_dc_inst/dest_graysync_ff_reg[0][2]/C

Slack:                    inf
  Source:                 hw_i/audio/aic3104_dma_wrapper_0/inst/aic3104_dma/tx_fifo/gnuram_async_fifo.xpm_fifo_base_inst/gen_cdc_pntr.wr_pntr_cdc_inst/src_gray_ff_reg[2]/C
                            (rising edge-triggered cell FDRE clocked by clk_pl_0  {rise@0.000ns fall@5.156ns period=10.312ns})
  Destination:            hw_i/audio/aic3104_dma_wrapper_0/inst/aic3104_dma/tx_fifo/gnuram_async_fifo.xpm_fifo_base_inst/gen_cdc_pntr.wr_pntr_cdc_inst/dest_graysync_ff_reg[0][2]/D
                            (rising edge-triggered cell FDRE clocked by clk_out1_hw_clk_wiz_0_0  {rise@0.000ns fall@40.685ns period=81.369ns})
  Path Group:             (none)
  Path Type:              Hold (Min at Fast Process Corner)
  Data Path Delay:        0.103ns  (logic 0.039ns (37.864%)  route 0.064ns (62.136%))
  Logic Levels:           0  
  Clock Path Skew:        1.138ns (DCD - SCD - CPR)
    Destination Clock Delay (DCD):    2.209ns
    Source Clock Delay      (SCD):    1.071ns
    Clock Pessimism Removal (CPR):    -0.000ns
  Clock Uncertainty:      0.370ns  ((TSJ^2 + DJ^2)^1/2) / 2 + PE
    Total System Jitter     (TSJ):    0.071ns
    Discrete Jitter          (DJ):    0.412ns
    Phase Error              (PE):    0.161ns
  Clock Net Delay (Source):      0.960ns (routing 0.410ns, distribution 0.550ns)
  Clock Net Delay (Destination): 1.226ns (routing 0.591ns, distribution 0.635ns)
  Timing Exception:       False Path

    Location             Delay type                Incr(ns)  Path(ns)    Netlist Resource(s)
  -------------------------------------------------------------------    -------------------
                         (clock clk_pl_0 rise edge)
                                                      0.000     0.000 r  
    PS8_X0Y0             PS8                          0.000     0.000 r  hw_i/zynq_ultra_ps_e_0/inst/PS8_i/PLCLK[0]
                         net (fo=1, routed)           0.094     0.094    hw_i/zynq_ultra_ps_e_0/inst/pl_clk_unbuffered[0]
    BUFG_PS_X0Y67        BUFG_PS (Prop_BUFG_PS_I_O)
                                                      0.017     0.111 r  hw_i/zynq_ultra_ps_e_0/inst/buffer_pl_clk_0.PL_CLK_0_BUFG/O
    X0Y1 (CLOCK_ROOT)    net (fo=3796, routed)        0.960     1.071    hw_i/audio/aic3104_dma_wrapper_0/inst/aic3104_dma/tx_fifo/gnuram_async_fifo.xpm_fifo_base_inst/gen_cdc_pntr.wr_pntr_cdc_inst/src_clk
    SLICE_X18Y60         FDRE                                         r  hw_i/audio/aic3104_dma_wrapper_0/inst/aic3104_dma/tx_fifo/gnuram_async_fifo.xpm_fifo_base_inst/gen_cdc_pntr.wr_pntr_cdc_inst/src_gray_ff_reg[2]/C
  -------------------------------------------------------------------    -------------------
    SLICE_X18Y60         FDRE (Prop_DFF_SLICEL_C_Q)
                                                      0.039     1.110 r  hw_i/audio/aic3104_dma_wrapper_0/inst/aic3104_dma/tx_fifo/gnuram_async_fifo.xpm_fifo_base_inst/gen_cdc_pntr.wr_pntr_cdc_inst/src_gray_ff_reg[2]/Q
                         net (fo=1, routed)           0.064     1.174    hw_i/audio/aic3104_dma_wrapper_0/inst/aic3104_dma/tx_fifo/gnuram_async_fifo.xpm_fifo_base_inst/gen_cdc_pntr.wr_pntr_cdc_inst/async_path[2]
    SLICE_X19Y60         FDRE                                         r  hw_i/audio/aic3104_dma_wrapper_0/inst/aic3104_dma/tx_fifo/gnuram_async_fifo.xpm_fifo_base_inst/gen_cdc_pntr.wr_pntr_cdc_inst/dest_graysync_ff_reg[0][2]/D
  -------------------------------------------------------------------    -------------------

                         (clock clk_out1_hw_clk_wiz_0_0 rise edge)
                                                      0.000     0.000 r  
    BUFG_PS_X0Y67        BUFG_PS                      0.000     0.000 r  hw_i/zynq_ultra_ps_e_0/inst/buffer_pl_clk_0.PL_CLK_0_BUFG/O
                         net (fo=3796, routed)        1.093     1.093    hw_i/audio/clk_wiz_0/inst/clk_in1
    MMCM_X0Y2            MMCME4_ADV (Prop_MMCM_CLKIN1_CLKOUT0)
                                                     -0.295     0.798 r  hw_i/audio/clk_wiz_0/inst/mmcme4_adv_inst/CLKOUT0
                         net (fo=1, routed)           0.166     0.964    hw_i/audio/clk_wiz_0/inst/clk_out1_hw_clk_wiz_0_0
    BUFGCE_X0Y66         BUFGCE (Prop_BUFCE_BUFGCE_I_O)
                                                      0.019     0.983 r  hw_i/audio/clk_wiz_0/inst/clkout1_buf/O
    X0Y1 (CLOCK_ROOT)    net (fo=444, routed)         1.226     2.209    hw_i/audio/aic3104_dma_wrapper_0/inst/aic3104_dma/tx_fifo/gnuram_async_fifo.xpm_fifo_base_inst/gen_cdc_pntr.wr_pntr_cdc_inst/dest_clk
    SLICE_X19Y60         FDRE                                         r  hw_i/audio/aic3104_dma_wrapper_0/inst/aic3104_dma/tx_fifo/gnuram_async_fifo.xpm_fifo_base_inst/gen_cdc_pntr.wr_pntr_cdc_inst/dest_graysync_ff_reg[0][2]/C

Slack:                    inf
  Source:                 hw_i/audio/aic3104_dma_wrapper_0/inst/aic3104_dma/rx_fifo/gnuram_async_fifo.xpm_fifo_base_inst/gen_cdc_pntr.rd_pntr_cdc_inst/src_gray_ff_reg[2]/C
                            (rising edge-triggered cell FDRE clocked by clk_pl_0  {rise@0.000ns fall@5.156ns period=10.312ns})
  Destination:            hw_i/audio/aic3104_dma_wrapper_0/inst/aic3104_dma/rx_fifo/gnuram_async_fifo.xpm_fifo_base_inst/gen_cdc_pntr.rd_pntr_cdc_inst/dest_graysync_ff_reg[0][2]/D
                            (rising edge-triggered cell FDRE clocked by clk_out1_hw_clk_wiz_0_0  {rise@0.000ns fall@40.685ns period=81.369ns})
  Path Group:             (none)
  Path Type:              Hold (Min at Fast Process Corner)
  Data Path Delay:        0.093ns  (logic 0.039ns (41.935%)  route 0.054ns (58.064%))
  Logic Levels:           0  
  Clock Path Skew:        1.128ns (DCD - SCD - CPR)
    Destination Clock Delay (DCD):    2.211ns
    Source Clock Delay      (SCD):    1.083ns
    Clock Pessimism Removal (CPR):    -0.000ns
  Clock Uncertainty:      0.370ns  ((TSJ^2 + DJ^2)^1/2) / 2 + PE
    Total System Jitter     (TSJ):    0.071ns
    Discrete Jitter          (DJ):    0.412ns
    Phase Error              (PE):    0.161ns
  Clock Net Delay (Source):      0.972ns (routing 0.410ns, distribution 0.562ns)
  Clock Net Delay (Destination): 1.228ns (routing 0.591ns, distribution 0.637ns)
  Timing Exception:       False Path

    Location             Delay type                Incr(ns)  Path(ns)    Netlist Resource(s)
  -------------------------------------------------------------------    -------------------
                         (clock clk_pl_0 rise edge)
                                                      0.000     0.000 r  
    PS8_X0Y0             PS8                          0.000     0.000 r  hw_i/zynq_ultra_ps_e_0/inst/PS8_i/PLCLK[0]
                         net (fo=1, routed)           0.094     0.094    hw_i/zynq_ultra_ps_e_0/inst/pl_clk_unbuffered[0]
    BUFG_PS_X0Y67        BUFG_PS (Prop_BUFG_PS_I_O)
                                                      0.017     0.111 r  hw_i/zynq_ultra_ps_e_0/inst/buffer_pl_clk_0.PL_CLK_0_BUFG/O
    X0Y1 (CLOCK_ROOT)    net (fo=3796, routed)        0.972     1.083    hw_i/audio/aic3104_dma_wrapper_0/inst/aic3104_dma/rx_fifo/gnuram_async_fifo.xpm_fifo_base_inst/gen_cdc_pntr.rd_pntr_cdc_inst/src_clk
    SLICE_X18Y43         FDRE                                         r  hw_i/audio/aic3104_dma_wrapper_0/inst/aic3104_dma/rx_fifo/gnuram_async_fifo.xpm_fifo_base_inst/gen_cdc_pntr.rd_pntr_cdc_inst/src_gray_ff_reg[2]/C
  -------------------------------------------------------------------    -------------------
    SLICE_X18Y43         FDRE (Prop_GFF_SLICEL_C_Q)
                                                      0.039     1.122 r  hw_i/audio/aic3104_dma_wrapper_0/inst/aic3104_dma/rx_fifo/gnuram_async_fifo.xpm_fifo_base_inst/gen_cdc_pntr.rd_pntr_cdc_inst/src_gray_ff_reg[2]/Q
                         net (fo=1, routed)           0.054     1.176    hw_i/audio/aic3104_dma_wrapper_0/inst/aic3104_dma/rx_fifo/gnuram_async_fifo.xpm_fifo_base_inst/gen_cdc_pntr.rd_pntr_cdc_inst/async_path[2]
    SLICE_X18Y43         FDRE                                         r  hw_i/audio/aic3104_dma_wrapper_0/inst/aic3104_dma/rx_fifo/gnuram_async_fifo.xpm_fifo_base_inst/gen_cdc_pntr.rd_pntr_cdc_inst/dest_graysync_ff_reg[0][2]/D
  -------------------------------------------------------------------    -------------------

                         (clock clk_out1_hw_clk_wiz_0_0 rise edge)
                                                      0.000     0.000 r  
    BUFG_PS_X0Y67        BUFG_PS                      0.000     0.000 r  hw_i/zynq_ultra_ps_e_0/inst/buffer_pl_clk_0.PL_CLK_0_BUFG/O
                         net (fo=3796, routed)        1.093     1.093    hw_i/audio/clk_wiz_0/inst/clk_in1
    MMCM_X0Y2            MMCME4_ADV (Prop_MMCM_CLKIN1_CLKOUT0)
                                                     -0.295     0.798 r  hw_i/audio/clk_wiz_0/inst/mmcme4_adv_inst/CLKOUT0
                         net (fo=1, routed)           0.166     0.964    hw_i/audio/clk_wiz_0/inst/clk_out1_hw_clk_wiz_0_0
    BUFGCE_X0Y66         BUFGCE (Prop_BUFCE_BUFGCE_I_O)
                                                      0.019     0.983 r  hw_i/audio/clk_wiz_0/inst/clkout1_buf/O
    X0Y1 (CLOCK_ROOT)    net (fo=444, routed)         1.228     2.211    hw_i/audio/aic3104_dma_wrapper_0/inst/aic3104_dma/rx_fifo/gnuram_async_fifo.xpm_fifo_base_inst/gen_cdc_pntr.rd_pntr_cdc_inst/dest_clk
    SLICE_X18Y43         FDRE                                         r  hw_i/audio/aic3104_dma_wrapper_0/inst/aic3104_dma/rx_fifo/gnuram_async_fifo.xpm_fifo_base_inst/gen_cdc_pntr.rd_pntr_cdc_inst/dest_graysync_ff_reg[0][2]/C

Slack:                    inf
  Source:                 hw_i/audio/aic3104_dma_wrapper_0/inst/aic3104_dma/tx_fifo/gnuram_async_fifo.xpm_fifo_base_inst/gen_cdc_pntr.wr_pntr_cdc_dc_inst/src_gray_ff_reg[4]/C
                            (rising edge-triggered cell FDRE clocked by clk_pl_0  {rise@0.000ns fall@5.156ns period=10.312ns})
  Destination:            hw_i/audio/aic3104_dma_wrapper_0/inst/aic3104_dma/tx_fifo/gnuram_async_fifo.xpm_fifo_base_inst/gen_cdc_pntr.wr_pntr_cdc_dc_inst/dest_graysync_ff_reg[0][4]/D
                            (rising edge-triggered cell FDRE clocked by clk_out1_hw_clk_wiz_0_0  {rise@0.000ns fall@40.685ns period=81.369ns})
  Path Group:             (none)
  Path Type:              Hold (Min at Fast Process Corner)
  Data Path Delay:        0.100ns  (logic 0.039ns (39.000%)  route 0.061ns (61.000%))
  Logic Levels:           0  
  Clock Path Skew:        1.135ns (DCD - SCD - CPR)
    Destination Clock Delay (DCD):    2.213ns
    Source Clock Delay      (SCD):    1.078ns
    Clock Pessimism Removal (CPR):    -0.000ns
  Clock Uncertainty:      0.370ns  ((TSJ^2 + DJ^2)^1/2) / 2 + PE
    Total System Jitter     (TSJ):    0.071ns
    Discrete Jitter          (DJ):    0.412ns
    Phase Error              (PE):    0.161ns
  Clock Net Delay (Source):      0.967ns (routing 0.410ns, distribution 0.557ns)
  Clock Net Delay (Destination): 1.230ns (routing 0.591ns, distribution 0.639ns)
  Timing Exception:       False Path

    Location             Delay type                Incr(ns)  Path(ns)    Netlist Resource(s)
  -------------------------------------------------------------------    -------------------
                         (clock clk_pl_0 rise edge)
                                                      0.000     0.000 r  
    PS8_X0Y0             PS8                          0.000     0.000 r  hw_i/zynq_ultra_ps_e_0/inst/PS8_i/PLCLK[0]
                         net (fo=1, routed)           0.094     0.094    hw_i/zynq_ultra_ps_e_0/inst/pl_clk_unbuffered[0]
    BUFG_PS_X0Y67        BUFG_PS (Prop_BUFG_PS_I_O)
                                                      0.017     0.111 r  hw_i/zynq_ultra_ps_e_0/inst/buffer_pl_clk_0.PL_CLK_0_BUFG/O
    X0Y1 (CLOCK_ROOT)    net (fo=3796, routed)        0.967     1.078    hw_i/audio/aic3104_dma_wrapper_0/inst/aic3104_dma/tx_fifo/gnuram_async_fifo.xpm_fifo_base_inst/gen_cdc_pntr.wr_pntr_cdc_dc_inst/src_clk
    SLICE_X15Y61         FDRE                                         r  hw_i/audio/aic3104_dma_wrapper_0/inst/aic3104_dma/tx_fifo/gnuram_async_fifo.xpm_fifo_base_inst/gen_cdc_pntr.wr_pntr_cdc_dc_inst/src_gray_ff_reg[4]/C
  -------------------------------------------------------------------    -------------------
    SLICE_X15Y61         FDRE (Prop_DFF_SLICEL_C_Q)
                                                      0.039     1.117 r  hw_i/audio/aic3104_dma_wrapper_0/inst/aic3104_dma/tx_fifo/gnuram_async_fifo.xpm_fifo_base_inst/gen_cdc_pntr.wr_pntr_cdc_dc_inst/src_gray_ff_reg[4]/Q
                         net (fo=1, routed)           0.061     1.178    hw_i/audio/aic3104_dma_wrapper_0/inst/aic3104_dma/tx_fifo/gnuram_async_fifo.xpm_fifo_base_inst/gen_cdc_pntr.wr_pntr_cdc_dc_inst/async_path[4]
    SLICE_X17Y61         FDRE                                         r  hw_i/audio/aic3104_dma_wrapper_0/inst/aic3104_dma/tx_fifo/gnuram_async_fifo.xpm_fifo_base_inst/gen_cdc_pntr.wr_pntr_cdc_dc_inst/dest_graysync_ff_reg[0][4]/D
  -------------------------------------------------------------------    -------------------

                         (clock clk_out1_hw_clk_wiz_0_0 rise edge)
                                                      0.000     0.000 r  
    BUFG_PS_X0Y67        BUFG_PS                      0.000     0.000 r  hw_i/zynq_ultra_ps_e_0/inst/buffer_pl_clk_0.PL_CLK_0_BUFG/O
                         net (fo=3796, routed)        1.093     1.093    hw_i/audio/clk_wiz_0/inst/clk_in1
    MMCM_X0Y2            MMCME4_ADV (Prop_MMCM_CLKIN1_CLKOUT0)
                                                     -0.295     0.798 r  hw_i/audio/clk_wiz_0/inst/mmcme4_adv_inst/CLKOUT0
                         net (fo=1, routed)           0.166     0.964    hw_i/audio/clk_wiz_0/inst/clk_out1_hw_clk_wiz_0_0
    BUFGCE_X0Y66         BUFGCE (Prop_BUFCE_BUFGCE_I_O)
                                                      0.019     0.983 r  hw_i/audio/clk_wiz_0/inst/clkout1_buf/O
    X0Y1 (CLOCK_ROOT)    net (fo=444, routed)         1.230     2.213    hw_i/audio/aic3104_dma_wrapper_0/inst/aic3104_dma/tx_fifo/gnuram_async_fifo.xpm_fifo_base_inst/gen_cdc_pntr.wr_pntr_cdc_dc_inst/dest_clk
    SLICE_X17Y61         FDRE                                         r  hw_i/audio/aic3104_dma_wrapper_0/inst/aic3104_dma/tx_fifo/gnuram_async_fifo.xpm_fifo_base_inst/gen_cdc_pntr.wr_pntr_cdc_dc_inst/dest_graysync_ff_reg[0][4]/C

Slack:                    inf
  Source:                 hw_i/audio/aic3104_dma_wrapper_0/inst/aic3104_dma/rx_fifo/gnuram_async_fifo.xpm_fifo_base_inst/gen_cdc_pntr.rd_pntr_cdc_dc_inst/src_gray_ff_reg[4]/C
                            (rising edge-triggered cell FDRE clocked by clk_pl_0  {rise@0.000ns fall@5.156ns period=10.312ns})
  Destination:            hw_i/audio/aic3104_dma_wrapper_0/inst/aic3104_dma/rx_fifo/gnuram_async_fifo.xpm_fifo_base_inst/gen_cdc_pntr.rd_pntr_cdc_dc_inst/dest_graysync_ff_reg[0][4]/D
                            (rising edge-triggered cell FDRE clocked by clk_out1_hw_clk_wiz_0_0  {rise@0.000ns fall@40.685ns period=81.369ns})
  Path Group:             (none)
  Path Type:              Hold (Min at Fast Process Corner)
  Data Path Delay:        0.095ns  (logic 0.039ns (41.053%)  route 0.056ns (58.947%))
  Logic Levels:           0  
  Clock Path Skew:        1.136ns (DCD - SCD - CPR)
    Destination Clock Delay (DCD):    2.219ns
    Source Clock Delay      (SCD):    1.083ns
    Clock Pessimism Removal (CPR):    -0.000ns
  Clock Uncertainty:      0.370ns  ((TSJ^2 + DJ^2)^1/2) / 2 + PE
    Total System Jitter     (TSJ):    0.071ns
    Discrete Jitter          (DJ):    0.412ns
    Phase Error              (PE):    0.161ns
  Clock Net Delay (Source):      0.972ns (routing 0.410ns, distribution 0.562ns)
  Clock Net Delay (Destination): 1.236ns (routing 0.591ns, distribution 0.645ns)
  Timing Exception:       False Path

    Location             Delay type                Incr(ns)  Path(ns)    Netlist Resource(s)
  -------------------------------------------------------------------    -------------------
                         (clock clk_pl_0 rise edge)
                                                      0.000     0.000 r  
    PS8_X0Y0             PS8                          0.000     0.000 r  hw_i/zynq_ultra_ps_e_0/inst/PS8_i/PLCLK[0]
                         net (fo=1, routed)           0.094     0.094    hw_i/zynq_ultra_ps_e_0/inst/pl_clk_unbuffered[0]
    BUFG_PS_X0Y67        BUFG_PS (Prop_BUFG_PS_I_O)
                                                      0.017     0.111 r  hw_i/zynq_ultra_ps_e_0/inst/buffer_pl_clk_0.PL_CLK_0_BUFG/O
    X0Y1 (CLOCK_ROOT)    net (fo=3796, routed)        0.972     1.083    hw_i/audio/aic3104_dma_wrapper_0/inst/aic3104_dma/rx_fifo/gnuram_async_fifo.xpm_fifo_base_inst/gen_cdc_pntr.rd_pntr_cdc_dc_inst/src_clk
    SLICE_X18Y43         FDRE                                         r  hw_i/audio/aic3104_dma_wrapper_0/inst/aic3104_dma/rx_fifo/gnuram_async_fifo.xpm_fifo_base_inst/gen_cdc_pntr.rd_pntr_cdc_dc_inst/src_gray_ff_reg[4]/C
  -------------------------------------------------------------------    -------------------
    SLICE_X18Y43         FDRE (Prop_HFF_SLICEL_C_Q)
                                                      0.039     1.122 r  hw_i/audio/aic3104_dma_wrapper_0/inst/aic3104_dma/rx_fifo/gnuram_async_fifo.xpm_fifo_base_inst/gen_cdc_pntr.rd_pntr_cdc_dc_inst/src_gray_ff_reg[4]/Q
                         net (fo=1, routed)           0.056     1.178    hw_i/audio/aic3104_dma_wrapper_0/inst/aic3104_dma/rx_fifo/gnuram_async_fifo.xpm_fifo_base_inst/gen_cdc_pntr.rd_pntr_cdc_dc_inst/async_path[4]
    SLICE_X18Y42         FDRE                                         r  hw_i/audio/aic3104_dma_wrapper_0/inst/aic3104_dma/rx_fifo/gnuram_async_fifo.xpm_fifo_base_inst/gen_cdc_pntr.rd_pntr_cdc_dc_inst/dest_graysync_ff_reg[0][4]/D
  -------------------------------------------------------------------    -------------------

                         (clock clk_out1_hw_clk_wiz_0_0 rise edge)
                                                      0.000     0.000 r  
    BUFG_PS_X0Y67        BUFG_PS                      0.000     0.000 r  hw_i/zynq_ultra_ps_e_0/inst/buffer_pl_clk_0.PL_CLK_0_BUFG/O
                         net (fo=3796, routed)        1.093     1.093    hw_i/audio/clk_wiz_0/inst/clk_in1
    MMCM_X0Y2            MMCME4_ADV (Prop_MMCM_CLKIN1_CLKOUT0)
                                                     -0.295     0.798 r  hw_i/audio/clk_wiz_0/inst/mmcme4_adv_inst/CLKOUT0
                         net (fo=1, routed)           0.166     0.964    hw_i/audio/clk_wiz_0/inst/clk_out1_hw_clk_wiz_0_0
    BUFGCE_X0Y66         BUFGCE (Prop_BUFCE_BUFGCE_I_O)
                                                      0.019     0.983 r  hw_i/audio/clk_wiz_0/inst/clkout1_buf/O
    X0Y1 (CLOCK_ROOT)    net (fo=444, routed)         1.236     2.219    hw_i/audio/aic3104_dma_wrapper_0/inst/aic3104_dma/rx_fifo/gnuram_async_fifo.xpm_fifo_base_inst/gen_cdc_pntr.rd_pntr_cdc_dc_inst/dest_clk
    SLICE_X18Y42         FDRE                                         r  hw_i/audio/aic3104_dma_wrapper_0/inst/aic3104_dma/rx_fifo/gnuram_async_fifo.xpm_fifo_base_inst/gen_cdc_pntr.rd_pntr_cdc_dc_inst/dest_graysync_ff_reg[0][4]/C

Slack:                    inf
  Source:                 hw_i/audio/aic3104_dma_wrapper_0/inst/aic3104_dma/rx_fifo/gnuram_async_fifo.xpm_fifo_base_inst/gen_cdc_pntr.rd_pntr_cdc_dc_inst/src_gray_ff_reg[2]/C
                            (rising edge-triggered cell FDRE clocked by clk_pl_0  {rise@0.000ns fall@5.156ns period=10.312ns})
  Destination:            hw_i/audio/aic3104_dma_wrapper_0/inst/aic3104_dma/rx_fifo/gnuram_async_fifo.xpm_fifo_base_inst/gen_cdc_pntr.rd_pntr_cdc_dc_inst/dest_graysync_ff_reg[0][2]/D
                            (rising edge-triggered cell FDRE clocked by clk_out1_hw_clk_wiz_0_0  {rise@0.000ns fall@40.685ns period=81.369ns})
  Path Group:             (none)
  Path Type:              Hold (Min at Fast Process Corner)
  Data Path Delay:        0.093ns  (logic 0.039ns (41.935%)  route 0.054ns (58.064%))
  Logic Levels:           0  
  Clock Path Skew:        1.122ns (DCD - SCD - CPR)
    Destination Clock Delay (DCD):    2.217ns
    Source Clock Delay      (SCD):    1.095ns
    Clock Pessimism Removal (CPR):    -0.000ns
  Clock Uncertainty:      0.370ns  ((TSJ^2 + DJ^2)^1/2) / 2 + PE
    Total System Jitter     (TSJ):    0.071ns
    Discrete Jitter          (DJ):    0.412ns
    Phase Error              (PE):    0.161ns
  Clock Net Delay (Source):      0.984ns (routing 0.410ns, distribution 0.574ns)
  Clock Net Delay (Destination): 1.234ns (routing 0.591ns, distribution 0.643ns)
  Timing Exception:       False Path

    Location             Delay type                Incr(ns)  Path(ns)    Netlist Resource(s)
  -------------------------------------------------------------------    -------------------
                         (clock clk_pl_0 rise edge)
                                                      0.000     0.000 r  
    PS8_X0Y0             PS8                          0.000     0.000 r  hw_i/zynq_ultra_ps_e_0/inst/PS8_i/PLCLK[0]
                         net (fo=1, routed)           0.094     0.094    hw_i/zynq_ultra_ps_e_0/inst/pl_clk_unbuffered[0]
    BUFG_PS_X0Y67        BUFG_PS (Prop_BUFG_PS_I_O)
                                                      0.017     0.111 r  hw_i/zynq_ultra_ps_e_0/inst/buffer_pl_clk_0.PL_CLK_0_BUFG/O
    X0Y1 (CLOCK_ROOT)    net (fo=3796, routed)        0.984     1.095    hw_i/audio/aic3104_dma_wrapper_0/inst/aic3104_dma/rx_fifo/gnuram_async_fifo.xpm_fifo_base_inst/gen_cdc_pntr.rd_pntr_cdc_dc_inst/src_clk
    SLICE_X17Y43         FDRE                                         r  hw_i/audio/aic3104_dma_wrapper_0/inst/aic3104_dma/rx_fifo/gnuram_async_fifo.xpm_fifo_base_inst/gen_cdc_pntr.rd_pntr_cdc_dc_inst/src_gray_ff_reg[2]/C
  -------------------------------------------------------------------    -------------------
    SLICE_X17Y43         FDRE (Prop_GFF_SLICEL_C_Q)
                                                      0.039     1.134 r  hw_i/audio/aic3104_dma_wrapper_0/inst/aic3104_dma/rx_fifo/gnuram_async_fifo.xpm_fifo_base_inst/gen_cdc_pntr.rd_pntr_cdc_dc_inst/src_gray_ff_reg[2]/Q
                         net (fo=1, routed)           0.054     1.188    hw_i/audio/aic3104_dma_wrapper_0/inst/aic3104_dma/rx_fifo/gnuram_async_fifo.xpm_fifo_base_inst/gen_cdc_pntr.rd_pntr_cdc_dc_inst/async_path[2]
    SLICE_X17Y43         FDRE                                         r  hw_i/audio/aic3104_dma_wrapper_0/inst/aic3104_dma/rx_fifo/gnuram_async_fifo.xpm_fifo_base_inst/gen_cdc_pntr.rd_pntr_cdc_dc_inst/dest_graysync_ff_reg[0][2]/D
  -------------------------------------------------------------------    -------------------

                         (clock clk_out1_hw_clk_wiz_0_0 rise edge)
                                                      0.000     0.000 r  
    BUFG_PS_X0Y67        BUFG_PS                      0.000     0.000 r  hw_i/zynq_ultra_ps_e_0/inst/buffer_pl_clk_0.PL_CLK_0_BUFG/O
                         net (fo=3796, routed)        1.093     1.093    hw_i/audio/clk_wiz_0/inst/clk_in1
    MMCM_X0Y2            MMCME4_ADV (Prop_MMCM_CLKIN1_CLKOUT0)
                                                     -0.295     0.798 r  hw_i/audio/clk_wiz_0/inst/mmcme4_adv_inst/CLKOUT0
                         net (fo=1, routed)           0.166     0.964    hw_i/audio/clk_wiz_0/inst/clk_out1_hw_clk_wiz_0_0
    BUFGCE_X0Y66         BUFGCE (Prop_BUFCE_BUFGCE_I_O)
                                                      0.019     0.983 r  hw_i/audio/clk_wiz_0/inst/clkout1_buf/O
    X0Y1 (CLOCK_ROOT)    net (fo=444, routed)         1.234     2.217    hw_i/audio/aic3104_dma_wrapper_0/inst/aic3104_dma/rx_fifo/gnuram_async_fifo.xpm_fifo_base_inst/gen_cdc_pntr.rd_pntr_cdc_dc_inst/dest_clk
    SLICE_X17Y43         FDRE                                         r  hw_i/audio/aic3104_dma_wrapper_0/inst/aic3104_dma/rx_fifo/gnuram_async_fifo.xpm_fifo_base_inst/gen_cdc_pntr.rd_pntr_cdc_dc_inst/dest_graysync_ff_reg[0][2]/C

Slack:                    inf
  Source:                 hw_i/audio/aic3104_dma_wrapper_0/inst/aic3104_dma/tx_fifo/gnuram_async_fifo.xpm_fifo_base_inst/gen_cdc_pntr.wr_pntr_cdc_inst/src_gray_ff_reg[5]/C
                            (rising edge-triggered cell FDRE clocked by clk_pl_0  {rise@0.000ns fall@5.156ns period=10.312ns})
  Destination:            hw_i/audio/aic3104_dma_wrapper_0/inst/aic3104_dma/tx_fifo/gnuram_async_fifo.xpm_fifo_base_inst/gen_cdc_pntr.wr_pntr_cdc_inst/dest_graysync_ff_reg[0][5]/D
                            (rising edge-triggered cell FDRE clocked by clk_out1_hw_clk_wiz_0_0  {rise@0.000ns fall@40.685ns period=81.369ns})
  Path Group:             (none)
  Path Type:              Hold (Min at Fast Process Corner)
  Data Path Delay:        0.121ns  (logic 0.040ns (33.058%)  route 0.081ns (66.942%))
  Logic Levels:           0  
  Clock Path Skew:        1.132ns (DCD - SCD - CPR)
    Destination Clock Delay (DCD):    2.203ns
    Source Clock Delay      (SCD):    1.071ns
    Clock Pessimism Removal (CPR):    -0.000ns
  Clock Uncertainty:      0.370ns  ((TSJ^2 + DJ^2)^1/2) / 2 + PE
    Total System Jitter     (TSJ):    0.071ns
    Discrete Jitter          (DJ):    0.412ns
    Phase Error              (PE):    0.161ns
  Clock Net Delay (Source):      0.960ns (routing 0.410ns, distribution 0.550ns)
  Clock Net Delay (Destination): 1.220ns (routing 0.591ns, distribution 0.629ns)
  Timing Exception:       False Path

    Location             Delay type                Incr(ns)  Path(ns)    Netlist Resource(s)
  -------------------------------------------------------------------    -------------------
                         (clock clk_pl_0 rise edge)
                                                      0.000     0.000 r  
    PS8_X0Y0             PS8                          0.000     0.000 r  hw_i/zynq_ultra_ps_e_0/inst/PS8_i/PLCLK[0]
                         net (fo=1, routed)           0.094     0.094    hw_i/zynq_ultra_ps_e_0/inst/pl_clk_unbuffered[0]
    BUFG_PS_X0Y67        BUFG_PS (Prop_BUFG_PS_I_O)
                                                      0.017     0.111 r  hw_i/zynq_ultra_ps_e_0/inst/buffer_pl_clk_0.PL_CLK_0_BUFG/O
    X0Y1 (CLOCK_ROOT)    net (fo=3796, routed)        0.960     1.071    hw_i/audio/aic3104_dma_wrapper_0/inst/aic3104_dma/tx_fifo/gnuram_async_fifo.xpm_fifo_base_inst/gen_cdc_pntr.wr_pntr_cdc_inst/src_clk
    SLICE_X18Y62         FDRE                                         r  hw_i/audio/aic3104_dma_wrapper_0/inst/aic3104_dma/tx_fifo/gnuram_async_fifo.xpm_fifo_base_inst/gen_cdc_pntr.wr_pntr_cdc_inst/src_gray_ff_reg[5]/C
  -------------------------------------------------------------------    -------------------
    SLICE_X18Y62         FDRE (Prop_CFF2_SLICEL_C_Q)
                                                      0.040     1.111 r  hw_i/audio/aic3104_dma_wrapper_0/inst/aic3104_dma/tx_fifo/gnuram_async_fifo.xpm_fifo_base_inst/gen_cdc_pntr.wr_pntr_cdc_inst/src_gray_ff_reg[5]/Q
                         net (fo=1, routed)           0.081     1.192    hw_i/audio/aic3104_dma_wrapper_0/inst/aic3104_dma/tx_fifo/gnuram_async_fifo.xpm_fifo_base_inst/gen_cdc_pntr.wr_pntr_cdc_inst/async_path[5]
    SLICE_X18Y62         FDRE                                         r  hw_i/audio/aic3104_dma_wrapper_0/inst/aic3104_dma/tx_fifo/gnuram_async_fifo.xpm_fifo_base_inst/gen_cdc_pntr.wr_pntr_cdc_inst/dest_graysync_ff_reg[0][5]/D
  -------------------------------------------------------------------    -------------------

                         (clock clk_out1_hw_clk_wiz_0_0 rise edge)
                                                      0.000     0.000 r  
    BUFG_PS_X0Y67        BUFG_PS                      0.000     0.000 r  hw_i/zynq_ultra_ps_e_0/inst/buffer_pl_clk_0.PL_CLK_0_BUFG/O
                         net (fo=3796, routed)        1.093     1.093    hw_i/audio/clk_wiz_0/inst/clk_in1
    MMCM_X0Y2            MMCME4_ADV (Prop_MMCM_CLKIN1_CLKOUT0)
                                                     -0.295     0.798 r  hw_i/audio/clk_wiz_0/inst/mmcme4_adv_inst/CLKOUT0
                         net (fo=1, routed)           0.166     0.964    hw_i/audio/clk_wiz_0/inst/clk_out1_hw_clk_wiz_0_0
    BUFGCE_X0Y66         BUFGCE (Prop_BUFCE_BUFGCE_I_O)
                                                      0.019     0.983 r  hw_i/audio/clk_wiz_0/inst/clkout1_buf/O
    X0Y1 (CLOCK_ROOT)    net (fo=444, routed)         1.220     2.203    hw_i/audio/aic3104_dma_wrapper_0/inst/aic3104_dma/tx_fifo/gnuram_async_fifo.xpm_fifo_base_inst/gen_cdc_pntr.wr_pntr_cdc_inst/dest_clk
    SLICE_X18Y62         FDRE                                         r  hw_i/audio/aic3104_dma_wrapper_0/inst/aic3104_dma/tx_fifo/gnuram_async_fifo.xpm_fifo_base_inst/gen_cdc_pntr.wr_pntr_cdc_inst/dest_graysync_ff_reg[0][5]/C

Slack:                    inf
  Source:                 hw_i/audio/aic3104_dma_wrapper_0/inst/aic3104_dma/rx_fifo/gnuram_async_fifo.xpm_fifo_base_inst/gen_cdc_pntr.rd_pntr_cdc_inst/src_gray_ff_reg[5]/C
                            (rising edge-triggered cell FDRE clocked by clk_pl_0  {rise@0.000ns fall@5.156ns period=10.312ns})
  Destination:            hw_i/audio/aic3104_dma_wrapper_0/inst/aic3104_dma/rx_fifo/gnuram_async_fifo.xpm_fifo_base_inst/gen_cdc_pntr.rd_pntr_cdc_inst/dest_graysync_ff_reg[0][5]/D
                            (rising edge-triggered cell FDRE clocked by clk_out1_hw_clk_wiz_0_0  {rise@0.000ns fall@40.685ns period=81.369ns})
  Path Group:             (none)
  Path Type:              Hold (Min at Fast Process Corner)
  Data Path Delay:        0.116ns  (logic 0.039ns (33.621%)  route 0.077ns (66.379%))
  Logic Levels:           0  
  Clock Path Skew:        1.128ns (DCD - SCD - CPR)
    Destination Clock Delay (DCD):    2.212ns
    Source Clock Delay      (SCD):    1.084ns
    Clock Pessimism Removal (CPR):    -0.000ns
  Clock Uncertainty:      0.370ns  ((TSJ^2 + DJ^2)^1/2) / 2 + PE
    Total System Jitter     (TSJ):    0.071ns
    Discrete Jitter          (DJ):    0.412ns
    Phase Error              (PE):    0.161ns
  Clock Net Delay (Source):      0.973ns (routing 0.410ns, distribution 0.563ns)
  Clock Net Delay (Destination): 1.229ns (routing 0.591ns, distribution 0.638ns)
  Timing Exception:       False Path

    Location             Delay type                Incr(ns)  Path(ns)    Netlist Resource(s)
  -------------------------------------------------------------------    -------------------
                         (clock clk_pl_0 rise edge)
                                                      0.000     0.000 r  
    PS8_X0Y0             PS8                          0.000     0.000 r  hw_i/zynq_ultra_ps_e_0/inst/PS8_i/PLCLK[0]
                         net (fo=1, routed)           0.094     0.094    hw_i/zynq_ultra_ps_e_0/inst/pl_clk_unbuffered[0]
    BUFG_PS_X0Y67        BUFG_PS (Prop_BUFG_PS_I_O)
                                                      0.017     0.111 r  hw_i/zynq_ultra_ps_e_0/inst/buffer_pl_clk_0.PL_CLK_0_BUFG/O
    X0Y1 (CLOCK_ROOT)    net (fo=3796, routed)        0.973     1.084    hw_i/audio/aic3104_dma_wrapper_0/inst/aic3104_dma/rx_fifo/gnuram_async_fifo.xpm_fifo_base_inst/gen_cdc_pntr.rd_pntr_cdc_inst/src_clk
    SLICE_X18Y44         FDRE                                         r  hw_i/audio/aic3104_dma_wrapper_0/inst/aic3104_dma/rx_fifo/gnuram_async_fifo.xpm_fifo_base_inst/gen_cdc_pntr.rd_pntr_cdc_inst/src_gray_ff_reg[5]/C
  -------------------------------------------------------------------    -------------------
    SLICE_X18Y44         FDRE (Prop_HFF2_SLICEL_C_Q)
                                                      0.039     1.123 r  hw_i/audio/aic3104_dma_wrapper_0/inst/aic3104_dma/rx_fifo/gnuram_async_fifo.xpm_fifo_base_inst/gen_cdc_pntr.rd_pntr_cdc_inst/src_gray_ff_reg[5]/Q
                         net (fo=1, routed)           0.077     1.200    hw_i/audio/aic3104_dma_wrapper_0/inst/aic3104_dma/rx_fifo/gnuram_async_fifo.xpm_fifo_base_inst/gen_cdc_pntr.rd_pntr_cdc_inst/async_path[5]
    SLICE_X18Y44         FDRE                                         r  hw_i/audio/aic3104_dma_wrapper_0/inst/aic3104_dma/rx_fifo/gnuram_async_fifo.xpm_fifo_base_inst/gen_cdc_pntr.rd_pntr_cdc_inst/dest_graysync_ff_reg[0][5]/D
  -------------------------------------------------------------------    -------------------

                         (clock clk_out1_hw_clk_wiz_0_0 rise edge)
                                                      0.000     0.000 r  
    BUFG_PS_X0Y67        BUFG_PS                      0.000     0.000 r  hw_i/zynq_ultra_ps_e_0/inst/buffer_pl_clk_0.PL_CLK_0_BUFG/O
                         net (fo=3796, routed)        1.093     1.093    hw_i/audio/clk_wiz_0/inst/clk_in1
    MMCM_X0Y2            MMCME4_ADV (Prop_MMCM_CLKIN1_CLKOUT0)
                                                     -0.295     0.798 r  hw_i/audio/clk_wiz_0/inst/mmcme4_adv_inst/CLKOUT0
                         net (fo=1, routed)           0.166     0.964    hw_i/audio/clk_wiz_0/inst/clk_out1_hw_clk_wiz_0_0
    BUFGCE_X0Y66         BUFGCE (Prop_BUFCE_BUFGCE_I_O)
                                                      0.019     0.983 r  hw_i/audio/clk_wiz_0/inst/clkout1_buf/O
    X0Y1 (CLOCK_ROOT)    net (fo=444, routed)         1.229     2.212    hw_i/audio/aic3104_dma_wrapper_0/inst/aic3104_dma/rx_fifo/gnuram_async_fifo.xpm_fifo_base_inst/gen_cdc_pntr.rd_pntr_cdc_inst/dest_clk
    SLICE_X18Y44         FDRE                                         r  hw_i/audio/aic3104_dma_wrapper_0/inst/aic3104_dma/rx_fifo/gnuram_async_fifo.xpm_fifo_base_inst/gen_cdc_pntr.rd_pntr_cdc_inst/dest_graysync_ff_reg[0][5]/C

Slack:                    inf
  Source:                 hw_i/audio/aic3104_dma_wrapper_0/inst/aic3104_dma/rx_fifo/gnuram_async_fifo.xpm_fifo_base_inst/gen_cdc_pntr.rd_pntr_cdc_dc_inst/src_gray_ff_reg[5]/C
                            (rising edge-triggered cell FDRE clocked by clk_pl_0  {rise@0.000ns fall@5.156ns period=10.312ns})
  Destination:            hw_i/audio/aic3104_dma_wrapper_0/inst/aic3104_dma/rx_fifo/gnuram_async_fifo.xpm_fifo_base_inst/gen_cdc_pntr.rd_pntr_cdc_dc_inst/dest_graysync_ff_reg[0][5]/D
                            (rising edge-triggered cell FDRE clocked by clk_out1_hw_clk_wiz_0_0  {rise@0.000ns fall@40.685ns period=81.369ns})
  Path Group:             (none)
  Path Type:              Hold (Min at Fast Process Corner)
  Data Path Delay:        0.119ns  (logic 0.039ns (32.773%)  route 0.080ns (67.227%))
  Logic Levels:           0  
  Clock Path Skew:        1.136ns (DCD - SCD - CPR)
    Destination Clock Delay (DCD):    2.219ns
    Source Clock Delay      (SCD):    1.083ns
    Clock Pessimism Removal (CPR):    -0.000ns
  Clock Uncertainty:      0.370ns  ((TSJ^2 + DJ^2)^1/2) / 2 + PE
    Total System Jitter     (TSJ):    0.071ns
    Discrete Jitter          (DJ):    0.412ns
    Phase Error              (PE):    0.161ns
  Clock Net Delay (Source):      0.972ns (routing 0.410ns, distribution 0.562ns)
  Clock Net Delay (Destination): 1.236ns (routing 0.591ns, distribution 0.645ns)
  Timing Exception:       False Path

    Location             Delay type                Incr(ns)  Path(ns)    Netlist Resource(s)
  -------------------------------------------------------------------    -------------------
                         (clock clk_pl_0 rise edge)
                                                      0.000     0.000 r  
    PS8_X0Y0             PS8                          0.000     0.000 r  hw_i/zynq_ultra_ps_e_0/inst/PS8_i/PLCLK[0]
                         net (fo=1, routed)           0.094     0.094    hw_i/zynq_ultra_ps_e_0/inst/pl_clk_unbuffered[0]
    BUFG_PS_X0Y67        BUFG_PS (Prop_BUFG_PS_I_O)
                                                      0.017     0.111 r  hw_i/zynq_ultra_ps_e_0/inst/buffer_pl_clk_0.PL_CLK_0_BUFG/O
    X0Y1 (CLOCK_ROOT)    net (fo=3796, routed)        0.972     1.083    hw_i/audio/aic3104_dma_wrapper_0/inst/aic3104_dma/rx_fifo/gnuram_async_fifo.xpm_fifo_base_inst/gen_cdc_pntr.rd_pntr_cdc_dc_inst/src_clk
    SLICE_X18Y43         FDRE                                         r  hw_i/audio/aic3104_dma_wrapper_0/inst/aic3104_dma/rx_fifo/gnuram_async_fifo.xpm_fifo_base_inst/gen_cdc_pntr.rd_pntr_cdc_dc_inst/src_gray_ff_reg[5]/C
  -------------------------------------------------------------------    -------------------
    SLICE_X18Y43         FDRE (Prop_HFF2_SLICEL_C_Q)
                                                      0.039     1.122 r  hw_i/audio/aic3104_dma_wrapper_0/inst/aic3104_dma/rx_fifo/gnuram_async_fifo.xpm_fifo_base_inst/gen_cdc_pntr.rd_pntr_cdc_dc_inst/src_gray_ff_reg[5]/Q
                         net (fo=1, routed)           0.080     1.202    hw_i/audio/aic3104_dma_wrapper_0/inst/aic3104_dma/rx_fifo/gnuram_async_fifo.xpm_fifo_base_inst/gen_cdc_pntr.rd_pntr_cdc_dc_inst/async_path[5]
    SLICE_X18Y42         FDRE                                         r  hw_i/audio/aic3104_dma_wrapper_0/inst/aic3104_dma/rx_fifo/gnuram_async_fifo.xpm_fifo_base_inst/gen_cdc_pntr.rd_pntr_cdc_dc_inst/dest_graysync_ff_reg[0][5]/D
  -------------------------------------------------------------------    -------------------

                         (clock clk_out1_hw_clk_wiz_0_0 rise edge)
                                                      0.000     0.000 r  
    BUFG_PS_X0Y67        BUFG_PS                      0.000     0.000 r  hw_i/zynq_ultra_ps_e_0/inst/buffer_pl_clk_0.PL_CLK_0_BUFG/O
                         net (fo=3796, routed)        1.093     1.093    hw_i/audio/clk_wiz_0/inst/clk_in1
    MMCM_X0Y2            MMCME4_ADV (Prop_MMCM_CLKIN1_CLKOUT0)
                                                     -0.295     0.798 r  hw_i/audio/clk_wiz_0/inst/mmcme4_adv_inst/CLKOUT0
                         net (fo=1, routed)           0.166     0.964    hw_i/audio/clk_wiz_0/inst/clk_out1_hw_clk_wiz_0_0
    BUFGCE_X0Y66         BUFGCE (Prop_BUFCE_BUFGCE_I_O)
                                                      0.019     0.983 r  hw_i/audio/clk_wiz_0/inst/clkout1_buf/O
    X0Y1 (CLOCK_ROOT)    net (fo=444, routed)         1.236     2.219    hw_i/audio/aic3104_dma_wrapper_0/inst/aic3104_dma/rx_fifo/gnuram_async_fifo.xpm_fifo_base_inst/gen_cdc_pntr.rd_pntr_cdc_dc_inst/dest_clk
    SLICE_X18Y42         FDRE                                         r  hw_i/audio/aic3104_dma_wrapper_0/inst/aic3104_dma/rx_fifo/gnuram_async_fifo.xpm_fifo_base_inst/gen_cdc_pntr.rd_pntr_cdc_dc_inst/dest_graysync_ff_reg[0][5]/C

Slack:                    inf
  Source:                 hw_i/audio/aic3104_dma_wrapper_0/inst/aic3104_dma/rx_fifo/gnuram_async_fifo.xpm_fifo_base_inst/gen_cdc_pntr.rd_pntr_cdc_dc_inst/src_gray_ff_reg[7]/C
                            (rising edge-triggered cell FDRE clocked by clk_pl_0  {rise@0.000ns fall@5.156ns period=10.312ns})
  Destination:            hw_i/audio/aic3104_dma_wrapper_0/inst/aic3104_dma/rx_fifo/gnuram_async_fifo.xpm_fifo_base_inst/gen_cdc_pntr.rd_pntr_cdc_dc_inst/dest_graysync_ff_reg[0][7]/D
                            (rising edge-triggered cell FDRE clocked by clk_out1_hw_clk_wiz_0_0  {rise@0.000ns fall@40.685ns period=81.369ns})
  Path Group:             (none)
  Path Type:              Hold (Min at Fast Process Corner)
  Data Path Delay:        0.122ns  (logic 0.039ns (31.967%)  route 0.083ns (68.033%))
  Logic Levels:           0  
  Clock Path Skew:        1.137ns (DCD - SCD - CPR)
    Destination Clock Delay (DCD):    2.224ns
    Source Clock Delay      (SCD):    1.088ns
    Clock Pessimism Removal (CPR):    -0.000ns
  Clock Uncertainty:      0.370ns  ((TSJ^2 + DJ^2)^1/2) / 2 + PE
    Total System Jitter     (TSJ):    0.071ns
    Discrete Jitter          (DJ):    0.412ns
    Phase Error              (PE):    0.161ns
  Clock Net Delay (Source):      0.977ns (routing 0.410ns, distribution 0.567ns)
  Clock Net Delay (Destination): 1.241ns (routing 0.591ns, distribution 0.650ns)
  Timing Exception:       False Path

    Location             Delay type                Incr(ns)  Path(ns)    Netlist Resource(s)
  -------------------------------------------------------------------    -------------------
                         (clock clk_pl_0 rise edge)
                                                      0.000     0.000 r  
    PS8_X0Y0             PS8                          0.000     0.000 r  hw_i/zynq_ultra_ps_e_0/inst/PS8_i/PLCLK[0]
                         net (fo=1, routed)           0.094     0.094    hw_i/zynq_ultra_ps_e_0/inst/pl_clk_unbuffered[0]
    BUFG_PS_X0Y67        BUFG_PS (Prop_BUFG_PS_I_O)
                                                      0.017     0.111 r  hw_i/zynq_ultra_ps_e_0/inst/buffer_pl_clk_0.PL_CLK_0_BUFG/O
    X0Y1 (CLOCK_ROOT)    net (fo=3796, routed)        0.977     1.088    hw_i/audio/aic3104_dma_wrapper_0/inst/aic3104_dma/rx_fifo/gnuram_async_fifo.xpm_fifo_base_inst/gen_cdc_pntr.rd_pntr_cdc_dc_inst/src_clk
    SLICE_X17Y41         FDRE                                         r  hw_i/audio/aic3104_dma_wrapper_0/inst/aic3104_dma/rx_fifo/gnuram_async_fifo.xpm_fifo_base_inst/gen_cdc_pntr.rd_pntr_cdc_dc_inst/src_gray_ff_reg[7]/C
  -------------------------------------------------------------------    -------------------
    SLICE_X17Y41         FDRE (Prop_AFF_SLICEL_C_Q)
                                                      0.039     1.127 r  hw_i/audio/aic3104_dma_wrapper_0/inst/aic3104_dma/rx_fifo/gnuram_async_fifo.xpm_fifo_base_inst/gen_cdc_pntr.rd_pntr_cdc_dc_inst/src_gray_ff_reg[7]/Q
                         net (fo=1, routed)           0.083     1.210    hw_i/audio/aic3104_dma_wrapper_0/inst/aic3104_dma/rx_fifo/gnuram_async_fifo.xpm_fifo_base_inst/gen_cdc_pntr.rd_pntr_cdc_dc_inst/async_path[7]
    SLICE_X17Y41         FDRE                                         r  hw_i/audio/aic3104_dma_wrapper_0/inst/aic3104_dma/rx_fifo/gnuram_async_fifo.xpm_fifo_base_inst/gen_cdc_pntr.rd_pntr_cdc_dc_inst/dest_graysync_ff_reg[0][7]/D
  -------------------------------------------------------------------    -------------------

                         (clock clk_out1_hw_clk_wiz_0_0 rise edge)
                                                      0.000     0.000 r  
    BUFG_PS_X0Y67        BUFG_PS                      0.000     0.000 r  hw_i/zynq_ultra_ps_e_0/inst/buffer_pl_clk_0.PL_CLK_0_BUFG/O
                         net (fo=3796, routed)        1.093     1.093    hw_i/audio/clk_wiz_0/inst/clk_in1
    MMCM_X0Y2            MMCME4_ADV (Prop_MMCM_CLKIN1_CLKOUT0)
                                                     -0.295     0.798 r  hw_i/audio/clk_wiz_0/inst/mmcme4_adv_inst/CLKOUT0
                         net (fo=1, routed)           0.166     0.964    hw_i/audio/clk_wiz_0/inst/clk_out1_hw_clk_wiz_0_0
    BUFGCE_X0Y66         BUFGCE (Prop_BUFCE_BUFGCE_I_O)
                                                      0.019     0.983 r  hw_i/audio/clk_wiz_0/inst/clkout1_buf/O
    X0Y1 (CLOCK_ROOT)    net (fo=444, routed)         1.241     2.224    hw_i/audio/aic3104_dma_wrapper_0/inst/aic3104_dma/rx_fifo/gnuram_async_fifo.xpm_fifo_base_inst/gen_cdc_pntr.rd_pntr_cdc_dc_inst/dest_clk
    SLICE_X17Y41         FDRE                                         r  hw_i/audio/aic3104_dma_wrapper_0/inst/aic3104_dma/rx_fifo/gnuram_async_fifo.xpm_fifo_base_inst/gen_cdc_pntr.rd_pntr_cdc_dc_inst/dest_graysync_ff_reg[0][7]/C





--------------------------------------------------------------------------------------
Path Group:  (none)
From Clock:  
  To Clock:  clk_pl_0

Max Delay             3 Endpoints
Min Delay             3 Endpoints
--------------------------------------------------------------------------------------


Max Delay Paths
--------------------------------------------------------------------------------------
Slack:                    inf
  Source:                 i2c_aic_scl_io
                            (input port)
  Destination:            hw_i/audio/axi_iic_0/U0/X_IIC/FILTER_I/SCL_DEBOUNCE/INPUT_DOUBLE_REGS/syncstages_ff_reg[0]/D
                            (rising edge-triggered cell FDRE clocked by clk_pl_0  {rise@0.000ns fall@5.156ns period=10.312ns})
  Path Group:             (none)
  Path Type:              Setup (Max at Slow Process Corner)
  Data Path Delay:        2.267ns  (logic 0.501ns (22.115%)  route 1.766ns (77.885%))
  Logic Levels:           2  (IBUFCTRL=1 INBUF=1)
  Clock Path Skew:        1.760ns (DCD - SCD + CPR)
    Destination Clock Delay (DCD):    1.760ns
    Source Clock Delay      (SCD):    0.000ns
    Clock Pessimism Removal (CPR):    0.000ns
  Clock Uncertainty:      0.157ns  ((TSJ^2 + DJ^2)^1/2) / 2 + PE
    Total System Jitter     (TSJ):    0.050ns
    Discrete Jitter          (DJ):    0.310ns
    Phase Error              (PE):    0.000ns
  Clock Net Delay (Destination): 1.600ns (routing 0.683ns, distribution 0.917ns)
  Timing Exception:       False Path

    Location             Delay type                Incr(ns)  Path(ns)    Netlist Resource(s)
  -------------------------------------------------------------------    -------------------
    F5                                                0.000     0.000 r  i2c_aic_scl_io (INOUT)
                         net (fo=1, unset)            0.000     0.000    i2c_aic_scl_iobuf/IO
    F5                   INBUF (Prop_INBUF_HPIOB_S_PAD_O)
                                                      0.501     0.501 r  i2c_aic_scl_iobuf/INBUF_INST/O
                         net (fo=1, routed)           0.000     0.501    i2c_aic_scl_iobuf/OUT
    F5                   IBUFCTRL (Prop_IBUFCTRL_HPIOB_S_I_O)
                                                      0.000     0.501 r  i2c_aic_scl_iobuf/IBUFCTRL_INST/O
                         net (fo=1, routed)           1.766     2.267    hw_i/audio/axi_iic_0/U0/X_IIC/FILTER_I/SCL_DEBOUNCE/INPUT_DOUBLE_REGS/src_in
    SLICE_X11Y119        FDRE                                         r  hw_i/audio/axi_iic_0/U0/X_IIC/FILTER_I/SCL_DEBOUNCE/INPUT_DOUBLE_REGS/syncstages_ff_reg[0]/D
  -------------------------------------------------------------------    -------------------

                         (clock clk_pl_0 rise edge)
                                                      0.000     0.000 r  
    PS8_X0Y0             PS8                          0.000     0.000 r  hw_i/zynq_ultra_ps_e_0/inst/PS8_i/PLCLK[0]
                         net (fo=1, routed)           0.135     0.135    hw_i/zynq_ultra_ps_e_0/inst/pl_clk_unbuffered[0]
    BUFG_PS_X0Y67        BUFG_PS (Prop_BUFG_PS_I_O)
                                                      0.025     0.160 r  hw_i/zynq_ultra_ps_e_0/inst/buffer_pl_clk_0.PL_CLK_0_BUFG/O
    X0Y1 (CLOCK_ROOT)    net (fo=3796, routed)        1.600     1.760    hw_i/audio/axi_iic_0/U0/X_IIC/FILTER_I/SCL_DEBOUNCE/INPUT_DOUBLE_REGS/dest_clk
    SLICE_X11Y119        FDRE                                         r  hw_i/audio/axi_iic_0/U0/X_IIC/FILTER_I/SCL_DEBOUNCE/INPUT_DOUBLE_REGS/syncstages_ff_reg[0]/C

Slack:                    inf
  Source:                 i2c_aic_sda_io
                            (input port)
  Destination:            hw_i/audio/axi_iic_0/U0/X_IIC/FILTER_I/SDA_DEBOUNCE/INPUT_DOUBLE_REGS/syncstages_ff_reg[0]/D
                            (rising edge-triggered cell FDRE clocked by clk_pl_0  {rise@0.000ns fall@5.156ns period=10.312ns})
  Path Group:             (none)
  Path Type:              Setup (Max at Slow Process Corner)
  Data Path Delay:        2.250ns  (logic 0.502ns (22.319%)  route 1.748ns (77.681%))
  Logic Levels:           2  (IBUFCTRL=1 INBUF=1)
  Clock Path Skew:        1.803ns (DCD - SCD + CPR)
    Destination Clock Delay (DCD):    1.803ns
    Source Clock Delay      (SCD):    0.000ns
    Clock Pessimism Removal (CPR):    0.000ns
  Clock Uncertainty:      0.157ns  ((TSJ^2 + DJ^2)^1/2) / 2 + PE
    Total System Jitter     (TSJ):    0.050ns
    Discrete Jitter          (DJ):    0.310ns
    Phase Error              (PE):    0.000ns
  Clock Net Delay (Destination): 1.643ns (routing 0.683ns, distribution 0.960ns)
  Timing Exception:       False Path

    Location             Delay type                Incr(ns)  Path(ns)    Netlist Resource(s)
  -------------------------------------------------------------------    -------------------
    G5                                                0.000     0.000 r  i2c_aic_sda_io (INOUT)
                         net (fo=1, unset)            0.000     0.000    i2c_aic_sda_iobuf/IO
    G5                   INBUF (Prop_INBUF_HPIOB_M_PAD_O)
                                                      0.502     0.502 r  i2c_aic_sda_iobuf/INBUF_INST/O
                         net (fo=1, routed)           0.000     0.502    i2c_aic_sda_iobuf/OUT
    G5                   IBUFCTRL (Prop_IBUFCTRL_HPIOB_M_I_O)
                                                      0.000     0.502 r  i2c_aic_sda_iobuf/IBUFCTRL_INST/O
                         net (fo=1, routed)           1.748     2.250    hw_i/audio/axi_iic_0/U0/X_IIC/FILTER_I/SDA_DEBOUNCE/INPUT_DOUBLE_REGS/src_in
    SLICE_X12Y122        FDRE                                         r  hw_i/audio/axi_iic_0/U0/X_IIC/FILTER_I/SDA_DEBOUNCE/INPUT_DOUBLE_REGS/syncstages_ff_reg[0]/D
  -------------------------------------------------------------------    -------------------

                         (clock clk_pl_0 rise edge)
                                                      0.000     0.000 r  
    PS8_X0Y0             PS8                          0.000     0.000 r  hw_i/zynq_ultra_ps_e_0/inst/PS8_i/PLCLK[0]
                         net (fo=1, routed)           0.135     0.135    hw_i/zynq_ultra_ps_e_0/inst/pl_clk_unbuffered[0]
    BUFG_PS_X0Y67        BUFG_PS (Prop_BUFG_PS_I_O)
                                                      0.025     0.160 r  hw_i/zynq_ultra_ps_e_0/inst/buffer_pl_clk_0.PL_CLK_0_BUFG/O
    X0Y1 (CLOCK_ROOT)    net (fo=3796, routed)        1.643     1.803    hw_i/audio/axi_iic_0/U0/X_IIC/FILTER_I/SDA_DEBOUNCE/INPUT_DOUBLE_REGS/dest_clk
    SLICE_X12Y122        FDRE                                         r  hw_i/audio/axi_iic_0/U0/X_IIC/FILTER_I/SDA_DEBOUNCE/INPUT_DOUBLE_REGS/syncstages_ff_reg[0]/C

Slack:                    inf
  Source:                 hw_i/zynq_ultra_ps_e_0/inst/PS8_i/EMIOGPIOO[95]
                            (internal pin)
  Destination:            hw_i/rst_ps8_0_96M/U0/EXT_LPF/ACTIVE_LOW_EXT.ACT_LO_EXT/syncstages_ff_reg[0]/D
                            (rising edge-triggered cell FDRE clocked by clk_pl_0  {rise@0.000ns fall@5.156ns period=10.312ns})
  Path Group:             (none)
  Path Type:              Setup (Max at Slow Process Corner)
  Data Path Delay:        1.825ns  (logic 0.152ns (8.329%)  route 1.673ns (91.671%))
  Logic Levels:           1  (LUT1=1)
  Clock Uncertainty:      0.157ns  ((TSJ^2 + DJ^2)^1/2) / 2 + PE
    Total System Jitter     (TSJ):    0.050ns
    Discrete Jitter          (DJ):    0.310ns
    Phase Error              (PE):    0.000ns
  Clock Net Delay (Destination): 1.582ns (routing 0.683ns, distribution 0.899ns)
  Timing Exception:       False Path

    Location             Delay type                Incr(ns)  Path(ns)    Netlist Resource(s)
  -------------------------------------------------------------------    -------------------
    PS8_X0Y0             PS8                          0.000     0.000 f  hw_i/zynq_ultra_ps_e_0/inst/PS8_i/EMIOGPIOO[95]
                         net (fo=2, routed)           1.389     1.389    hw_i/rst_ps8_0_96M/U0/EXT_LPF/ext_reset_in
    SLICE_X1Y93          LUT1 (Prop_H6LUT_SLICEM_I0_O)
                                                      0.152     1.541 r  hw_i/rst_ps8_0_96M/U0/EXT_LPF/ACTIVE_LOW_EXT.ACT_LO_EXT_i_1/O
                         net (fo=1, routed)           0.284     1.825    hw_i/rst_ps8_0_96M/U0/EXT_LPF/ACTIVE_LOW_EXT.ACT_LO_EXT/src_in
    SLICE_X1Y93          FDRE                                         r  hw_i/rst_ps8_0_96M/U0/EXT_LPF/ACTIVE_LOW_EXT.ACT_LO_EXT/syncstages_ff_reg[0]/D
  -------------------------------------------------------------------    -------------------

                         (clock clk_pl_0 rise edge)
                                                      0.000     0.000 r  
    PS8_X0Y0             PS8                          0.000     0.000 r  hw_i/zynq_ultra_ps_e_0/inst/PS8_i/PLCLK[0]
                         net (fo=1, routed)           0.135     0.135    hw_i/zynq_ultra_ps_e_0/inst/pl_clk_unbuffered[0]
    BUFG_PS_X0Y67        BUFG_PS (Prop_BUFG_PS_I_O)
                                                      0.025     0.160 r  hw_i/zynq_ultra_ps_e_0/inst/buffer_pl_clk_0.PL_CLK_0_BUFG/O
    X0Y1 (CLOCK_ROOT)    net (fo=3796, routed)        1.582     1.742    hw_i/rst_ps8_0_96M/U0/EXT_LPF/ACTIVE_LOW_EXT.ACT_LO_EXT/dest_clk
    SLICE_X1Y93          FDRE                                         r  hw_i/rst_ps8_0_96M/U0/EXT_LPF/ACTIVE_LOW_EXT.ACT_LO_EXT/syncstages_ff_reg[0]/C





Min Delay Paths
--------------------------------------------------------------------------------------
Slack:                    inf
  Source:                 hw_i/zynq_ultra_ps_e_0/inst/PS8_i/EMIOGPIOO[95]
                            (internal pin)
  Destination:            hw_i/rst_ps8_0_96M/U0/EXT_LPF/ACTIVE_LOW_EXT.ACT_LO_EXT/syncstages_ff_reg[0]/D
                            (rising edge-triggered cell FDRE clocked by clk_pl_0  {rise@0.000ns fall@5.156ns period=10.312ns})
  Path Group:             (none)
  Path Type:              Hold (Min at Fast Process Corner)
  Data Path Delay:        0.904ns  (logic 0.061ns (6.749%)  route 0.843ns (93.251%))
  Logic Levels:           1  (LUT1=1)
  Clock Uncertainty:      0.157ns  ((TSJ^2 + DJ^2)^1/2) / 2 + PE
    Total System Jitter     (TSJ):    0.050ns
    Discrete Jitter          (DJ):    0.310ns
    Phase Error              (PE):    0.000ns
  Clock Net Delay (Destination): 1.107ns (routing 0.459ns, distribution 0.648ns)
  Timing Exception:       False Path

    Location             Delay type                Incr(ns)  Path(ns)    Netlist Resource(s)
  -------------------------------------------------------------------    -------------------
    PS8_X0Y0             PS8                          0.000     0.000 f  hw_i/zynq_ultra_ps_e_0/inst/PS8_i/EMIOGPIOO[95]
                         net (fo=2, routed)           0.728     0.728    hw_i/rst_ps8_0_96M/U0/EXT_LPF/ext_reset_in
    SLICE_X1Y93          LUT1 (Prop_H6LUT_SLICEM_I0_O)
                                                      0.061     0.789 r  hw_i/rst_ps8_0_96M/U0/EXT_LPF/ACTIVE_LOW_EXT.ACT_LO_EXT_i_1/O
                         net (fo=1, routed)           0.115     0.904    hw_i/rst_ps8_0_96M/U0/EXT_LPF/ACTIVE_LOW_EXT.ACT_LO_EXT/src_in
    SLICE_X1Y93          FDRE                                         r  hw_i/rst_ps8_0_96M/U0/EXT_LPF/ACTIVE_LOW_EXT.ACT_LO_EXT/syncstages_ff_reg[0]/D
  -------------------------------------------------------------------    -------------------

                         (clock clk_pl_0 rise edge)
                                                      0.000     0.000 r  
    PS8_X0Y0             PS8                          0.000     0.000 r  hw_i/zynq_ultra_ps_e_0/inst/PS8_i/PLCLK[0]
                         net (fo=1, routed)           0.120     0.120    hw_i/zynq_ultra_ps_e_0/inst/pl_clk_unbuffered[0]
    BUFG_PS_X0Y67        BUFG_PS (Prop_BUFG_PS_I_O)
                                                      0.018     0.138 r  hw_i/zynq_ultra_ps_e_0/inst/buffer_pl_clk_0.PL_CLK_0_BUFG/O
    X0Y1 (CLOCK_ROOT)    net (fo=3796, routed)        1.107     1.245    hw_i/rst_ps8_0_96M/U0/EXT_LPF/ACTIVE_LOW_EXT.ACT_LO_EXT/dest_clk
    SLICE_X1Y93          FDRE                                         r  hw_i/rst_ps8_0_96M/U0/EXT_LPF/ACTIVE_LOW_EXT.ACT_LO_EXT/syncstages_ff_reg[0]/C

Slack:                    inf
  Source:                 i2c_aic_sda_io
                            (input port)
  Destination:            hw_i/audio/axi_iic_0/U0/X_IIC/FILTER_I/SDA_DEBOUNCE/INPUT_DOUBLE_REGS/syncstages_ff_reg[0]/D
                            (rising edge-triggered cell FDRE clocked by clk_pl_0  {rise@0.000ns fall@5.156ns period=10.312ns})
  Path Group:             (none)
  Path Type:              Hold (Min at Fast Process Corner)
  Data Path Delay:        0.911ns  (logic 0.137ns (15.074%)  route 0.774ns (84.926%))
  Logic Levels:           2  (IBUFCTRL=1 INBUF=1)
  Clock Path Skew:        1.283ns (DCD - SCD - CPR)
    Destination Clock Delay (DCD):    1.283ns
    Source Clock Delay      (SCD):    0.000ns
    Clock Pessimism Removal (CPR):    -0.000ns
  Clock Net Delay (Destination): 1.145ns (routing 0.459ns, distribution 0.686ns)
  Timing Exception:       False Path

    Location             Delay type                Incr(ns)  Path(ns)    Netlist Resource(s)
  -------------------------------------------------------------------    -------------------
    G5                                                0.000     0.000 r  i2c_aic_sda_io (INOUT)
                         net (fo=1, unset)            0.000     0.000    i2c_aic_sda_iobuf/IO
    G5                   INBUF (Prop_INBUF_HPIOB_M_PAD_O)
                                                      0.137     0.137 r  i2c_aic_sda_iobuf/INBUF_INST/O
                         net (fo=1, routed)           0.000     0.137    i2c_aic_sda_iobuf/OUT
    G5                   IBUFCTRL (Prop_IBUFCTRL_HPIOB_M_I_O)
                                                      0.000     0.137 r  i2c_aic_sda_iobuf/IBUFCTRL_INST/O
                         net (fo=1, routed)           0.774     0.911    hw_i/audio/axi_iic_0/U0/X_IIC/FILTER_I/SDA_DEBOUNCE/INPUT_DOUBLE_REGS/src_in
    SLICE_X12Y122        FDRE                                         r  hw_i/audio/axi_iic_0/U0/X_IIC/FILTER_I/SDA_DEBOUNCE/INPUT_DOUBLE_REGS/syncstages_ff_reg[0]/D
  -------------------------------------------------------------------    -------------------

                         (clock clk_pl_0 rise edge)
                                                      0.000     0.000 r  
    PS8_X0Y0             PS8                          0.000     0.000 r  hw_i/zynq_ultra_ps_e_0/inst/PS8_i/PLCLK[0]
                         net (fo=1, routed)           0.120     0.120    hw_i/zynq_ultra_ps_e_0/inst/pl_clk_unbuffered[0]
    BUFG_PS_X0Y67        BUFG_PS (Prop_BUFG_PS_I_O)
                                                      0.018     0.138 r  hw_i/zynq_ultra_ps_e_0/inst/buffer_pl_clk_0.PL_CLK_0_BUFG/O
    X0Y1 (CLOCK_ROOT)    net (fo=3796, routed)        1.145     1.283    hw_i/audio/axi_iic_0/U0/X_IIC/FILTER_I/SDA_DEBOUNCE/INPUT_DOUBLE_REGS/dest_clk
    SLICE_X12Y122        FDRE                                         r  hw_i/audio/axi_iic_0/U0/X_IIC/FILTER_I/SDA_DEBOUNCE/INPUT_DOUBLE_REGS/syncstages_ff_reg[0]/C

Slack:                    inf
  Source:                 i2c_aic_scl_io
                            (input port)
  Destination:            hw_i/audio/axi_iic_0/U0/X_IIC/FILTER_I/SCL_DEBOUNCE/INPUT_DOUBLE_REGS/syncstages_ff_reg[0]/D
                            (rising edge-triggered cell FDRE clocked by clk_pl_0  {rise@0.000ns fall@5.156ns period=10.312ns})
  Path Group:             (none)
  Path Type:              Hold (Min at Fast Process Corner)
  Data Path Delay:        0.934ns  (logic 0.137ns (14.632%)  route 0.797ns (85.368%))
  Logic Levels:           2  (IBUFCTRL=1 INBUF=1)
  Clock Path Skew:        1.259ns (DCD - SCD - CPR)
    Destination Clock Delay (DCD):    1.259ns
    Source Clock Delay      (SCD):    0.000ns
    Clock Pessimism Removal (CPR):    -0.000ns
  Clock Net Delay (Destination): 1.121ns (routing 0.459ns, distribution 0.662ns)
  Timing Exception:       False Path

    Location             Delay type                Incr(ns)  Path(ns)    Netlist Resource(s)
  -------------------------------------------------------------------    -------------------
    F5                                                0.000     0.000 r  i2c_aic_scl_io (INOUT)
                         net (fo=1, unset)            0.000     0.000    i2c_aic_scl_iobuf/IO
    F5                   INBUF (Prop_INBUF_HPIOB_S_PAD_O)
                                                      0.137     0.137 r  i2c_aic_scl_iobuf/INBUF_INST/O
                         net (fo=1, routed)           0.000     0.137    i2c_aic_scl_iobuf/OUT
    F5                   IBUFCTRL (Prop_IBUFCTRL_HPIOB_S_I_O)
                                                      0.000     0.137 r  i2c_aic_scl_iobuf/IBUFCTRL_INST/O
                         net (fo=1, routed)           0.797     0.934    hw_i/audio/axi_iic_0/U0/X_IIC/FILTER_I/SCL_DEBOUNCE/INPUT_DOUBLE_REGS/src_in
    SLICE_X11Y119        FDRE                                         r  hw_i/audio/axi_iic_0/U0/X_IIC/FILTER_I/SCL_DEBOUNCE/INPUT_DOUBLE_REGS/syncstages_ff_reg[0]/D
  -------------------------------------------------------------------    -------------------

                         (clock clk_pl_0 rise edge)
                                                      0.000     0.000 r  
    PS8_X0Y0             PS8                          0.000     0.000 r  hw_i/zynq_ultra_ps_e_0/inst/PS8_i/PLCLK[0]
                         net (fo=1, routed)           0.120     0.120    hw_i/zynq_ultra_ps_e_0/inst/pl_clk_unbuffered[0]
    BUFG_PS_X0Y67        BUFG_PS (Prop_BUFG_PS_I_O)
                                                      0.018     0.138 r  hw_i/zynq_ultra_ps_e_0/inst/buffer_pl_clk_0.PL_CLK_0_BUFG/O
    X0Y1 (CLOCK_ROOT)    net (fo=3796, routed)        1.121     1.259    hw_i/audio/axi_iic_0/U0/X_IIC/FILTER_I/SCL_DEBOUNCE/INPUT_DOUBLE_REGS/dest_clk
    SLICE_X11Y119        FDRE                                         r  hw_i/audio/axi_iic_0/U0/X_IIC/FILTER_I/SCL_DEBOUNCE/INPUT_DOUBLE_REGS/syncstages_ff_reg[0]/C





--------------------------------------------------------------------------------------
Path Group:  (none)
From Clock:  clk_out1_hw_clk_wiz_0_0
  To Clock:  clk_pl_0

Max Delay             2 Endpoints
Min Delay            64 Endpoints
--------------------------------------------------------------------------------------


Max Delay Paths
--------------------------------------------------------------------------------------
Slack:                    inf
  Source:                 hw_i/audio/aic3104_dma_wrapper_0/inst/aic3104_dma/rx_fifo/gnuram_async_fifo.xpm_fifo_base_inst/xpm_fifo_rst_inst/gen_rst_ic.fifo_wr_rst_ic_reg/C
                            (rising edge-triggered cell FDRE clocked by clk_out1_hw_clk_wiz_0_0  {rise@0.000ns fall@40.685ns period=81.369ns})
  Destination:            hw_i/audio/aic3104_dma_wrapper_0/inst/aic3104_dma/rx_fifo/gnuram_async_fifo.xpm_fifo_base_inst/xpm_fifo_rst_inst/gen_rst_ic.wrst_rd_inst/syncstages_ff_reg[0]/D
                            (rising edge-triggered cell FDRE clocked by clk_pl_0  {rise@0.000ns fall@5.156ns period=10.312ns})
  Path Group:             (none)
  Path Type:              Setup (Max at Slow Process Corner)
  Data Path Delay:        0.521ns  (logic 0.079ns (15.155%)  route 0.442ns (84.845%))
  Logic Levels:           0  
  Clock Path Skew:        -2.208ns (DCD - SCD + CPR)
    Destination Clock Delay (DCD):    1.720ns
    Source Clock Delay      (SCD):    3.928ns
    Clock Pessimism Removal (CPR):    0.000ns
  Clock Uncertainty:      0.320ns  ((TSJ^2 + DJ^2)^1/2) / 2 + PE
    Total System Jitter     (TSJ):    0.071ns
    Discrete Jitter          (DJ):    0.310ns
    Phase Error              (PE):    0.161ns
  Clock Net Delay (Source):      1.988ns (routing 0.970ns, distribution 1.018ns)
  Clock Net Delay (Destination): 1.560ns (routing 0.683ns, distribution 0.877ns)
  Timing Exception:       False Path

    Location             Delay type                Incr(ns)  Path(ns)    Netlist Resource(s)
  -------------------------------------------------------------------    -------------------
                         (clock clk_out1_hw_clk_wiz_0_0 rise edge)
                                                      0.000     0.000 r  
    BUFG_PS_X0Y67        BUFG_PS                      0.000     0.000 r  hw_i/zynq_ultra_ps_e_0/inst/buffer_pl_clk_0.PL_CLK_0_BUFG/O
                         net (fo=3796, routed)        1.794     1.794    hw_i/audio/clk_wiz_0/inst/clk_in1
    MMCM_X0Y2            MMCME4_ADV (Prop_MMCM_CLKIN1_CLKOUT0)
                                                     -0.127     1.667 r  hw_i/audio/clk_wiz_0/inst/mmcme4_adv_inst/CLKOUT0
                         net (fo=1, routed)           0.245     1.912    hw_i/audio/clk_wiz_0/inst/clk_out1_hw_clk_wiz_0_0
    BUFGCE_X0Y66         BUFGCE (Prop_BUFCE_BUFGCE_I_O)
                                                      0.028     1.940 r  hw_i/audio/clk_wiz_0/inst/clkout1_buf/O
    X0Y1 (CLOCK_ROOT)    net (fo=444, routed)         1.988     3.928    hw_i/audio/aic3104_dma_wrapper_0/inst/aic3104_dma/rx_fifo/gnuram_async_fifo.xpm_fifo_base_inst/xpm_fifo_rst_inst/wr_clk
    SLICE_X22Y48         FDRE                                         r  hw_i/audio/aic3104_dma_wrapper_0/inst/aic3104_dma/rx_fifo/gnuram_async_fifo.xpm_fifo_base_inst/xpm_fifo_rst_inst/gen_rst_ic.fifo_wr_rst_ic_reg/C
  -------------------------------------------------------------------    -------------------
    SLICE_X22Y48         FDRE (Prop_DFF_SLICEL_C_Q)
                                                      0.079     4.007 r  hw_i/audio/aic3104_dma_wrapper_0/inst/aic3104_dma/rx_fifo/gnuram_async_fifo.xpm_fifo_base_inst/xpm_fifo_rst_inst/gen_rst_ic.fifo_wr_rst_ic_reg/Q
                         net (fo=2, routed)           0.442     4.449    hw_i/audio/aic3104_dma_wrapper_0/inst/aic3104_dma/rx_fifo/gnuram_async_fifo.xpm_fifo_base_inst/xpm_fifo_rst_inst/gen_rst_ic.wrst_rd_inst/src_rst
    SLICE_X18Y44         FDRE                                         r  hw_i/audio/aic3104_dma_wrapper_0/inst/aic3104_dma/rx_fifo/gnuram_async_fifo.xpm_fifo_base_inst/xpm_fifo_rst_inst/gen_rst_ic.wrst_rd_inst/syncstages_ff_reg[0]/D
  -------------------------------------------------------------------    -------------------

                         (clock clk_pl_0 rise edge)
                                                      0.000     0.000 r  
    PS8_X0Y0             PS8                          0.000     0.000 r  hw_i/zynq_ultra_ps_e_0/inst/PS8_i/PLCLK[0]
                         net (fo=1, routed)           0.135     0.135    hw_i/zynq_ultra_ps_e_0/inst/pl_clk_unbuffered[0]
    BUFG_PS_X0Y67        BUFG_PS (Prop_BUFG_PS_I_O)
                                                      0.025     0.160 r  hw_i/zynq_ultra_ps_e_0/inst/buffer_pl_clk_0.PL_CLK_0_BUFG/O
    X0Y1 (CLOCK_ROOT)    net (fo=3796, routed)        1.560     1.720    hw_i/audio/aic3104_dma_wrapper_0/inst/aic3104_dma/rx_fifo/gnuram_async_fifo.xpm_fifo_base_inst/xpm_fifo_rst_inst/gen_rst_ic.wrst_rd_inst/dest_clk
    SLICE_X18Y44         FDRE                                         r  hw_i/audio/aic3104_dma_wrapper_0/inst/aic3104_dma/rx_fifo/gnuram_async_fifo.xpm_fifo_base_inst/xpm_fifo_rst_inst/gen_rst_ic.wrst_rd_inst/syncstages_ff_reg[0]/C

Slack:                    inf
  Source:                 hw_i/audio/aic3104_dma_wrapper_0/inst/aic3104_dma/tx_fifo/gnuram_async_fifo.xpm_fifo_base_inst/xpm_fifo_rst_inst/gen_rst_ic.fifo_rd_rst_ic_reg/C
                            (rising edge-triggered cell FDRE clocked by clk_out1_hw_clk_wiz_0_0  {rise@0.000ns fall@40.685ns period=81.369ns})
  Destination:            hw_i/audio/aic3104_dma_wrapper_0/inst/aic3104_dma/tx_fifo/gnuram_async_fifo.xpm_fifo_base_inst/xpm_fifo_rst_inst/gen_rst_ic.rrst_wr_inst/syncstages_ff_reg[0]/D
                            (rising edge-triggered cell FDRE clocked by clk_pl_0  {rise@0.000ns fall@5.156ns period=10.312ns})
  Path Group:             (none)
  Path Type:              Setup (Max at Slow Process Corner)
  Data Path Delay:        0.422ns  (logic 0.078ns (18.484%)  route 0.344ns (81.516%))
  Logic Levels:           0  
  Clock Path Skew:        -2.196ns (DCD - SCD + CPR)
    Destination Clock Delay (DCD):    1.717ns
    Source Clock Delay      (SCD):    3.913ns
    Clock Pessimism Removal (CPR):    0.000ns
  Clock Uncertainty:      0.320ns  ((TSJ^2 + DJ^2)^1/2) / 2 + PE
    Total System Jitter     (TSJ):    0.071ns
    Discrete Jitter          (DJ):    0.310ns
    Phase Error              (PE):    0.161ns
  Clock Net Delay (Source):      1.973ns (routing 0.970ns, distribution 1.003ns)
  Clock Net Delay (Destination): 1.557ns (routing 0.683ns, distribution 0.874ns)
  Timing Exception:       False Path

    Location             Delay type                Incr(ns)  Path(ns)    Netlist Resource(s)
  -------------------------------------------------------------------    -------------------
                         (clock clk_out1_hw_clk_wiz_0_0 rise edge)
                                                      0.000     0.000 r  
    BUFG_PS_X0Y67        BUFG_PS                      0.000     0.000 r  hw_i/zynq_ultra_ps_e_0/inst/buffer_pl_clk_0.PL_CLK_0_BUFG/O
                         net (fo=3796, routed)        1.794     1.794    hw_i/audio/clk_wiz_0/inst/clk_in1
    MMCM_X0Y2            MMCME4_ADV (Prop_MMCM_CLKIN1_CLKOUT0)
                                                     -0.127     1.667 r  hw_i/audio/clk_wiz_0/inst/mmcme4_adv_inst/CLKOUT0
                         net (fo=1, routed)           0.245     1.912    hw_i/audio/clk_wiz_0/inst/clk_out1_hw_clk_wiz_0_0
    BUFGCE_X0Y66         BUFGCE (Prop_BUFCE_BUFGCE_I_O)
                                                      0.028     1.940 r  hw_i/audio/clk_wiz_0/inst/clkout1_buf/O
    X0Y1 (CLOCK_ROOT)    net (fo=444, routed)         1.973     3.913    hw_i/audio/aic3104_dma_wrapper_0/inst/aic3104_dma/tx_fifo/gnuram_async_fifo.xpm_fifo_base_inst/xpm_fifo_rst_inst/rd_clk
    SLICE_X20Y65         FDRE                                         r  hw_i/audio/aic3104_dma_wrapper_0/inst/aic3104_dma/tx_fifo/gnuram_async_fifo.xpm_fifo_base_inst/xpm_fifo_rst_inst/gen_rst_ic.fifo_rd_rst_ic_reg/C
  -------------------------------------------------------------------    -------------------
    SLICE_X20Y65         FDRE (Prop_BFF_SLICEM_C_Q)
                                                      0.078     3.991 r  hw_i/audio/aic3104_dma_wrapper_0/inst/aic3104_dma/tx_fifo/gnuram_async_fifo.xpm_fifo_base_inst/xpm_fifo_rst_inst/gen_rst_ic.fifo_rd_rst_ic_reg/Q
                         net (fo=78, routed)          0.344     4.335    hw_i/audio/aic3104_dma_wrapper_0/inst/aic3104_dma/tx_fifo/gnuram_async_fifo.xpm_fifo_base_inst/xpm_fifo_rst_inst/gen_rst_ic.rrst_wr_inst/src_rst
    SLICE_X20Y68         FDRE                                         r  hw_i/audio/aic3104_dma_wrapper_0/inst/aic3104_dma/tx_fifo/gnuram_async_fifo.xpm_fifo_base_inst/xpm_fifo_rst_inst/gen_rst_ic.rrst_wr_inst/syncstages_ff_reg[0]/D
  -------------------------------------------------------------------    -------------------

                         (clock clk_pl_0 rise edge)
                                                      0.000     0.000 r  
    PS8_X0Y0             PS8                          0.000     0.000 r  hw_i/zynq_ultra_ps_e_0/inst/PS8_i/PLCLK[0]
                         net (fo=1, routed)           0.135     0.135    hw_i/zynq_ultra_ps_e_0/inst/pl_clk_unbuffered[0]
    BUFG_PS_X0Y67        BUFG_PS (Prop_BUFG_PS_I_O)
                                                      0.025     0.160 r  hw_i/zynq_ultra_ps_e_0/inst/buffer_pl_clk_0.PL_CLK_0_BUFG/O
    X0Y1 (CLOCK_ROOT)    net (fo=3796, routed)        1.557     1.717    hw_i/audio/aic3104_dma_wrapper_0/inst/aic3104_dma/tx_fifo/gnuram_async_fifo.xpm_fifo_base_inst/xpm_fifo_rst_inst/gen_rst_ic.rrst_wr_inst/dest_clk
    SLICE_X20Y68         FDRE                                         r  hw_i/audio/aic3104_dma_wrapper_0/inst/aic3104_dma/tx_fifo/gnuram_async_fifo.xpm_fifo_base_inst/xpm_fifo_rst_inst/gen_rst_ic.rrst_wr_inst/syncstages_ff_reg[0]/C





Min Delay Paths
--------------------------------------------------------------------------------------
Slack:                    inf
  Source:                 hw_i/audio/aic3104_dma_wrapper_0/inst/aic3104_dma/tx_fifo/gnuram_async_fifo.xpm_fifo_base_inst/gen_cdc_pntr.rd_pntr_cdc_inst/src_gray_ff_reg[0]/C
                            (rising edge-triggered cell FDRE clocked by clk_out1_hw_clk_wiz_0_0  {rise@0.000ns fall@40.685ns period=81.369ns})
  Destination:            hw_i/audio/aic3104_dma_wrapper_0/inst/aic3104_dma/tx_fifo/gnuram_async_fifo.xpm_fifo_base_inst/gen_cdc_pntr.rd_pntr_cdc_inst/dest_graysync_ff_reg[0][0]/D
                            (rising edge-triggered cell FDRE clocked by clk_pl_0  {rise@0.000ns fall@5.156ns period=10.312ns})
  Path Group:             (none)
  Path Type:              Hold (Min at Fast Process Corner)
  Data Path Delay:        0.101ns  (logic 0.039ns (38.614%)  route 0.062ns (61.386%))
  Logic Levels:           0  
  Clock Path Skew:        -1.227ns (DCD - SCD - CPR)
    Destination Clock Delay (DCD):    1.227ns
    Source Clock Delay      (SCD):    2.454ns
    Clock Pessimism Removal (CPR):    -0.000ns
  Clock Uncertainty:      0.320ns  ((TSJ^2 + DJ^2)^1/2) / 2 + PE
    Total System Jitter     (TSJ):    0.071ns
    Discrete Jitter          (DJ):    0.310ns
    Phase Error              (PE):    0.161ns
  Clock Net Delay (Source):      1.082ns (routing 0.529ns, distribution 0.553ns)
  Clock Net Delay (Destination): 1.089ns (routing 0.459ns, distribution 0.630ns)
  Timing Exception:       False Path

    Location             Delay type                Incr(ns)  Path(ns)    Netlist Resource(s)
  -------------------------------------------------------------------    -------------------
                         (clock clk_out1_hw_clk_wiz_0_0 rise edge)
                                                      0.000     0.000 r  
    BUFG_PS_X0Y67        BUFG_PS                      0.000     0.000 r  hw_i/zynq_ultra_ps_e_0/inst/buffer_pl_clk_0.PL_CLK_0_BUFG/O
                         net (fo=3796, routed)        0.979     0.979    hw_i/audio/clk_wiz_0/inst/clk_in1
    MMCM_X0Y2            MMCME4_ADV (Prop_MMCM_CLKIN1_CLKOUT0)
                                                      0.230     1.209 r  hw_i/audio/clk_wiz_0/inst/mmcme4_adv_inst/CLKOUT0
                         net (fo=1, routed)           0.146     1.355    hw_i/audio/clk_wiz_0/inst/clk_out1_hw_clk_wiz_0_0
    BUFGCE_X0Y66         BUFGCE (Prop_BUFCE_BUFGCE_I_O)
                                                      0.017     1.372 r  hw_i/audio/clk_wiz_0/inst/clkout1_buf/O
    X0Y1 (CLOCK_ROOT)    net (fo=444, routed)         1.082     2.454    hw_i/audio/aic3104_dma_wrapper_0/inst/aic3104_dma/tx_fifo/gnuram_async_fifo.xpm_fifo_base_inst/gen_cdc_pntr.rd_pntr_cdc_inst/src_clk
    SLICE_X19Y64         FDRE                                         r  hw_i/audio/aic3104_dma_wrapper_0/inst/aic3104_dma/tx_fifo/gnuram_async_fifo.xpm_fifo_base_inst/gen_cdc_pntr.rd_pntr_cdc_inst/src_gray_ff_reg[0]/C
  -------------------------------------------------------------------    -------------------
    SLICE_X19Y64         FDRE (Prop_HFF_SLICEM_C_Q)
                                                      0.039     2.493 r  hw_i/audio/aic3104_dma_wrapper_0/inst/aic3104_dma/tx_fifo/gnuram_async_fifo.xpm_fifo_base_inst/gen_cdc_pntr.rd_pntr_cdc_inst/src_gray_ff_reg[0]/Q
                         net (fo=1, routed)           0.062     2.555    hw_i/audio/aic3104_dma_wrapper_0/inst/aic3104_dma/tx_fifo/gnuram_async_fifo.xpm_fifo_base_inst/gen_cdc_pntr.rd_pntr_cdc_inst/async_path[0]
    SLICE_X19Y65         FDRE                                         r  hw_i/audio/aic3104_dma_wrapper_0/inst/aic3104_dma/tx_fifo/gnuram_async_fifo.xpm_fifo_base_inst/gen_cdc_pntr.rd_pntr_cdc_inst/dest_graysync_ff_reg[0][0]/D
  -------------------------------------------------------------------    -------------------

                         (clock clk_pl_0 rise edge)
                                                      0.000     0.000 r  
    PS8_X0Y0             PS8                          0.000     0.000 r  hw_i/zynq_ultra_ps_e_0/inst/PS8_i/PLCLK[0]
                         net (fo=1, routed)           0.120     0.120    hw_i/zynq_ultra_ps_e_0/inst/pl_clk_unbuffered[0]
    BUFG_PS_X0Y67        BUFG_PS (Prop_BUFG_PS_I_O)
                                                      0.018     0.138 r  hw_i/zynq_ultra_ps_e_0/inst/buffer_pl_clk_0.PL_CLK_0_BUFG/O
    X0Y1 (CLOCK_ROOT)    net (fo=3796, routed)        1.089     1.227    hw_i/audio/aic3104_dma_wrapper_0/inst/aic3104_dma/tx_fifo/gnuram_async_fifo.xpm_fifo_base_inst/gen_cdc_pntr.rd_pntr_cdc_inst/dest_clk
    SLICE_X19Y65         FDRE                                         r  hw_i/audio/aic3104_dma_wrapper_0/inst/aic3104_dma/tx_fifo/gnuram_async_fifo.xpm_fifo_base_inst/gen_cdc_pntr.rd_pntr_cdc_inst/dest_graysync_ff_reg[0][0]/C

Slack:                    inf
  Source:                 hw_i/audio/aic3104_dma_wrapper_0/inst/aic3104_dma/tx_fifo/gnuram_async_fifo.xpm_fifo_base_inst/gen_cdc_pntr.rd_pntr_cdc_inst/src_gray_ff_reg[4]/C
                            (rising edge-triggered cell FDRE clocked by clk_out1_hw_clk_wiz_0_0  {rise@0.000ns fall@40.685ns period=81.369ns})
  Destination:            hw_i/audio/aic3104_dma_wrapper_0/inst/aic3104_dma/tx_fifo/gnuram_async_fifo.xpm_fifo_base_inst/gen_cdc_pntr.rd_pntr_cdc_inst/dest_graysync_ff_reg[0][4]/D
                            (rising edge-triggered cell FDRE clocked by clk_pl_0  {rise@0.000ns fall@5.156ns period=10.312ns})
  Path Group:             (none)
  Path Type:              Hold (Min at Fast Process Corner)
  Data Path Delay:        0.105ns  (logic 0.039ns (37.143%)  route 0.066ns (62.857%))
  Logic Levels:           0  
  Clock Path Skew:        -1.228ns (DCD - SCD - CPR)
    Destination Clock Delay (DCD):    1.226ns
    Source Clock Delay      (SCD):    2.454ns
    Clock Pessimism Removal (CPR):    -0.000ns
  Clock Uncertainty:      0.320ns  ((TSJ^2 + DJ^2)^1/2) / 2 + PE
    Total System Jitter     (TSJ):    0.071ns
    Discrete Jitter          (DJ):    0.310ns
    Phase Error              (PE):    0.161ns
  Clock Net Delay (Source):      1.082ns (routing 0.529ns, distribution 0.553ns)
  Clock Net Delay (Destination): 1.088ns (routing 0.459ns, distribution 0.629ns)
  Timing Exception:       False Path

    Location             Delay type                Incr(ns)  Path(ns)    Netlist Resource(s)
  -------------------------------------------------------------------    -------------------
                         (clock clk_out1_hw_clk_wiz_0_0 rise edge)
                                                      0.000     0.000 r  
    BUFG_PS_X0Y67        BUFG_PS                      0.000     0.000 r  hw_i/zynq_ultra_ps_e_0/inst/buffer_pl_clk_0.PL_CLK_0_BUFG/O
                         net (fo=3796, routed)        0.979     0.979    hw_i/audio/clk_wiz_0/inst/clk_in1
    MMCM_X0Y2            MMCME4_ADV (Prop_MMCM_CLKIN1_CLKOUT0)
                                                      0.230     1.209 r  hw_i/audio/clk_wiz_0/inst/mmcme4_adv_inst/CLKOUT0
                         net (fo=1, routed)           0.146     1.355    hw_i/audio/clk_wiz_0/inst/clk_out1_hw_clk_wiz_0_0
    BUFGCE_X0Y66         BUFGCE (Prop_BUFCE_BUFGCE_I_O)
                                                      0.017     1.372 r  hw_i/audio/clk_wiz_0/inst/clkout1_buf/O
    X0Y1 (CLOCK_ROOT)    net (fo=444, routed)         1.082     2.454    hw_i/audio/aic3104_dma_wrapper_0/inst/aic3104_dma/tx_fifo/gnuram_async_fifo.xpm_fifo_base_inst/gen_cdc_pntr.rd_pntr_cdc_inst/src_clk
    SLICE_X19Y63         FDRE                                         r  hw_i/audio/aic3104_dma_wrapper_0/inst/aic3104_dma/tx_fifo/gnuram_async_fifo.xpm_fifo_base_inst/gen_cdc_pntr.rd_pntr_cdc_inst/src_gray_ff_reg[4]/C
  -------------------------------------------------------------------    -------------------
    SLICE_X19Y63         FDRE (Prop_GFF_SLICEM_C_Q)
                                                      0.039     2.493 r  hw_i/audio/aic3104_dma_wrapper_0/inst/aic3104_dma/tx_fifo/gnuram_async_fifo.xpm_fifo_base_inst/gen_cdc_pntr.rd_pntr_cdc_inst/src_gray_ff_reg[4]/Q
                         net (fo=1, routed)           0.066     2.559    hw_i/audio/aic3104_dma_wrapper_0/inst/aic3104_dma/tx_fifo/gnuram_async_fifo.xpm_fifo_base_inst/gen_cdc_pntr.rd_pntr_cdc_inst/async_path[4]
    SLICE_X19Y63         FDRE                                         r  hw_i/audio/aic3104_dma_wrapper_0/inst/aic3104_dma/tx_fifo/gnuram_async_fifo.xpm_fifo_base_inst/gen_cdc_pntr.rd_pntr_cdc_inst/dest_graysync_ff_reg[0][4]/D
  -------------------------------------------------------------------    -------------------

                         (clock clk_pl_0 rise edge)
                                                      0.000     0.000 r  
    PS8_X0Y0             PS8                          0.000     0.000 r  hw_i/zynq_ultra_ps_e_0/inst/PS8_i/PLCLK[0]
                         net (fo=1, routed)           0.120     0.120    hw_i/zynq_ultra_ps_e_0/inst/pl_clk_unbuffered[0]
    BUFG_PS_X0Y67        BUFG_PS (Prop_BUFG_PS_I_O)
                                                      0.018     0.138 r  hw_i/zynq_ultra_ps_e_0/inst/buffer_pl_clk_0.PL_CLK_0_BUFG/O
    X0Y1 (CLOCK_ROOT)    net (fo=3796, routed)        1.088     1.226    hw_i/audio/aic3104_dma_wrapper_0/inst/aic3104_dma/tx_fifo/gnuram_async_fifo.xpm_fifo_base_inst/gen_cdc_pntr.rd_pntr_cdc_inst/dest_clk
    SLICE_X19Y63         FDRE                                         r  hw_i/audio/aic3104_dma_wrapper_0/inst/aic3104_dma/tx_fifo/gnuram_async_fifo.xpm_fifo_base_inst/gen_cdc_pntr.rd_pntr_cdc_inst/dest_graysync_ff_reg[0][4]/C

Slack:                    inf
  Source:                 hw_i/audio/aic3104_dma_wrapper_0/inst/aic3104_dma/rx_fifo/gnuram_async_fifo.xpm_fifo_base_inst/gen_cdc_pntr.wr_pntr_cdc_dc_inst/src_gray_ff_reg[5]/C
                            (rising edge-triggered cell FDRE clocked by clk_out1_hw_clk_wiz_0_0  {rise@0.000ns fall@40.685ns period=81.369ns})
  Destination:            hw_i/audio/aic3104_dma_wrapper_0/inst/aic3104_dma/rx_fifo/gnuram_async_fifo.xpm_fifo_base_inst/gen_cdc_pntr.wr_pntr_cdc_dc_inst/dest_graysync_ff_reg[0][5]/D
                            (rising edge-triggered cell FDRE clocked by clk_pl_0  {rise@0.000ns fall@5.156ns period=10.312ns})
  Path Group:             (none)
  Path Type:              Hold (Min at Fast Process Corner)
  Data Path Delay:        0.096ns  (logic 0.040ns (41.667%)  route 0.056ns (58.333%))
  Logic Levels:           0  
  Clock Path Skew:        -1.224ns (DCD - SCD - CPR)
    Destination Clock Delay (DCD):    1.243ns
    Source Clock Delay      (SCD):    2.467ns
    Clock Pessimism Removal (CPR):    -0.000ns
  Clock Uncertainty:      0.320ns  ((TSJ^2 + DJ^2)^1/2) / 2 + PE
    Total System Jitter     (TSJ):    0.071ns
    Discrete Jitter          (DJ):    0.310ns
    Phase Error              (PE):    0.161ns
  Clock Net Delay (Source):      1.095ns (routing 0.529ns, distribution 0.566ns)
  Clock Net Delay (Destination): 1.105ns (routing 0.459ns, distribution 0.646ns)
  Timing Exception:       False Path

    Location             Delay type                Incr(ns)  Path(ns)    Netlist Resource(s)
  -------------------------------------------------------------------    -------------------
                         (clock clk_out1_hw_clk_wiz_0_0 rise edge)
                                                      0.000     0.000 r  
    BUFG_PS_X0Y67        BUFG_PS                      0.000     0.000 r  hw_i/zynq_ultra_ps_e_0/inst/buffer_pl_clk_0.PL_CLK_0_BUFG/O
                         net (fo=3796, routed)        0.979     0.979    hw_i/audio/clk_wiz_0/inst/clk_in1
    MMCM_X0Y2            MMCME4_ADV (Prop_MMCM_CLKIN1_CLKOUT0)
                                                      0.230     1.209 r  hw_i/audio/clk_wiz_0/inst/mmcme4_adv_inst/CLKOUT0
                         net (fo=1, routed)           0.146     1.355    hw_i/audio/clk_wiz_0/inst/clk_out1_hw_clk_wiz_0_0
    BUFGCE_X0Y66         BUFGCE (Prop_BUFCE_BUFGCE_I_O)
                                                      0.017     1.372 r  hw_i/audio/clk_wiz_0/inst/clkout1_buf/O
    X0Y1 (CLOCK_ROOT)    net (fo=444, routed)         1.095     2.467    hw_i/audio/aic3104_dma_wrapper_0/inst/aic3104_dma/rx_fifo/gnuram_async_fifo.xpm_fifo_base_inst/gen_cdc_pntr.wr_pntr_cdc_dc_inst/src_clk
    SLICE_X17Y40         FDRE                                         r  hw_i/audio/aic3104_dma_wrapper_0/inst/aic3104_dma/rx_fifo/gnuram_async_fifo.xpm_fifo_base_inst/gen_cdc_pntr.wr_pntr_cdc_dc_inst/src_gray_ff_reg[5]/C
  -------------------------------------------------------------------    -------------------
    SLICE_X17Y40         FDRE (Prop_GFF2_SLICEL_C_Q)
                                                      0.040     2.507 r  hw_i/audio/aic3104_dma_wrapper_0/inst/aic3104_dma/rx_fifo/gnuram_async_fifo.xpm_fifo_base_inst/gen_cdc_pntr.wr_pntr_cdc_dc_inst/src_gray_ff_reg[5]/Q
                         net (fo=1, routed)           0.056     2.563    hw_i/audio/aic3104_dma_wrapper_0/inst/aic3104_dma/rx_fifo/gnuram_async_fifo.xpm_fifo_base_inst/gen_cdc_pntr.wr_pntr_cdc_dc_inst/async_path[5]
    SLICE_X17Y41         FDRE                                         r  hw_i/audio/aic3104_dma_wrapper_0/inst/aic3104_dma/rx_fifo/gnuram_async_fifo.xpm_fifo_base_inst/gen_cdc_pntr.wr_pntr_cdc_dc_inst/dest_graysync_ff_reg[0][5]/D
  -------------------------------------------------------------------    -------------------

                         (clock clk_pl_0 rise edge)
                                                      0.000     0.000 r  
    PS8_X0Y0             PS8                          0.000     0.000 r  hw_i/zynq_ultra_ps_e_0/inst/PS8_i/PLCLK[0]
                         net (fo=1, routed)           0.120     0.120    hw_i/zynq_ultra_ps_e_0/inst/pl_clk_unbuffered[0]
    BUFG_PS_X0Y67        BUFG_PS (Prop_BUFG_PS_I_O)
                                                      0.018     0.138 r  hw_i/zynq_ultra_ps_e_0/inst/buffer_pl_clk_0.PL_CLK_0_BUFG/O
    X0Y1 (CLOCK_ROOT)    net (fo=3796, routed)        1.105     1.243    hw_i/audio/aic3104_dma_wrapper_0/inst/aic3104_dma/rx_fifo/gnuram_async_fifo.xpm_fifo_base_inst/gen_cdc_pntr.wr_pntr_cdc_dc_inst/dest_clk
    SLICE_X17Y41         FDRE                                         r  hw_i/audio/aic3104_dma_wrapper_0/inst/aic3104_dma/rx_fifo/gnuram_async_fifo.xpm_fifo_base_inst/gen_cdc_pntr.wr_pntr_cdc_dc_inst/dest_graysync_ff_reg[0][5]/C

Slack:                    inf
  Source:                 hw_i/audio/aic3104_dma_wrapper_0/inst/aic3104_dma/rx_fifo/gnuram_async_fifo.xpm_fifo_base_inst/gen_cdc_pntr.wr_pntr_cdc_dc_inst/src_gray_ff_reg[4]/C
                            (rising edge-triggered cell FDRE clocked by clk_out1_hw_clk_wiz_0_0  {rise@0.000ns fall@40.685ns period=81.369ns})
  Destination:            hw_i/audio/aic3104_dma_wrapper_0/inst/aic3104_dma/rx_fifo/gnuram_async_fifo.xpm_fifo_base_inst/gen_cdc_pntr.wr_pntr_cdc_dc_inst/dest_graysync_ff_reg[0][4]/D
                            (rising edge-triggered cell FDRE clocked by clk_pl_0  {rise@0.000ns fall@5.156ns period=10.312ns})
  Path Group:             (none)
  Path Type:              Hold (Min at Fast Process Corner)
  Data Path Delay:        0.098ns  (logic 0.039ns (39.796%)  route 0.059ns (60.204%))
  Logic Levels:           0  
  Clock Path Skew:        -1.226ns (DCD - SCD - CPR)
    Destination Clock Delay (DCD):    1.241ns
    Source Clock Delay      (SCD):    2.467ns
    Clock Pessimism Removal (CPR):    -0.000ns
  Clock Uncertainty:      0.320ns  ((TSJ^2 + DJ^2)^1/2) / 2 + PE
    Total System Jitter     (TSJ):    0.071ns
    Discrete Jitter          (DJ):    0.310ns
    Phase Error              (PE):    0.161ns
  Clock Net Delay (Source):      1.095ns (routing 0.529ns, distribution 0.566ns)
  Clock Net Delay (Destination): 1.103ns (routing 0.459ns, distribution 0.644ns)
  Timing Exception:       False Path

    Location             Delay type                Incr(ns)  Path(ns)    Netlist Resource(s)
  -------------------------------------------------------------------    -------------------
                         (clock clk_out1_hw_clk_wiz_0_0 rise edge)
                                                      0.000     0.000 r  
    BUFG_PS_X0Y67        BUFG_PS                      0.000     0.000 r  hw_i/zynq_ultra_ps_e_0/inst/buffer_pl_clk_0.PL_CLK_0_BUFG/O
                         net (fo=3796, routed)        0.979     0.979    hw_i/audio/clk_wiz_0/inst/clk_in1
    MMCM_X0Y2            MMCME4_ADV (Prop_MMCM_CLKIN1_CLKOUT0)
                                                      0.230     1.209 r  hw_i/audio/clk_wiz_0/inst/mmcme4_adv_inst/CLKOUT0
                         net (fo=1, routed)           0.146     1.355    hw_i/audio/clk_wiz_0/inst/clk_out1_hw_clk_wiz_0_0
    BUFGCE_X0Y66         BUFGCE (Prop_BUFCE_BUFGCE_I_O)
                                                      0.017     1.372 r  hw_i/audio/clk_wiz_0/inst/clkout1_buf/O
    X0Y1 (CLOCK_ROOT)    net (fo=444, routed)         1.095     2.467    hw_i/audio/aic3104_dma_wrapper_0/inst/aic3104_dma/rx_fifo/gnuram_async_fifo.xpm_fifo_base_inst/gen_cdc_pntr.wr_pntr_cdc_dc_inst/src_clk
    SLICE_X17Y40         FDRE                                         r  hw_i/audio/aic3104_dma_wrapper_0/inst/aic3104_dma/rx_fifo/gnuram_async_fifo.xpm_fifo_base_inst/gen_cdc_pntr.wr_pntr_cdc_dc_inst/src_gray_ff_reg[4]/C
  -------------------------------------------------------------------    -------------------
    SLICE_X17Y40         FDRE (Prop_GFF_SLICEL_C_Q)
                                                      0.039     2.506 r  hw_i/audio/aic3104_dma_wrapper_0/inst/aic3104_dma/rx_fifo/gnuram_async_fifo.xpm_fifo_base_inst/gen_cdc_pntr.wr_pntr_cdc_dc_inst/src_gray_ff_reg[4]/Q
                         net (fo=1, routed)           0.059     2.565    hw_i/audio/aic3104_dma_wrapper_0/inst/aic3104_dma/rx_fifo/gnuram_async_fifo.xpm_fifo_base_inst/gen_cdc_pntr.wr_pntr_cdc_dc_inst/async_path[4]
    SLICE_X15Y40         FDRE                                         r  hw_i/audio/aic3104_dma_wrapper_0/inst/aic3104_dma/rx_fifo/gnuram_async_fifo.xpm_fifo_base_inst/gen_cdc_pntr.wr_pntr_cdc_dc_inst/dest_graysync_ff_reg[0][4]/D
  -------------------------------------------------------------------    -------------------

                         (clock clk_pl_0 rise edge)
                                                      0.000     0.000 r  
    PS8_X0Y0             PS8                          0.000     0.000 r  hw_i/zynq_ultra_ps_e_0/inst/PS8_i/PLCLK[0]
                         net (fo=1, routed)           0.120     0.120    hw_i/zynq_ultra_ps_e_0/inst/pl_clk_unbuffered[0]
    BUFG_PS_X0Y67        BUFG_PS (Prop_BUFG_PS_I_O)
                                                      0.018     0.138 r  hw_i/zynq_ultra_ps_e_0/inst/buffer_pl_clk_0.PL_CLK_0_BUFG/O
    X0Y1 (CLOCK_ROOT)    net (fo=3796, routed)        1.103     1.241    hw_i/audio/aic3104_dma_wrapper_0/inst/aic3104_dma/rx_fifo/gnuram_async_fifo.xpm_fifo_base_inst/gen_cdc_pntr.wr_pntr_cdc_dc_inst/dest_clk
    SLICE_X15Y40         FDRE                                         r  hw_i/audio/aic3104_dma_wrapper_0/inst/aic3104_dma/rx_fifo/gnuram_async_fifo.xpm_fifo_base_inst/gen_cdc_pntr.wr_pntr_cdc_dc_inst/dest_graysync_ff_reg[0][4]/C

Slack:                    inf
  Source:                 hw_i/audio/aic3104_dma_wrapper_0/inst/aic3104_dma/rx_fifo/gnuram_async_fifo.xpm_fifo_base_inst/gen_cdc_pntr.wr_pntr_cdc_inst/src_gray_ff_reg[3]/C
                            (rising edge-triggered cell FDRE clocked by clk_out1_hw_clk_wiz_0_0  {rise@0.000ns fall@40.685ns period=81.369ns})
  Destination:            hw_i/audio/aic3104_dma_wrapper_0/inst/aic3104_dma/rx_fifo/gnuram_async_fifo.xpm_fifo_base_inst/gen_cdc_pntr.wr_pntr_cdc_inst/dest_graysync_ff_reg[0][3]/D
                            (rising edge-triggered cell FDRE clocked by clk_pl_0  {rise@0.000ns fall@5.156ns period=10.312ns})
  Path Group:             (none)
  Path Type:              Hold (Min at Fast Process Corner)
  Data Path Delay:        0.097ns  (logic 0.039ns (40.206%)  route 0.058ns (59.794%))
  Logic Levels:           0  
  Clock Path Skew:        -1.220ns (DCD - SCD - CPR)
    Destination Clock Delay (DCD):    1.249ns
    Source Clock Delay      (SCD):    2.469ns
    Clock Pessimism Removal (CPR):    -0.000ns
  Clock Uncertainty:      0.320ns  ((TSJ^2 + DJ^2)^1/2) / 2 + PE
    Total System Jitter     (TSJ):    0.071ns
    Discrete Jitter          (DJ):    0.310ns
    Phase Error              (PE):    0.161ns
  Clock Net Delay (Source):      1.097ns (routing 0.529ns, distribution 0.568ns)
  Clock Net Delay (Destination): 1.111ns (routing 0.459ns, distribution 0.652ns)
  Timing Exception:       False Path

    Location             Delay type                Incr(ns)  Path(ns)    Netlist Resource(s)
  -------------------------------------------------------------------    -------------------
                         (clock clk_out1_hw_clk_wiz_0_0 rise edge)
                                                      0.000     0.000 r  
    BUFG_PS_X0Y67        BUFG_PS                      0.000     0.000 r  hw_i/zynq_ultra_ps_e_0/inst/buffer_pl_clk_0.PL_CLK_0_BUFG/O
                         net (fo=3796, routed)        0.979     0.979    hw_i/audio/clk_wiz_0/inst/clk_in1
    MMCM_X0Y2            MMCME4_ADV (Prop_MMCM_CLKIN1_CLKOUT0)
                                                      0.230     1.209 r  hw_i/audio/clk_wiz_0/inst/mmcme4_adv_inst/CLKOUT0
                         net (fo=1, routed)           0.146     1.355    hw_i/audio/clk_wiz_0/inst/clk_out1_hw_clk_wiz_0_0
    BUFGCE_X0Y66         BUFGCE (Prop_BUFCE_BUFGCE_I_O)
                                                      0.017     1.372 r  hw_i/audio/clk_wiz_0/inst/clkout1_buf/O
    X0Y1 (CLOCK_ROOT)    net (fo=444, routed)         1.097     2.469    hw_i/audio/aic3104_dma_wrapper_0/inst/aic3104_dma/rx_fifo/gnuram_async_fifo.xpm_fifo_base_inst/gen_cdc_pntr.wr_pntr_cdc_inst/src_clk
    SLICE_X17Y44         FDRE                                         r  hw_i/audio/aic3104_dma_wrapper_0/inst/aic3104_dma/rx_fifo/gnuram_async_fifo.xpm_fifo_base_inst/gen_cdc_pntr.wr_pntr_cdc_inst/src_gray_ff_reg[3]/C
  -------------------------------------------------------------------    -------------------
    SLICE_X17Y44         FDRE (Prop_HFF2_SLICEL_C_Q)
                                                      0.039     2.508 r  hw_i/audio/aic3104_dma_wrapper_0/inst/aic3104_dma/rx_fifo/gnuram_async_fifo.xpm_fifo_base_inst/gen_cdc_pntr.wr_pntr_cdc_inst/src_gray_ff_reg[3]/Q
                         net (fo=1, routed)           0.058     2.566    hw_i/audio/aic3104_dma_wrapper_0/inst/aic3104_dma/rx_fifo/gnuram_async_fifo.xpm_fifo_base_inst/gen_cdc_pntr.wr_pntr_cdc_inst/async_path[3]
    SLICE_X17Y45         FDRE                                         r  hw_i/audio/aic3104_dma_wrapper_0/inst/aic3104_dma/rx_fifo/gnuram_async_fifo.xpm_fifo_base_inst/gen_cdc_pntr.wr_pntr_cdc_inst/dest_graysync_ff_reg[0][3]/D
  -------------------------------------------------------------------    -------------------

                         (clock clk_pl_0 rise edge)
                                                      0.000     0.000 r  
    PS8_X0Y0             PS8                          0.000     0.000 r  hw_i/zynq_ultra_ps_e_0/inst/PS8_i/PLCLK[0]
                         net (fo=1, routed)           0.120     0.120    hw_i/zynq_ultra_ps_e_0/inst/pl_clk_unbuffered[0]
    BUFG_PS_X0Y67        BUFG_PS (Prop_BUFG_PS_I_O)
                                                      0.018     0.138 r  hw_i/zynq_ultra_ps_e_0/inst/buffer_pl_clk_0.PL_CLK_0_BUFG/O
    X0Y1 (CLOCK_ROOT)    net (fo=3796, routed)        1.111     1.249    hw_i/audio/aic3104_dma_wrapper_0/inst/aic3104_dma/rx_fifo/gnuram_async_fifo.xpm_fifo_base_inst/gen_cdc_pntr.wr_pntr_cdc_inst/dest_clk
    SLICE_X17Y45         FDRE                                         r  hw_i/audio/aic3104_dma_wrapper_0/inst/aic3104_dma/rx_fifo/gnuram_async_fifo.xpm_fifo_base_inst/gen_cdc_pntr.wr_pntr_cdc_inst/dest_graysync_ff_reg[0][3]/C

Slack:                    inf
  Source:                 hw_i/audio/aic3104_dma_wrapper_0/inst/aic3104_dma/rx_fifo/gnuram_async_fifo.xpm_fifo_base_inst/gen_cdc_pntr.wr_pntr_cdc_dc_inst/src_gray_ff_reg[0]/C
                            (rising edge-triggered cell FDRE clocked by clk_out1_hw_clk_wiz_0_0  {rise@0.000ns fall@40.685ns period=81.369ns})
  Destination:            hw_i/audio/aic3104_dma_wrapper_0/inst/aic3104_dma/rx_fifo/gnuram_async_fifo.xpm_fifo_base_inst/gen_cdc_pntr.wr_pntr_cdc_dc_inst/dest_graysync_ff_reg[0][0]/D
                            (rising edge-triggered cell FDRE clocked by clk_pl_0  {rise@0.000ns fall@5.156ns period=10.312ns})
  Path Group:             (none)
  Path Type:              Hold (Min at Fast Process Corner)
  Data Path Delay:        0.098ns  (logic 0.039ns (39.796%)  route 0.059ns (60.204%))
  Logic Levels:           0  
  Clock Path Skew:        -1.230ns (DCD - SCD - CPR)
    Destination Clock Delay (DCD):    1.241ns
    Source Clock Delay      (SCD):    2.471ns
    Clock Pessimism Removal (CPR):    -0.000ns
  Clock Uncertainty:      0.320ns  ((TSJ^2 + DJ^2)^1/2) / 2 + PE
    Total System Jitter     (TSJ):    0.071ns
    Discrete Jitter          (DJ):    0.310ns
    Phase Error              (PE):    0.161ns
  Clock Net Delay (Source):      1.099ns (routing 0.529ns, distribution 0.570ns)
  Clock Net Delay (Destination): 1.103ns (routing 0.459ns, distribution 0.644ns)
  Timing Exception:       False Path

    Location             Delay type                Incr(ns)  Path(ns)    Netlist Resource(s)
  -------------------------------------------------------------------    -------------------
                         (clock clk_out1_hw_clk_wiz_0_0 rise edge)
                                                      0.000     0.000 r  
    BUFG_PS_X0Y67        BUFG_PS                      0.000     0.000 r  hw_i/zynq_ultra_ps_e_0/inst/buffer_pl_clk_0.PL_CLK_0_BUFG/O
                         net (fo=3796, routed)        0.979     0.979    hw_i/audio/clk_wiz_0/inst/clk_in1
    MMCM_X0Y2            MMCME4_ADV (Prop_MMCM_CLKIN1_CLKOUT0)
                                                      0.230     1.209 r  hw_i/audio/clk_wiz_0/inst/mmcme4_adv_inst/CLKOUT0
                         net (fo=1, routed)           0.146     1.355    hw_i/audio/clk_wiz_0/inst/clk_out1_hw_clk_wiz_0_0
    BUFGCE_X0Y66         BUFGCE (Prop_BUFCE_BUFGCE_I_O)
                                                      0.017     1.372 r  hw_i/audio/clk_wiz_0/inst/clkout1_buf/O
    X0Y1 (CLOCK_ROOT)    net (fo=444, routed)         1.099     2.471    hw_i/audio/aic3104_dma_wrapper_0/inst/aic3104_dma/rx_fifo/gnuram_async_fifo.xpm_fifo_base_inst/gen_cdc_pntr.wr_pntr_cdc_dc_inst/src_clk
    SLICE_X16Y41         FDRE                                         r  hw_i/audio/aic3104_dma_wrapper_0/inst/aic3104_dma/rx_fifo/gnuram_async_fifo.xpm_fifo_base_inst/gen_cdc_pntr.wr_pntr_cdc_dc_inst/src_gray_ff_reg[0]/C
  -------------------------------------------------------------------    -------------------
    SLICE_X16Y41         FDRE (Prop_DFF_SLICEM_C_Q)
                                                      0.039     2.510 r  hw_i/audio/aic3104_dma_wrapper_0/inst/aic3104_dma/rx_fifo/gnuram_async_fifo.xpm_fifo_base_inst/gen_cdc_pntr.wr_pntr_cdc_dc_inst/src_gray_ff_reg[0]/Q
                         net (fo=1, routed)           0.059     2.569    hw_i/audio/aic3104_dma_wrapper_0/inst/aic3104_dma/rx_fifo/gnuram_async_fifo.xpm_fifo_base_inst/gen_cdc_pntr.wr_pntr_cdc_dc_inst/async_path[0]
    SLICE_X15Y41         FDRE                                         r  hw_i/audio/aic3104_dma_wrapper_0/inst/aic3104_dma/rx_fifo/gnuram_async_fifo.xpm_fifo_base_inst/gen_cdc_pntr.wr_pntr_cdc_dc_inst/dest_graysync_ff_reg[0][0]/D
  -------------------------------------------------------------------    -------------------

                         (clock clk_pl_0 rise edge)
                                                      0.000     0.000 r  
    PS8_X0Y0             PS8                          0.000     0.000 r  hw_i/zynq_ultra_ps_e_0/inst/PS8_i/PLCLK[0]
                         net (fo=1, routed)           0.120     0.120    hw_i/zynq_ultra_ps_e_0/inst/pl_clk_unbuffered[0]
    BUFG_PS_X0Y67        BUFG_PS (Prop_BUFG_PS_I_O)
                                                      0.018     0.138 r  hw_i/zynq_ultra_ps_e_0/inst/buffer_pl_clk_0.PL_CLK_0_BUFG/O
    X0Y1 (CLOCK_ROOT)    net (fo=3796, routed)        1.103     1.241    hw_i/audio/aic3104_dma_wrapper_0/inst/aic3104_dma/rx_fifo/gnuram_async_fifo.xpm_fifo_base_inst/gen_cdc_pntr.wr_pntr_cdc_dc_inst/dest_clk
    SLICE_X15Y41         FDRE                                         r  hw_i/audio/aic3104_dma_wrapper_0/inst/aic3104_dma/rx_fifo/gnuram_async_fifo.xpm_fifo_base_inst/gen_cdc_pntr.wr_pntr_cdc_dc_inst/dest_graysync_ff_reg[0][0]/C

Slack:                    inf
  Source:                 hw_i/audio/aic3104_dma_wrapper_0/inst/aic3104_dma/rx_fifo/gnuram_async_fifo.xpm_fifo_base_inst/gen_cdc_pntr.wr_pntr_cdc_inst/src_gray_ff_reg[4]/C
                            (rising edge-triggered cell FDRE clocked by clk_out1_hw_clk_wiz_0_0  {rise@0.000ns fall@40.685ns period=81.369ns})
  Destination:            hw_i/audio/aic3104_dma_wrapper_0/inst/aic3104_dma/rx_fifo/gnuram_async_fifo.xpm_fifo_base_inst/gen_cdc_pntr.wr_pntr_cdc_inst/dest_graysync_ff_reg[0][4]/D
                            (rising edge-triggered cell FDRE clocked by clk_pl_0  {rise@0.000ns fall@5.156ns period=10.312ns})
  Path Group:             (none)
  Path Type:              Hold (Min at Fast Process Corner)
  Data Path Delay:        0.110ns  (logic 0.039ns (35.455%)  route 0.071ns (64.545%))
  Logic Levels:           0  
  Clock Path Skew:        -1.224ns (DCD - SCD - CPR)
    Destination Clock Delay (DCD):    1.239ns
    Source Clock Delay      (SCD):    2.463ns
    Clock Pessimism Removal (CPR):    -0.000ns
  Clock Uncertainty:      0.320ns  ((TSJ^2 + DJ^2)^1/2) / 2 + PE
    Total System Jitter     (TSJ):    0.071ns
    Discrete Jitter          (DJ):    0.310ns
    Phase Error              (PE):    0.161ns
  Clock Net Delay (Source):      1.091ns (routing 0.529ns, distribution 0.562ns)
  Clock Net Delay (Destination): 1.101ns (routing 0.459ns, distribution 0.642ns)
  Timing Exception:       False Path

    Location             Delay type                Incr(ns)  Path(ns)    Netlist Resource(s)
  -------------------------------------------------------------------    -------------------
                         (clock clk_out1_hw_clk_wiz_0_0 rise edge)
                                                      0.000     0.000 r  
    BUFG_PS_X0Y67        BUFG_PS                      0.000     0.000 r  hw_i/zynq_ultra_ps_e_0/inst/buffer_pl_clk_0.PL_CLK_0_BUFG/O
                         net (fo=3796, routed)        0.979     0.979    hw_i/audio/clk_wiz_0/inst/clk_in1
    MMCM_X0Y2            MMCME4_ADV (Prop_MMCM_CLKIN1_CLKOUT0)
                                                      0.230     1.209 r  hw_i/audio/clk_wiz_0/inst/mmcme4_adv_inst/CLKOUT0
                         net (fo=1, routed)           0.146     1.355    hw_i/audio/clk_wiz_0/inst/clk_out1_hw_clk_wiz_0_0
    BUFGCE_X0Y66         BUFGCE (Prop_BUFCE_BUFGCE_I_O)
                                                      0.017     1.372 r  hw_i/audio/clk_wiz_0/inst/clkout1_buf/O
    X0Y1 (CLOCK_ROOT)    net (fo=444, routed)         1.091     2.463    hw_i/audio/aic3104_dma_wrapper_0/inst/aic3104_dma/rx_fifo/gnuram_async_fifo.xpm_fifo_base_inst/gen_cdc_pntr.wr_pntr_cdc_inst/src_clk
    SLICE_X19Y44         FDRE                                         r  hw_i/audio/aic3104_dma_wrapper_0/inst/aic3104_dma/rx_fifo/gnuram_async_fifo.xpm_fifo_base_inst/gen_cdc_pntr.wr_pntr_cdc_inst/src_gray_ff_reg[4]/C
  -------------------------------------------------------------------    -------------------
    SLICE_X19Y44         FDRE (Prop_DFF_SLICEM_C_Q)
                                                      0.039     2.502 r  hw_i/audio/aic3104_dma_wrapper_0/inst/aic3104_dma/rx_fifo/gnuram_async_fifo.xpm_fifo_base_inst/gen_cdc_pntr.wr_pntr_cdc_inst/src_gray_ff_reg[4]/Q
                         net (fo=1, routed)           0.071     2.573    hw_i/audio/aic3104_dma_wrapper_0/inst/aic3104_dma/rx_fifo/gnuram_async_fifo.xpm_fifo_base_inst/gen_cdc_pntr.wr_pntr_cdc_inst/async_path[4]
    SLICE_X19Y46         FDRE                                         r  hw_i/audio/aic3104_dma_wrapper_0/inst/aic3104_dma/rx_fifo/gnuram_async_fifo.xpm_fifo_base_inst/gen_cdc_pntr.wr_pntr_cdc_inst/dest_graysync_ff_reg[0][4]/D
  -------------------------------------------------------------------    -------------------

                         (clock clk_pl_0 rise edge)
                                                      0.000     0.000 r  
    PS8_X0Y0             PS8                          0.000     0.000 r  hw_i/zynq_ultra_ps_e_0/inst/PS8_i/PLCLK[0]
                         net (fo=1, routed)           0.120     0.120    hw_i/zynq_ultra_ps_e_0/inst/pl_clk_unbuffered[0]
    BUFG_PS_X0Y67        BUFG_PS (Prop_BUFG_PS_I_O)
                                                      0.018     0.138 r  hw_i/zynq_ultra_ps_e_0/inst/buffer_pl_clk_0.PL_CLK_0_BUFG/O
    X0Y1 (CLOCK_ROOT)    net (fo=3796, routed)        1.101     1.239    hw_i/audio/aic3104_dma_wrapper_0/inst/aic3104_dma/rx_fifo/gnuram_async_fifo.xpm_fifo_base_inst/gen_cdc_pntr.wr_pntr_cdc_inst/dest_clk
    SLICE_X19Y46         FDRE                                         r  hw_i/audio/aic3104_dma_wrapper_0/inst/aic3104_dma/rx_fifo/gnuram_async_fifo.xpm_fifo_base_inst/gen_cdc_pntr.wr_pntr_cdc_inst/dest_graysync_ff_reg[0][4]/C

Slack:                    inf
  Source:                 hw_i/audio/aic3104_dma_wrapper_0/inst/aic3104_dma/tx_fifo/gnuram_async_fifo.xpm_fifo_base_inst/gen_cdc_pntr.rd_pntr_cdc_inst/src_gray_ff_reg[3]/C
                            (rising edge-triggered cell FDRE clocked by clk_out1_hw_clk_wiz_0_0  {rise@0.000ns fall@40.685ns period=81.369ns})
  Destination:            hw_i/audio/aic3104_dma_wrapper_0/inst/aic3104_dma/tx_fifo/gnuram_async_fifo.xpm_fifo_base_inst/gen_cdc_pntr.rd_pntr_cdc_inst/dest_graysync_ff_reg[0][3]/D
                            (rising edge-triggered cell FDRE clocked by clk_pl_0  {rise@0.000ns fall@5.156ns period=10.312ns})
  Path Group:             (none)
  Path Type:              Hold (Min at Fast Process Corner)
  Data Path Delay:        0.123ns  (logic 0.039ns (31.707%)  route 0.084ns (68.293%))
  Logic Levels:           0  
  Clock Path Skew:        -1.227ns (DCD - SCD - CPR)
    Destination Clock Delay (DCD):    1.227ns
    Source Clock Delay      (SCD):    2.454ns
    Clock Pessimism Removal (CPR):    -0.000ns
  Clock Uncertainty:      0.320ns  ((TSJ^2 + DJ^2)^1/2) / 2 + PE
    Total System Jitter     (TSJ):    0.071ns
    Discrete Jitter          (DJ):    0.310ns
    Phase Error              (PE):    0.161ns
  Clock Net Delay (Source):      1.082ns (routing 0.529ns, distribution 0.553ns)
  Clock Net Delay (Destination): 1.089ns (routing 0.459ns, distribution 0.630ns)
  Timing Exception:       False Path

    Location             Delay type                Incr(ns)  Path(ns)    Netlist Resource(s)
  -------------------------------------------------------------------    -------------------
                         (clock clk_out1_hw_clk_wiz_0_0 rise edge)
                                                      0.000     0.000 r  
    BUFG_PS_X0Y67        BUFG_PS                      0.000     0.000 r  hw_i/zynq_ultra_ps_e_0/inst/buffer_pl_clk_0.PL_CLK_0_BUFG/O
                         net (fo=3796, routed)        0.979     0.979    hw_i/audio/clk_wiz_0/inst/clk_in1
    MMCM_X0Y2            MMCME4_ADV (Prop_MMCM_CLKIN1_CLKOUT0)
                                                      0.230     1.209 r  hw_i/audio/clk_wiz_0/inst/mmcme4_adv_inst/CLKOUT0
                         net (fo=1, routed)           0.146     1.355    hw_i/audio/clk_wiz_0/inst/clk_out1_hw_clk_wiz_0_0
    BUFGCE_X0Y66         BUFGCE (Prop_BUFCE_BUFGCE_I_O)
                                                      0.017     1.372 r  hw_i/audio/clk_wiz_0/inst/clkout1_buf/O
    X0Y1 (CLOCK_ROOT)    net (fo=444, routed)         1.082     2.454    hw_i/audio/aic3104_dma_wrapper_0/inst/aic3104_dma/tx_fifo/gnuram_async_fifo.xpm_fifo_base_inst/gen_cdc_pntr.rd_pntr_cdc_inst/src_clk
    SLICE_X19Y63         FDRE                                         r  hw_i/audio/aic3104_dma_wrapper_0/inst/aic3104_dma/tx_fifo/gnuram_async_fifo.xpm_fifo_base_inst/gen_cdc_pntr.rd_pntr_cdc_inst/src_gray_ff_reg[3]/C
  -------------------------------------------------------------------    -------------------
    SLICE_X19Y63         FDRE (Prop_HFF2_SLICEM_C_Q)
                                                      0.039     2.493 r  hw_i/audio/aic3104_dma_wrapper_0/inst/aic3104_dma/tx_fifo/gnuram_async_fifo.xpm_fifo_base_inst/gen_cdc_pntr.rd_pntr_cdc_inst/src_gray_ff_reg[3]/Q
                         net (fo=1, routed)           0.084     2.577    hw_i/audio/aic3104_dma_wrapper_0/inst/aic3104_dma/tx_fifo/gnuram_async_fifo.xpm_fifo_base_inst/gen_cdc_pntr.rd_pntr_cdc_inst/async_path[3]
    SLICE_X18Y64         FDRE                                         r  hw_i/audio/aic3104_dma_wrapper_0/inst/aic3104_dma/tx_fifo/gnuram_async_fifo.xpm_fifo_base_inst/gen_cdc_pntr.rd_pntr_cdc_inst/dest_graysync_ff_reg[0][3]/D
  -------------------------------------------------------------------    -------------------

                         (clock clk_pl_0 rise edge)
                                                      0.000     0.000 r  
    PS8_X0Y0             PS8                          0.000     0.000 r  hw_i/zynq_ultra_ps_e_0/inst/PS8_i/PLCLK[0]
                         net (fo=1, routed)           0.120     0.120    hw_i/zynq_ultra_ps_e_0/inst/pl_clk_unbuffered[0]
    BUFG_PS_X0Y67        BUFG_PS (Prop_BUFG_PS_I_O)
                                                      0.018     0.138 r  hw_i/zynq_ultra_ps_e_0/inst/buffer_pl_clk_0.PL_CLK_0_BUFG/O
    X0Y1 (CLOCK_ROOT)    net (fo=3796, routed)        1.089     1.227    hw_i/audio/aic3104_dma_wrapper_0/inst/aic3104_dma/tx_fifo/gnuram_async_fifo.xpm_fifo_base_inst/gen_cdc_pntr.rd_pntr_cdc_inst/dest_clk
    SLICE_X18Y64         FDRE                                         r  hw_i/audio/aic3104_dma_wrapper_0/inst/aic3104_dma/tx_fifo/gnuram_async_fifo.xpm_fifo_base_inst/gen_cdc_pntr.rd_pntr_cdc_inst/dest_graysync_ff_reg[0][3]/C

Slack:                    inf
  Source:                 hw_i/audio/aic3104_dma_wrapper_0/inst/aic3104_dma/rx_fifo/gnuram_async_fifo.xpm_fifo_base_inst/gen_cdc_pntr.wr_pntr_cdc_dc_inst/src_gray_ff_reg[7]/C
                            (rising edge-triggered cell FDRE clocked by clk_out1_hw_clk_wiz_0_0  {rise@0.000ns fall@40.685ns period=81.369ns})
  Destination:            hw_i/audio/aic3104_dma_wrapper_0/inst/aic3104_dma/rx_fifo/gnuram_async_fifo.xpm_fifo_base_inst/gen_cdc_pntr.wr_pntr_cdc_dc_inst/dest_graysync_ff_reg[0][7]/D
                            (rising edge-triggered cell FDRE clocked by clk_pl_0  {rise@0.000ns fall@5.156ns period=10.312ns})
  Path Group:             (none)
  Path Type:              Hold (Min at Fast Process Corner)
  Data Path Delay:        0.114ns  (logic 0.039ns (34.211%)  route 0.075ns (65.790%))
  Logic Levels:           0  
  Clock Path Skew:        -1.228ns (DCD - SCD - CPR)
    Destination Clock Delay (DCD):    1.236ns
    Source Clock Delay      (SCD):    2.464ns
    Clock Pessimism Removal (CPR):    -0.000ns
  Clock Uncertainty:      0.320ns  ((TSJ^2 + DJ^2)^1/2) / 2 + PE
    Total System Jitter     (TSJ):    0.071ns
    Discrete Jitter          (DJ):    0.310ns
    Phase Error              (PE):    0.161ns
  Clock Net Delay (Source):      1.092ns (routing 0.529ns, distribution 0.563ns)
  Clock Net Delay (Destination): 1.098ns (routing 0.459ns, distribution 0.639ns)
  Timing Exception:       False Path

    Location             Delay type                Incr(ns)  Path(ns)    Netlist Resource(s)
  -------------------------------------------------------------------    -------------------
                         (clock clk_out1_hw_clk_wiz_0_0 rise edge)
                                                      0.000     0.000 r  
    BUFG_PS_X0Y67        BUFG_PS                      0.000     0.000 r  hw_i/zynq_ultra_ps_e_0/inst/buffer_pl_clk_0.PL_CLK_0_BUFG/O
                         net (fo=3796, routed)        0.979     0.979    hw_i/audio/clk_wiz_0/inst/clk_in1
    MMCM_X0Y2            MMCME4_ADV (Prop_MMCM_CLKIN1_CLKOUT0)
                                                      0.230     1.209 r  hw_i/audio/clk_wiz_0/inst/mmcme4_adv_inst/CLKOUT0
                         net (fo=1, routed)           0.146     1.355    hw_i/audio/clk_wiz_0/inst/clk_out1_hw_clk_wiz_0_0
    BUFGCE_X0Y66         BUFGCE (Prop_BUFCE_BUFGCE_I_O)
                                                      0.017     1.372 r  hw_i/audio/clk_wiz_0/inst/clkout1_buf/O
    X0Y1 (CLOCK_ROOT)    net (fo=444, routed)         1.092     2.464    hw_i/audio/aic3104_dma_wrapper_0/inst/aic3104_dma/rx_fifo/gnuram_async_fifo.xpm_fifo_base_inst/gen_cdc_pntr.wr_pntr_cdc_dc_inst/src_clk
    SLICE_X17Y36         FDRE                                         r  hw_i/audio/aic3104_dma_wrapper_0/inst/aic3104_dma/rx_fifo/gnuram_async_fifo.xpm_fifo_base_inst/gen_cdc_pntr.wr_pntr_cdc_dc_inst/src_gray_ff_reg[7]/C
  -------------------------------------------------------------------    -------------------
    SLICE_X17Y36         FDRE (Prop_EFF_SLICEL_C_Q)
                                                      0.039     2.503 r  hw_i/audio/aic3104_dma_wrapper_0/inst/aic3104_dma/rx_fifo/gnuram_async_fifo.xpm_fifo_base_inst/gen_cdc_pntr.wr_pntr_cdc_dc_inst/src_gray_ff_reg[7]/Q
                         net (fo=1, routed)           0.075     2.578    hw_i/audio/aic3104_dma_wrapper_0/inst/aic3104_dma/rx_fifo/gnuram_async_fifo.xpm_fifo_base_inst/gen_cdc_pntr.wr_pntr_cdc_dc_inst/async_path[7]
    SLICE_X17Y36         FDRE                                         r  hw_i/audio/aic3104_dma_wrapper_0/inst/aic3104_dma/rx_fifo/gnuram_async_fifo.xpm_fifo_base_inst/gen_cdc_pntr.wr_pntr_cdc_dc_inst/dest_graysync_ff_reg[0][7]/D
  -------------------------------------------------------------------    -------------------

                         (clock clk_pl_0 rise edge)
                                                      0.000     0.000 r  
    PS8_X0Y0             PS8                          0.000     0.000 r  hw_i/zynq_ultra_ps_e_0/inst/PS8_i/PLCLK[0]
                         net (fo=1, routed)           0.120     0.120    hw_i/zynq_ultra_ps_e_0/inst/pl_clk_unbuffered[0]
    BUFG_PS_X0Y67        BUFG_PS (Prop_BUFG_PS_I_O)
                                                      0.018     0.138 r  hw_i/zynq_ultra_ps_e_0/inst/buffer_pl_clk_0.PL_CLK_0_BUFG/O
    X0Y1 (CLOCK_ROOT)    net (fo=3796, routed)        1.098     1.236    hw_i/audio/aic3104_dma_wrapper_0/inst/aic3104_dma/rx_fifo/gnuram_async_fifo.xpm_fifo_base_inst/gen_cdc_pntr.wr_pntr_cdc_dc_inst/dest_clk
    SLICE_X17Y36         FDRE                                         r  hw_i/audio/aic3104_dma_wrapper_0/inst/aic3104_dma/rx_fifo/gnuram_async_fifo.xpm_fifo_base_inst/gen_cdc_pntr.wr_pntr_cdc_dc_inst/dest_graysync_ff_reg[0][7]/C

Slack:                    inf
  Source:                 hw_i/audio/aic3104_dma_wrapper_0/inst/aic3104_dma/rx_fifo/gnuram_async_fifo.xpm_fifo_base_inst/gen_cdc_pntr.wr_pntr_cdc_inst/src_gray_ff_reg[1]/C
                            (rising edge-triggered cell FDRE clocked by clk_out1_hw_clk_wiz_0_0  {rise@0.000ns fall@40.685ns period=81.369ns})
  Destination:            hw_i/audio/aic3104_dma_wrapper_0/inst/aic3104_dma/rx_fifo/gnuram_async_fifo.xpm_fifo_base_inst/gen_cdc_pntr.wr_pntr_cdc_inst/dest_graysync_ff_reg[0][1]/D
                            (rising edge-triggered cell FDRE clocked by clk_pl_0  {rise@0.000ns fall@5.156ns period=10.312ns})
  Path Group:             (none)
  Path Type:              Hold (Min at Fast Process Corner)
  Data Path Delay:        0.117ns  (logic 0.041ns (35.043%)  route 0.076ns (64.957%))
  Logic Levels:           0  
  Clock Path Skew:        -1.225ns (DCD - SCD - CPR)
    Destination Clock Delay (DCD):    1.236ns
    Source Clock Delay      (SCD):    2.461ns
    Clock Pessimism Removal (CPR):    -0.000ns
  Clock Uncertainty:      0.320ns  ((TSJ^2 + DJ^2)^1/2) / 2 + PE
    Total System Jitter     (TSJ):    0.071ns
    Discrete Jitter          (DJ):    0.310ns
    Phase Error              (PE):    0.161ns
  Clock Net Delay (Source):      1.089ns (routing 0.529ns, distribution 0.560ns)
  Clock Net Delay (Destination): 1.098ns (routing 0.459ns, distribution 0.639ns)
  Timing Exception:       False Path

    Location             Delay type                Incr(ns)  Path(ns)    Netlist Resource(s)
  -------------------------------------------------------------------    -------------------
                         (clock clk_out1_hw_clk_wiz_0_0 rise edge)
                                                      0.000     0.000 r  
    BUFG_PS_X0Y67        BUFG_PS                      0.000     0.000 r  hw_i/zynq_ultra_ps_e_0/inst/buffer_pl_clk_0.PL_CLK_0_BUFG/O
                         net (fo=3796, routed)        0.979     0.979    hw_i/audio/clk_wiz_0/inst/clk_in1
    MMCM_X0Y2            MMCME4_ADV (Prop_MMCM_CLKIN1_CLKOUT0)
                                                      0.230     1.209 r  hw_i/audio/clk_wiz_0/inst/mmcme4_adv_inst/CLKOUT0
                         net (fo=1, routed)           0.146     1.355    hw_i/audio/clk_wiz_0/inst/clk_out1_hw_clk_wiz_0_0
    BUFGCE_X0Y66         BUFGCE (Prop_BUFCE_BUFGCE_I_O)
                                                      0.017     1.372 r  hw_i/audio/clk_wiz_0/inst/clkout1_buf/O
    X0Y1 (CLOCK_ROOT)    net (fo=444, routed)         1.089     2.461    hw_i/audio/aic3104_dma_wrapper_0/inst/aic3104_dma/rx_fifo/gnuram_async_fifo.xpm_fifo_base_inst/gen_cdc_pntr.wr_pntr_cdc_inst/src_clk
    SLICE_X18Y45         FDRE                                         r  hw_i/audio/aic3104_dma_wrapper_0/inst/aic3104_dma/rx_fifo/gnuram_async_fifo.xpm_fifo_base_inst/gen_cdc_pntr.wr_pntr_cdc_inst/src_gray_ff_reg[1]/C
  -------------------------------------------------------------------    -------------------
    SLICE_X18Y45         FDRE (Prop_DFF2_SLICEL_C_Q)
                                                      0.041     2.502 r  hw_i/audio/aic3104_dma_wrapper_0/inst/aic3104_dma/rx_fifo/gnuram_async_fifo.xpm_fifo_base_inst/gen_cdc_pntr.wr_pntr_cdc_inst/src_gray_ff_reg[1]/Q
                         net (fo=1, routed)           0.076     2.578    hw_i/audio/aic3104_dma_wrapper_0/inst/aic3104_dma/rx_fifo/gnuram_async_fifo.xpm_fifo_base_inst/gen_cdc_pntr.wr_pntr_cdc_inst/async_path[1]
    SLICE_X18Y46         FDRE                                         r  hw_i/audio/aic3104_dma_wrapper_0/inst/aic3104_dma/rx_fifo/gnuram_async_fifo.xpm_fifo_base_inst/gen_cdc_pntr.wr_pntr_cdc_inst/dest_graysync_ff_reg[0][1]/D
  -------------------------------------------------------------------    -------------------

                         (clock clk_pl_0 rise edge)
                                                      0.000     0.000 r  
    PS8_X0Y0             PS8                          0.000     0.000 r  hw_i/zynq_ultra_ps_e_0/inst/PS8_i/PLCLK[0]
                         net (fo=1, routed)           0.120     0.120    hw_i/zynq_ultra_ps_e_0/inst/pl_clk_unbuffered[0]
    BUFG_PS_X0Y67        BUFG_PS (Prop_BUFG_PS_I_O)
                                                      0.018     0.138 r  hw_i/zynq_ultra_ps_e_0/inst/buffer_pl_clk_0.PL_CLK_0_BUFG/O
    X0Y1 (CLOCK_ROOT)    net (fo=3796, routed)        1.098     1.236    hw_i/audio/aic3104_dma_wrapper_0/inst/aic3104_dma/rx_fifo/gnuram_async_fifo.xpm_fifo_base_inst/gen_cdc_pntr.wr_pntr_cdc_inst/dest_clk
    SLICE_X18Y46         FDRE                                         r  hw_i/audio/aic3104_dma_wrapper_0/inst/aic3104_dma/rx_fifo/gnuram_async_fifo.xpm_fifo_base_inst/gen_cdc_pntr.wr_pntr_cdc_inst/dest_graysync_ff_reg[0][1]/C





--------------------------------------------------------------------------------------
Path Group:  (none)
From Clock:  clk_pl_0
  To Clock:  clk_pl_0

Max Delay            94 Endpoints
Min Delay            94 Endpoints
--------------------------------------------------------------------------------------


Max Delay Paths
--------------------------------------------------------------------------------------
Slack:                    inf
  Source:                 hw_i/axi_smc/inst/clk_map/psr_aclk/U0/ACTIVE_LOW_BSR_OUT_DFF[0].FDRE_BSR_N/C
                            (rising edge-triggered cell FDRE clocked by clk_pl_0  {rise@0.000ns fall@5.156ns period=10.312ns})
  Destination:            hw_i/axi_smc/inst/s00_entry_pipeline/s00_si_converter/inst/xpm_cdc_async_rst_inst/arststages_ff_reg[0]/CLR
                            (recovery check against rising-edge clock clk_pl_0  {rise@0.000ns fall@5.156ns period=10.312ns})
  Path Group:             (none)
  Path Type:              Recovery (Max at Slow Process Corner)
  Data Path Delay:        1.843ns  (logic 0.079ns (4.287%)  route 1.764ns (95.713%))
  Logic Levels:           0  
  Clock Path Skew:        -0.232ns (DCD - SCD + CPR)
    Destination Clock Delay (DCD):    1.797ns
    Source Clock Delay      (SCD):    2.029ns
    Clock Pessimism Removal (CPR):    0.000ns
  Clock Uncertainty:      0.159ns  ((TSJ^2 + DJ^2)^1/2) / 2 + PE
    Total System Jitter     (TSJ):    0.071ns
    Discrete Jitter          (DJ):    0.310ns
    Phase Error              (PE):    0.000ns
  Clock Net Delay (Source):      1.830ns (routing 0.753ns, distribution 1.077ns)
  Clock Net Delay (Destination): 1.637ns (routing 0.683ns, distribution 0.954ns)
  Timing Exception:       False Path

    Location             Delay type                Incr(ns)  Path(ns)    Netlist Resource(s)
  -------------------------------------------------------------------    -------------------
                         (clock clk_pl_0 rise edge)
                                                      0.000     0.000 r  
    PS8_X0Y0             PS8                          0.000     0.000 r  hw_i/zynq_ultra_ps_e_0/inst/PS8_i/PLCLK[0]
                         net (fo=1, routed)           0.171     0.171    hw_i/zynq_ultra_ps_e_0/inst/pl_clk_unbuffered[0]
    BUFG_PS_X0Y67        BUFG_PS (Prop_BUFG_PS_I_O)
                                                      0.028     0.199 r  hw_i/zynq_ultra_ps_e_0/inst/buffer_pl_clk_0.PL_CLK_0_BUFG/O
    X0Y1 (CLOCK_ROOT)    net (fo=3796, routed)        1.830     2.029    hw_i/axi_smc/inst/clk_map/psr_aclk/U0/aclk
    SLICE_X8Y131         FDRE                                         r  hw_i/axi_smc/inst/clk_map/psr_aclk/U0/ACTIVE_LOW_BSR_OUT_DFF[0].FDRE_BSR_N/C
  -------------------------------------------------------------------    -------------------
    SLICE_X8Y131         FDRE (Prop_DFF_SLICEL_C_Q)
                                                      0.079     2.108 r  hw_i/axi_smc/inst/clk_map/psr_aclk/U0/ACTIVE_LOW_BSR_OUT_DFF[0].FDRE_BSR_N/Q
                         net (fo=93, routed)          1.764     3.872    hw_i/axi_smc/inst/s00_entry_pipeline/s00_si_converter/inst/xpm_cdc_async_rst_inst/src_arst
    SLICE_X2Y143         FDCE                                         f  hw_i/axi_smc/inst/s00_entry_pipeline/s00_si_converter/inst/xpm_cdc_async_rst_inst/arststages_ff_reg[0]/CLR  (IS_INVERTED)
  -------------------------------------------------------------------    -------------------

                         (clock clk_pl_0 rise edge)
                                                      0.000     0.000 r  
    PS8_X0Y0             PS8                          0.000     0.000 r  hw_i/zynq_ultra_ps_e_0/inst/PS8_i/PLCLK[0]
                         net (fo=1, routed)           0.135     0.135    hw_i/zynq_ultra_ps_e_0/inst/pl_clk_unbuffered[0]
    BUFG_PS_X0Y67        BUFG_PS (Prop_BUFG_PS_I_O)
                                                      0.025     0.160 r  hw_i/zynq_ultra_ps_e_0/inst/buffer_pl_clk_0.PL_CLK_0_BUFG/O
    X0Y1 (CLOCK_ROOT)    net (fo=3796, routed)        1.637     1.797    hw_i/axi_smc/inst/s00_entry_pipeline/s00_si_converter/inst/xpm_cdc_async_rst_inst/dest_clk
    SLICE_X2Y143         FDCE                                         r  hw_i/axi_smc/inst/s00_entry_pipeline/s00_si_converter/inst/xpm_cdc_async_rst_inst/arststages_ff_reg[0]/C

Slack:                    inf
  Source:                 hw_i/axi_smc/inst/clk_map/psr_aclk/U0/ACTIVE_LOW_BSR_OUT_DFF[0].FDRE_BSR_N/C
                            (rising edge-triggered cell FDRE clocked by clk_pl_0  {rise@0.000ns fall@5.156ns period=10.312ns})
  Destination:            hw_i/axi_smc/inst/s00_entry_pipeline/s00_si_converter/inst/xpm_cdc_async_rst_inst/arststages_ff_reg[1]/CLR
                            (recovery check against rising-edge clock clk_pl_0  {rise@0.000ns fall@5.156ns period=10.312ns})
  Path Group:             (none)
  Path Type:              Recovery (Max at Slow Process Corner)
  Data Path Delay:        1.843ns  (logic 0.079ns (4.287%)  route 1.764ns (95.713%))
  Logic Levels:           0  
  Clock Path Skew:        -0.232ns (DCD - SCD + CPR)
    Destination Clock Delay (DCD):    1.797ns
    Source Clock Delay      (SCD):    2.029ns
    Clock Pessimism Removal (CPR):    0.000ns
  Clock Uncertainty:      0.159ns  ((TSJ^2 + DJ^2)^1/2) / 2 + PE
    Total System Jitter     (TSJ):    0.071ns
    Discrete Jitter          (DJ):    0.310ns
    Phase Error              (PE):    0.000ns
  Clock Net Delay (Source):      1.830ns (routing 0.753ns, distribution 1.077ns)
  Clock Net Delay (Destination): 1.637ns (routing 0.683ns, distribution 0.954ns)
  Timing Exception:       False Path

    Location             Delay type                Incr(ns)  Path(ns)    Netlist Resource(s)
  -------------------------------------------------------------------    -------------------
                         (clock clk_pl_0 rise edge)
                                                      0.000     0.000 r  
    PS8_X0Y0             PS8                          0.000     0.000 r  hw_i/zynq_ultra_ps_e_0/inst/PS8_i/PLCLK[0]
                         net (fo=1, routed)           0.171     0.171    hw_i/zynq_ultra_ps_e_0/inst/pl_clk_unbuffered[0]
    BUFG_PS_X0Y67        BUFG_PS (Prop_BUFG_PS_I_O)
                                                      0.028     0.199 r  hw_i/zynq_ultra_ps_e_0/inst/buffer_pl_clk_0.PL_CLK_0_BUFG/O
    X0Y1 (CLOCK_ROOT)    net (fo=3796, routed)        1.830     2.029    hw_i/axi_smc/inst/clk_map/psr_aclk/U0/aclk
    SLICE_X8Y131         FDRE                                         r  hw_i/axi_smc/inst/clk_map/psr_aclk/U0/ACTIVE_LOW_BSR_OUT_DFF[0].FDRE_BSR_N/C
  -------------------------------------------------------------------    -------------------
    SLICE_X8Y131         FDRE (Prop_DFF_SLICEL_C_Q)
                                                      0.079     2.108 r  hw_i/axi_smc/inst/clk_map/psr_aclk/U0/ACTIVE_LOW_BSR_OUT_DFF[0].FDRE_BSR_N/Q
                         net (fo=93, routed)          1.764     3.872    hw_i/axi_smc/inst/s00_entry_pipeline/s00_si_converter/inst/xpm_cdc_async_rst_inst/src_arst
    SLICE_X2Y143         FDCE                                         f  hw_i/axi_smc/inst/s00_entry_pipeline/s00_si_converter/inst/xpm_cdc_async_rst_inst/arststages_ff_reg[1]/CLR  (IS_INVERTED)
  -------------------------------------------------------------------    -------------------

                         (clock clk_pl_0 rise edge)
                                                      0.000     0.000 r  
    PS8_X0Y0             PS8                          0.000     0.000 r  hw_i/zynq_ultra_ps_e_0/inst/PS8_i/PLCLK[0]
                         net (fo=1, routed)           0.135     0.135    hw_i/zynq_ultra_ps_e_0/inst/pl_clk_unbuffered[0]
    BUFG_PS_X0Y67        BUFG_PS (Prop_BUFG_PS_I_O)
                                                      0.025     0.160 r  hw_i/zynq_ultra_ps_e_0/inst/buffer_pl_clk_0.PL_CLK_0_BUFG/O
    X0Y1 (CLOCK_ROOT)    net (fo=3796, routed)        1.637     1.797    hw_i/axi_smc/inst/s00_entry_pipeline/s00_si_converter/inst/xpm_cdc_async_rst_inst/dest_clk
    SLICE_X2Y143         FDCE                                         r  hw_i/axi_smc/inst/s00_entry_pipeline/s00_si_converter/inst/xpm_cdc_async_rst_inst/arststages_ff_reg[1]/C

Slack:                    inf
  Source:                 hw_i/axi_smc/inst/clk_map/psr_aclk/U0/ACTIVE_LOW_BSR_OUT_DFF[0].FDRE_BSR_N/C
                            (rising edge-triggered cell FDRE clocked by clk_pl_0  {rise@0.000ns fall@5.156ns period=10.312ns})
  Destination:            hw_i/axi_smc/inst/s00_entry_pipeline/s00_si_converter/inst/xpm_cdc_async_rst_inst/arststages_ff_reg[2]/CLR
                            (recovery check against rising-edge clock clk_pl_0  {rise@0.000ns fall@5.156ns period=10.312ns})
  Path Group:             (none)
  Path Type:              Recovery (Max at Slow Process Corner)
  Data Path Delay:        1.843ns  (logic 0.079ns (4.287%)  route 1.764ns (95.713%))
  Logic Levels:           0  
  Clock Path Skew:        -0.232ns (DCD - SCD + CPR)
    Destination Clock Delay (DCD):    1.797ns
    Source Clock Delay      (SCD):    2.029ns
    Clock Pessimism Removal (CPR):    0.000ns
  Clock Uncertainty:      0.159ns  ((TSJ^2 + DJ^2)^1/2) / 2 + PE
    Total System Jitter     (TSJ):    0.071ns
    Discrete Jitter          (DJ):    0.310ns
    Phase Error              (PE):    0.000ns
  Clock Net Delay (Source):      1.830ns (routing 0.753ns, distribution 1.077ns)
  Clock Net Delay (Destination): 1.637ns (routing 0.683ns, distribution 0.954ns)
  Timing Exception:       False Path

    Location             Delay type                Incr(ns)  Path(ns)    Netlist Resource(s)
  -------------------------------------------------------------------    -------------------
                         (clock clk_pl_0 rise edge)
                                                      0.000     0.000 r  
    PS8_X0Y0             PS8                          0.000     0.000 r  hw_i/zynq_ultra_ps_e_0/inst/PS8_i/PLCLK[0]
                         net (fo=1, routed)           0.171     0.171    hw_i/zynq_ultra_ps_e_0/inst/pl_clk_unbuffered[0]
    BUFG_PS_X0Y67        BUFG_PS (Prop_BUFG_PS_I_O)
                                                      0.028     0.199 r  hw_i/zynq_ultra_ps_e_0/inst/buffer_pl_clk_0.PL_CLK_0_BUFG/O
    X0Y1 (CLOCK_ROOT)    net (fo=3796, routed)        1.830     2.029    hw_i/axi_smc/inst/clk_map/psr_aclk/U0/aclk
    SLICE_X8Y131         FDRE                                         r  hw_i/axi_smc/inst/clk_map/psr_aclk/U0/ACTIVE_LOW_BSR_OUT_DFF[0].FDRE_BSR_N/C
  -------------------------------------------------------------------    -------------------
    SLICE_X8Y131         FDRE (Prop_DFF_SLICEL_C_Q)
                                                      0.079     2.108 r  hw_i/axi_smc/inst/clk_map/psr_aclk/U0/ACTIVE_LOW_BSR_OUT_DFF[0].FDRE_BSR_N/Q
                         net (fo=93, routed)          1.764     3.872    hw_i/axi_smc/inst/s00_entry_pipeline/s00_si_converter/inst/xpm_cdc_async_rst_inst/src_arst
    SLICE_X2Y143         FDCE                                         f  hw_i/axi_smc/inst/s00_entry_pipeline/s00_si_converter/inst/xpm_cdc_async_rst_inst/arststages_ff_reg[2]/CLR  (IS_INVERTED)
  -------------------------------------------------------------------    -------------------

                         (clock clk_pl_0 rise edge)
                                                      0.000     0.000 r  
    PS8_X0Y0             PS8                          0.000     0.000 r  hw_i/zynq_ultra_ps_e_0/inst/PS8_i/PLCLK[0]
                         net (fo=1, routed)           0.135     0.135    hw_i/zynq_ultra_ps_e_0/inst/pl_clk_unbuffered[0]
    BUFG_PS_X0Y67        BUFG_PS (Prop_BUFG_PS_I_O)
                                                      0.025     0.160 r  hw_i/zynq_ultra_ps_e_0/inst/buffer_pl_clk_0.PL_CLK_0_BUFG/O
    X0Y1 (CLOCK_ROOT)    net (fo=3796, routed)        1.637     1.797    hw_i/axi_smc/inst/s00_entry_pipeline/s00_si_converter/inst/xpm_cdc_async_rst_inst/dest_clk
    SLICE_X2Y143         FDCE                                         r  hw_i/axi_smc/inst/s00_entry_pipeline/s00_si_converter/inst/xpm_cdc_async_rst_inst/arststages_ff_reg[2]/C

Slack:                    inf
  Source:                 hw_i/axi_smc/inst/clk_map/psr_aclk/U0/ACTIVE_LOW_BSR_OUT_DFF[0].FDRE_BSR_N/C
                            (rising edge-triggered cell FDRE clocked by clk_pl_0  {rise@0.000ns fall@5.156ns period=10.312ns})
  Destination:            hw_i/axi_smc/inst/s00_entry_pipeline/s00_transaction_regulator/inst/xpm_cdc_async_rst_inst/arststages_ff_reg[0]/CLR
                            (recovery check against rising-edge clock clk_pl_0  {rise@0.000ns fall@5.156ns period=10.312ns})
  Path Group:             (none)
  Path Type:              Recovery (Max at Slow Process Corner)
  Data Path Delay:        1.799ns  (logic 0.079ns (4.392%)  route 1.720ns (95.608%))
  Logic Levels:           0  
  Clock Path Skew:        -0.234ns (DCD - SCD + CPR)
    Destination Clock Delay (DCD):    1.795ns
    Source Clock Delay      (SCD):    2.029ns
    Clock Pessimism Removal (CPR):    0.000ns
  Clock Uncertainty:      0.159ns  ((TSJ^2 + DJ^2)^1/2) / 2 + PE
    Total System Jitter     (TSJ):    0.071ns
    Discrete Jitter          (DJ):    0.310ns
    Phase Error              (PE):    0.000ns
  Clock Net Delay (Source):      1.830ns (routing 0.753ns, distribution 1.077ns)
  Clock Net Delay (Destination): 1.635ns (routing 0.683ns, distribution 0.952ns)
  Timing Exception:       False Path

    Location             Delay type                Incr(ns)  Path(ns)    Netlist Resource(s)
  -------------------------------------------------------------------    -------------------
                         (clock clk_pl_0 rise edge)
                                                      0.000     0.000 r  
    PS8_X0Y0             PS8                          0.000     0.000 r  hw_i/zynq_ultra_ps_e_0/inst/PS8_i/PLCLK[0]
                         net (fo=1, routed)           0.171     0.171    hw_i/zynq_ultra_ps_e_0/inst/pl_clk_unbuffered[0]
    BUFG_PS_X0Y67        BUFG_PS (Prop_BUFG_PS_I_O)
                                                      0.028     0.199 r  hw_i/zynq_ultra_ps_e_0/inst/buffer_pl_clk_0.PL_CLK_0_BUFG/O
    X0Y1 (CLOCK_ROOT)    net (fo=3796, routed)        1.830     2.029    hw_i/axi_smc/inst/clk_map/psr_aclk/U0/aclk
    SLICE_X8Y131         FDRE                                         r  hw_i/axi_smc/inst/clk_map/psr_aclk/U0/ACTIVE_LOW_BSR_OUT_DFF[0].FDRE_BSR_N/C
  -------------------------------------------------------------------    -------------------
    SLICE_X8Y131         FDRE (Prop_DFF_SLICEL_C_Q)
                                                      0.079     2.108 r  hw_i/axi_smc/inst/clk_map/psr_aclk/U0/ACTIVE_LOW_BSR_OUT_DFF[0].FDRE_BSR_N/Q
                         net (fo=93, routed)          1.720     3.828    hw_i/axi_smc/inst/s00_entry_pipeline/s00_transaction_regulator/inst/xpm_cdc_async_rst_inst/src_arst
    SLICE_X2Y144         FDCE                                         f  hw_i/axi_smc/inst/s00_entry_pipeline/s00_transaction_regulator/inst/xpm_cdc_async_rst_inst/arststages_ff_reg[0]/CLR  (IS_INVERTED)
  -------------------------------------------------------------------    -------------------

                         (clock clk_pl_0 rise edge)
                                                      0.000     0.000 r  
    PS8_X0Y0             PS8                          0.000     0.000 r  hw_i/zynq_ultra_ps_e_0/inst/PS8_i/PLCLK[0]
                         net (fo=1, routed)           0.135     0.135    hw_i/zynq_ultra_ps_e_0/inst/pl_clk_unbuffered[0]
    BUFG_PS_X0Y67        BUFG_PS (Prop_BUFG_PS_I_O)
                                                      0.025     0.160 r  hw_i/zynq_ultra_ps_e_0/inst/buffer_pl_clk_0.PL_CLK_0_BUFG/O
    X0Y1 (CLOCK_ROOT)    net (fo=3796, routed)        1.635     1.795    hw_i/axi_smc/inst/s00_entry_pipeline/s00_transaction_regulator/inst/xpm_cdc_async_rst_inst/dest_clk
    SLICE_X2Y144         FDCE                                         r  hw_i/axi_smc/inst/s00_entry_pipeline/s00_transaction_regulator/inst/xpm_cdc_async_rst_inst/arststages_ff_reg[0]/C

Slack:                    inf
  Source:                 hw_i/axi_smc/inst/clk_map/psr_aclk/U0/ACTIVE_LOW_BSR_OUT_DFF[0].FDRE_BSR_N/C
                            (rising edge-triggered cell FDRE clocked by clk_pl_0  {rise@0.000ns fall@5.156ns period=10.312ns})
  Destination:            hw_i/axi_smc/inst/s00_entry_pipeline/s00_transaction_regulator/inst/xpm_cdc_async_rst_inst/arststages_ff_reg[1]/CLR
                            (recovery check against rising-edge clock clk_pl_0  {rise@0.000ns fall@5.156ns period=10.312ns})
  Path Group:             (none)
  Path Type:              Recovery (Max at Slow Process Corner)
  Data Path Delay:        1.799ns  (logic 0.079ns (4.392%)  route 1.720ns (95.608%))
  Logic Levels:           0  
  Clock Path Skew:        -0.234ns (DCD - SCD + CPR)
    Destination Clock Delay (DCD):    1.795ns
    Source Clock Delay      (SCD):    2.029ns
    Clock Pessimism Removal (CPR):    0.000ns
  Clock Uncertainty:      0.159ns  ((TSJ^2 + DJ^2)^1/2) / 2 + PE
    Total System Jitter     (TSJ):    0.071ns
    Discrete Jitter          (DJ):    0.310ns
    Phase Error              (PE):    0.000ns
  Clock Net Delay (Source):      1.830ns (routing 0.753ns, distribution 1.077ns)
  Clock Net Delay (Destination): 1.635ns (routing 0.683ns, distribution 0.952ns)
  Timing Exception:       False Path

    Location             Delay type                Incr(ns)  Path(ns)    Netlist Resource(s)
  -------------------------------------------------------------------    -------------------
                         (clock clk_pl_0 rise edge)
                                                      0.000     0.000 r  
    PS8_X0Y0             PS8                          0.000     0.000 r  hw_i/zynq_ultra_ps_e_0/inst/PS8_i/PLCLK[0]
                         net (fo=1, routed)           0.171     0.171    hw_i/zynq_ultra_ps_e_0/inst/pl_clk_unbuffered[0]
    BUFG_PS_X0Y67        BUFG_PS (Prop_BUFG_PS_I_O)
                                                      0.028     0.199 r  hw_i/zynq_ultra_ps_e_0/inst/buffer_pl_clk_0.PL_CLK_0_BUFG/O
    X0Y1 (CLOCK_ROOT)    net (fo=3796, routed)        1.830     2.029    hw_i/axi_smc/inst/clk_map/psr_aclk/U0/aclk
    SLICE_X8Y131         FDRE                                         r  hw_i/axi_smc/inst/clk_map/psr_aclk/U0/ACTIVE_LOW_BSR_OUT_DFF[0].FDRE_BSR_N/C
  -------------------------------------------------------------------    -------------------
    SLICE_X8Y131         FDRE (Prop_DFF_SLICEL_C_Q)
                                                      0.079     2.108 r  hw_i/axi_smc/inst/clk_map/psr_aclk/U0/ACTIVE_LOW_BSR_OUT_DFF[0].FDRE_BSR_N/Q
                         net (fo=93, routed)          1.720     3.828    hw_i/axi_smc/inst/s00_entry_pipeline/s00_transaction_regulator/inst/xpm_cdc_async_rst_inst/src_arst
    SLICE_X2Y144         FDCE                                         f  hw_i/axi_smc/inst/s00_entry_pipeline/s00_transaction_regulator/inst/xpm_cdc_async_rst_inst/arststages_ff_reg[1]/CLR  (IS_INVERTED)
  -------------------------------------------------------------------    -------------------

                         (clock clk_pl_0 rise edge)
                                                      0.000     0.000 r  
    PS8_X0Y0             PS8                          0.000     0.000 r  hw_i/zynq_ultra_ps_e_0/inst/PS8_i/PLCLK[0]
                         net (fo=1, routed)           0.135     0.135    hw_i/zynq_ultra_ps_e_0/inst/pl_clk_unbuffered[0]
    BUFG_PS_X0Y67        BUFG_PS (Prop_BUFG_PS_I_O)
                                                      0.025     0.160 r  hw_i/zynq_ultra_ps_e_0/inst/buffer_pl_clk_0.PL_CLK_0_BUFG/O
    X0Y1 (CLOCK_ROOT)    net (fo=3796, routed)        1.635     1.795    hw_i/axi_smc/inst/s00_entry_pipeline/s00_transaction_regulator/inst/xpm_cdc_async_rst_inst/dest_clk
    SLICE_X2Y144         FDCE                                         r  hw_i/axi_smc/inst/s00_entry_pipeline/s00_transaction_regulator/inst/xpm_cdc_async_rst_inst/arststages_ff_reg[1]/C

Slack:                    inf
  Source:                 hw_i/axi_smc/inst/clk_map/psr_aclk/U0/ACTIVE_LOW_BSR_OUT_DFF[0].FDRE_BSR_N/C
                            (rising edge-triggered cell FDRE clocked by clk_pl_0  {rise@0.000ns fall@5.156ns period=10.312ns})
  Destination:            hw_i/axi_smc/inst/s00_entry_pipeline/s00_transaction_regulator/inst/xpm_cdc_async_rst_inst/arststages_ff_reg[2]/CLR
                            (recovery check against rising-edge clock clk_pl_0  {rise@0.000ns fall@5.156ns period=10.312ns})
  Path Group:             (none)
  Path Type:              Recovery (Max at Slow Process Corner)
  Data Path Delay:        1.799ns  (logic 0.079ns (4.392%)  route 1.720ns (95.608%))
  Logic Levels:           0  
  Clock Path Skew:        -0.234ns (DCD - SCD + CPR)
    Destination Clock Delay (DCD):    1.795ns
    Source Clock Delay      (SCD):    2.029ns
    Clock Pessimism Removal (CPR):    0.000ns
  Clock Uncertainty:      0.159ns  ((TSJ^2 + DJ^2)^1/2) / 2 + PE
    Total System Jitter     (TSJ):    0.071ns
    Discrete Jitter          (DJ):    0.310ns
    Phase Error              (PE):    0.000ns
  Clock Net Delay (Source):      1.830ns (routing 0.753ns, distribution 1.077ns)
  Clock Net Delay (Destination): 1.635ns (routing 0.683ns, distribution 0.952ns)
  Timing Exception:       False Path

    Location             Delay type                Incr(ns)  Path(ns)    Netlist Resource(s)
  -------------------------------------------------------------------    -------------------
                         (clock clk_pl_0 rise edge)
                                                      0.000     0.000 r  
    PS8_X0Y0             PS8                          0.000     0.000 r  hw_i/zynq_ultra_ps_e_0/inst/PS8_i/PLCLK[0]
                         net (fo=1, routed)           0.171     0.171    hw_i/zynq_ultra_ps_e_0/inst/pl_clk_unbuffered[0]
    BUFG_PS_X0Y67        BUFG_PS (Prop_BUFG_PS_I_O)
                                                      0.028     0.199 r  hw_i/zynq_ultra_ps_e_0/inst/buffer_pl_clk_0.PL_CLK_0_BUFG/O
    X0Y1 (CLOCK_ROOT)    net (fo=3796, routed)        1.830     2.029    hw_i/axi_smc/inst/clk_map/psr_aclk/U0/aclk
    SLICE_X8Y131         FDRE                                         r  hw_i/axi_smc/inst/clk_map/psr_aclk/U0/ACTIVE_LOW_BSR_OUT_DFF[0].FDRE_BSR_N/C
  -------------------------------------------------------------------    -------------------
    SLICE_X8Y131         FDRE (Prop_DFF_SLICEL_C_Q)
                                                      0.079     2.108 r  hw_i/axi_smc/inst/clk_map/psr_aclk/U0/ACTIVE_LOW_BSR_OUT_DFF[0].FDRE_BSR_N/Q
                         net (fo=93, routed)          1.720     3.828    hw_i/axi_smc/inst/s00_entry_pipeline/s00_transaction_regulator/inst/xpm_cdc_async_rst_inst/src_arst
    SLICE_X2Y144         FDCE                                         f  hw_i/axi_smc/inst/s00_entry_pipeline/s00_transaction_regulator/inst/xpm_cdc_async_rst_inst/arststages_ff_reg[2]/CLR  (IS_INVERTED)
  -------------------------------------------------------------------    -------------------

                         (clock clk_pl_0 rise edge)
                                                      0.000     0.000 r  
    PS8_X0Y0             PS8                          0.000     0.000 r  hw_i/zynq_ultra_ps_e_0/inst/PS8_i/PLCLK[0]
                         net (fo=1, routed)           0.135     0.135    hw_i/zynq_ultra_ps_e_0/inst/pl_clk_unbuffered[0]
    BUFG_PS_X0Y67        BUFG_PS (Prop_BUFG_PS_I_O)
                                                      0.025     0.160 r  hw_i/zynq_ultra_ps_e_0/inst/buffer_pl_clk_0.PL_CLK_0_BUFG/O
    X0Y1 (CLOCK_ROOT)    net (fo=3796, routed)        1.635     1.795    hw_i/axi_smc/inst/s00_entry_pipeline/s00_transaction_regulator/inst/xpm_cdc_async_rst_inst/dest_clk
    SLICE_X2Y144         FDCE                                         r  hw_i/axi_smc/inst/s00_entry_pipeline/s00_transaction_regulator/inst/xpm_cdc_async_rst_inst/arststages_ff_reg[2]/C

Slack:                    inf
  Source:                 hw_i/axi_smc/inst/clk_map/psr_aclk/U0/ACTIVE_LOW_BSR_OUT_DFF[0].FDRE_BSR_N/C
                            (rising edge-triggered cell FDRE clocked by clk_pl_0  {rise@0.000ns fall@5.156ns period=10.312ns})
  Destination:            hw_i/axi_smc/inst/s00_entry_pipeline/s00_mmu/inst/xpm_cdc_async_rst_inst/arststages_ff_reg[0]/CLR
                            (recovery check against rising-edge clock clk_pl_0  {rise@0.000ns fall@5.156ns period=10.312ns})
  Path Group:             (none)
  Path Type:              Recovery (Max at Slow Process Corner)
  Data Path Delay:        1.652ns  (logic 0.079ns (4.781%)  route 1.573ns (95.219%))
  Logic Levels:           0  
  Clock Path Skew:        -0.240ns (DCD - SCD + CPR)
    Destination Clock Delay (DCD):    1.789ns
    Source Clock Delay      (SCD):    2.029ns
    Clock Pessimism Removal (CPR):    0.000ns
  Clock Uncertainty:      0.159ns  ((TSJ^2 + DJ^2)^1/2) / 2 + PE
    Total System Jitter     (TSJ):    0.071ns
    Discrete Jitter          (DJ):    0.310ns
    Phase Error              (PE):    0.000ns
  Clock Net Delay (Source):      1.830ns (routing 0.753ns, distribution 1.077ns)
  Clock Net Delay (Destination): 1.629ns (routing 0.683ns, distribution 0.946ns)
  Timing Exception:       False Path

    Location             Delay type                Incr(ns)  Path(ns)    Netlist Resource(s)
  -------------------------------------------------------------------    -------------------
                         (clock clk_pl_0 rise edge)
                                                      0.000     0.000 r  
    PS8_X0Y0             PS8                          0.000     0.000 r  hw_i/zynq_ultra_ps_e_0/inst/PS8_i/PLCLK[0]
                         net (fo=1, routed)           0.171     0.171    hw_i/zynq_ultra_ps_e_0/inst/pl_clk_unbuffered[0]
    BUFG_PS_X0Y67        BUFG_PS (Prop_BUFG_PS_I_O)
                                                      0.028     0.199 r  hw_i/zynq_ultra_ps_e_0/inst/buffer_pl_clk_0.PL_CLK_0_BUFG/O
    X0Y1 (CLOCK_ROOT)    net (fo=3796, routed)        1.830     2.029    hw_i/axi_smc/inst/clk_map/psr_aclk/U0/aclk
    SLICE_X8Y131         FDRE                                         r  hw_i/axi_smc/inst/clk_map/psr_aclk/U0/ACTIVE_LOW_BSR_OUT_DFF[0].FDRE_BSR_N/C
  -------------------------------------------------------------------    -------------------
    SLICE_X8Y131         FDRE (Prop_DFF_SLICEL_C_Q)
                                                      0.079     2.108 r  hw_i/axi_smc/inst/clk_map/psr_aclk/U0/ACTIVE_LOW_BSR_OUT_DFF[0].FDRE_BSR_N/Q
                         net (fo=93, routed)          1.573     3.681    hw_i/axi_smc/inst/s00_entry_pipeline/s00_mmu/inst/xpm_cdc_async_rst_inst/src_arst
    SLICE_X2Y146         FDCE                                         f  hw_i/axi_smc/inst/s00_entry_pipeline/s00_mmu/inst/xpm_cdc_async_rst_inst/arststages_ff_reg[0]/CLR  (IS_INVERTED)
  -------------------------------------------------------------------    -------------------

                         (clock clk_pl_0 rise edge)
                                                      0.000     0.000 r  
    PS8_X0Y0             PS8                          0.000     0.000 r  hw_i/zynq_ultra_ps_e_0/inst/PS8_i/PLCLK[0]
                         net (fo=1, routed)           0.135     0.135    hw_i/zynq_ultra_ps_e_0/inst/pl_clk_unbuffered[0]
    BUFG_PS_X0Y67        BUFG_PS (Prop_BUFG_PS_I_O)
                                                      0.025     0.160 r  hw_i/zynq_ultra_ps_e_0/inst/buffer_pl_clk_0.PL_CLK_0_BUFG/O
    X0Y1 (CLOCK_ROOT)    net (fo=3796, routed)        1.629     1.789    hw_i/axi_smc/inst/s00_entry_pipeline/s00_mmu/inst/xpm_cdc_async_rst_inst/dest_clk
    SLICE_X2Y146         FDCE                                         r  hw_i/axi_smc/inst/s00_entry_pipeline/s00_mmu/inst/xpm_cdc_async_rst_inst/arststages_ff_reg[0]/C

Slack:                    inf
  Source:                 hw_i/axi_smc/inst/clk_map/psr_aclk/U0/ACTIVE_LOW_BSR_OUT_DFF[0].FDRE_BSR_N/C
                            (rising edge-triggered cell FDRE clocked by clk_pl_0  {rise@0.000ns fall@5.156ns period=10.312ns})
  Destination:            hw_i/axi_smc/inst/s00_entry_pipeline/s00_mmu/inst/xpm_cdc_async_rst_inst/arststages_ff_reg[1]/CLR
                            (recovery check against rising-edge clock clk_pl_0  {rise@0.000ns fall@5.156ns period=10.312ns})
  Path Group:             (none)
  Path Type:              Recovery (Max at Slow Process Corner)
  Data Path Delay:        1.652ns  (logic 0.079ns (4.781%)  route 1.573ns (95.219%))
  Logic Levels:           0  
  Clock Path Skew:        -0.240ns (DCD - SCD + CPR)
    Destination Clock Delay (DCD):    1.789ns
    Source Clock Delay      (SCD):    2.029ns
    Clock Pessimism Removal (CPR):    0.000ns
  Clock Uncertainty:      0.159ns  ((TSJ^2 + DJ^2)^1/2) / 2 + PE
    Total System Jitter     (TSJ):    0.071ns
    Discrete Jitter          (DJ):    0.310ns
    Phase Error              (PE):    0.000ns
  Clock Net Delay (Source):      1.830ns (routing 0.753ns, distribution 1.077ns)
  Clock Net Delay (Destination): 1.629ns (routing 0.683ns, distribution 0.946ns)
  Timing Exception:       False Path

    Location             Delay type                Incr(ns)  Path(ns)    Netlist Resource(s)
  -------------------------------------------------------------------    -------------------
                         (clock clk_pl_0 rise edge)
                                                      0.000     0.000 r  
    PS8_X0Y0             PS8                          0.000     0.000 r  hw_i/zynq_ultra_ps_e_0/inst/PS8_i/PLCLK[0]
                         net (fo=1, routed)           0.171     0.171    hw_i/zynq_ultra_ps_e_0/inst/pl_clk_unbuffered[0]
    BUFG_PS_X0Y67        BUFG_PS (Prop_BUFG_PS_I_O)
                                                      0.028     0.199 r  hw_i/zynq_ultra_ps_e_0/inst/buffer_pl_clk_0.PL_CLK_0_BUFG/O
    X0Y1 (CLOCK_ROOT)    net (fo=3796, routed)        1.830     2.029    hw_i/axi_smc/inst/clk_map/psr_aclk/U0/aclk
    SLICE_X8Y131         FDRE                                         r  hw_i/axi_smc/inst/clk_map/psr_aclk/U0/ACTIVE_LOW_BSR_OUT_DFF[0].FDRE_BSR_N/C
  -------------------------------------------------------------------    -------------------
    SLICE_X8Y131         FDRE (Prop_DFF_SLICEL_C_Q)
                                                      0.079     2.108 r  hw_i/axi_smc/inst/clk_map/psr_aclk/U0/ACTIVE_LOW_BSR_OUT_DFF[0].FDRE_BSR_N/Q
                         net (fo=93, routed)          1.573     3.681    hw_i/axi_smc/inst/s00_entry_pipeline/s00_mmu/inst/xpm_cdc_async_rst_inst/src_arst
    SLICE_X2Y146         FDCE                                         f  hw_i/axi_smc/inst/s00_entry_pipeline/s00_mmu/inst/xpm_cdc_async_rst_inst/arststages_ff_reg[1]/CLR  (IS_INVERTED)
  -------------------------------------------------------------------    -------------------

                         (clock clk_pl_0 rise edge)
                                                      0.000     0.000 r  
    PS8_X0Y0             PS8                          0.000     0.000 r  hw_i/zynq_ultra_ps_e_0/inst/PS8_i/PLCLK[0]
                         net (fo=1, routed)           0.135     0.135    hw_i/zynq_ultra_ps_e_0/inst/pl_clk_unbuffered[0]
    BUFG_PS_X0Y67        BUFG_PS (Prop_BUFG_PS_I_O)
                                                      0.025     0.160 r  hw_i/zynq_ultra_ps_e_0/inst/buffer_pl_clk_0.PL_CLK_0_BUFG/O
    X0Y1 (CLOCK_ROOT)    net (fo=3796, routed)        1.629     1.789    hw_i/axi_smc/inst/s00_entry_pipeline/s00_mmu/inst/xpm_cdc_async_rst_inst/dest_clk
    SLICE_X2Y146         FDCE                                         r  hw_i/axi_smc/inst/s00_entry_pipeline/s00_mmu/inst/xpm_cdc_async_rst_inst/arststages_ff_reg[1]/C

Slack:                    inf
  Source:                 hw_i/axi_smc/inst/clk_map/psr_aclk/U0/ACTIVE_LOW_BSR_OUT_DFF[0].FDRE_BSR_N/C
                            (rising edge-triggered cell FDRE clocked by clk_pl_0  {rise@0.000ns fall@5.156ns period=10.312ns})
  Destination:            hw_i/axi_smc/inst/s00_entry_pipeline/s00_mmu/inst/xpm_cdc_async_rst_inst/arststages_ff_reg[2]/CLR
                            (recovery check against rising-edge clock clk_pl_0  {rise@0.000ns fall@5.156ns period=10.312ns})
  Path Group:             (none)
  Path Type:              Recovery (Max at Slow Process Corner)
  Data Path Delay:        1.652ns  (logic 0.079ns (4.781%)  route 1.573ns (95.219%))
  Logic Levels:           0  
  Clock Path Skew:        -0.240ns (DCD - SCD + CPR)
    Destination Clock Delay (DCD):    1.789ns
    Source Clock Delay      (SCD):    2.029ns
    Clock Pessimism Removal (CPR):    0.000ns
  Clock Uncertainty:      0.159ns  ((TSJ^2 + DJ^2)^1/2) / 2 + PE
    Total System Jitter     (TSJ):    0.071ns
    Discrete Jitter          (DJ):    0.310ns
    Phase Error              (PE):    0.000ns
  Clock Net Delay (Source):      1.830ns (routing 0.753ns, distribution 1.077ns)
  Clock Net Delay (Destination): 1.629ns (routing 0.683ns, distribution 0.946ns)
  Timing Exception:       False Path

    Location             Delay type                Incr(ns)  Path(ns)    Netlist Resource(s)
  -------------------------------------------------------------------    -------------------
                         (clock clk_pl_0 rise edge)
                                                      0.000     0.000 r  
    PS8_X0Y0             PS8                          0.000     0.000 r  hw_i/zynq_ultra_ps_e_0/inst/PS8_i/PLCLK[0]
                         net (fo=1, routed)           0.171     0.171    hw_i/zynq_ultra_ps_e_0/inst/pl_clk_unbuffered[0]
    BUFG_PS_X0Y67        BUFG_PS (Prop_BUFG_PS_I_O)
                                                      0.028     0.199 r  hw_i/zynq_ultra_ps_e_0/inst/buffer_pl_clk_0.PL_CLK_0_BUFG/O
    X0Y1 (CLOCK_ROOT)    net (fo=3796, routed)        1.830     2.029    hw_i/axi_smc/inst/clk_map/psr_aclk/U0/aclk
    SLICE_X8Y131         FDRE                                         r  hw_i/axi_smc/inst/clk_map/psr_aclk/U0/ACTIVE_LOW_BSR_OUT_DFF[0].FDRE_BSR_N/C
  -------------------------------------------------------------------    -------------------
    SLICE_X8Y131         FDRE (Prop_DFF_SLICEL_C_Q)
                                                      0.079     2.108 r  hw_i/axi_smc/inst/clk_map/psr_aclk/U0/ACTIVE_LOW_BSR_OUT_DFF[0].FDRE_BSR_N/Q
                         net (fo=93, routed)          1.573     3.681    hw_i/axi_smc/inst/s00_entry_pipeline/s00_mmu/inst/xpm_cdc_async_rst_inst/src_arst
    SLICE_X2Y146         FDCE                                         f  hw_i/axi_smc/inst/s00_entry_pipeline/s00_mmu/inst/xpm_cdc_async_rst_inst/arststages_ff_reg[2]/CLR  (IS_INVERTED)
  -------------------------------------------------------------------    -------------------

                         (clock clk_pl_0 rise edge)
                                                      0.000     0.000 r  
    PS8_X0Y0             PS8                          0.000     0.000 r  hw_i/zynq_ultra_ps_e_0/inst/PS8_i/PLCLK[0]
                         net (fo=1, routed)           0.135     0.135    hw_i/zynq_ultra_ps_e_0/inst/pl_clk_unbuffered[0]
    BUFG_PS_X0Y67        BUFG_PS (Prop_BUFG_PS_I_O)
                                                      0.025     0.160 r  hw_i/zynq_ultra_ps_e_0/inst/buffer_pl_clk_0.PL_CLK_0_BUFG/O
    X0Y1 (CLOCK_ROOT)    net (fo=3796, routed)        1.629     1.789    hw_i/axi_smc/inst/s00_entry_pipeline/s00_mmu/inst/xpm_cdc_async_rst_inst/dest_clk
    SLICE_X2Y146         FDCE                                         r  hw_i/axi_smc/inst/s00_entry_pipeline/s00_mmu/inst/xpm_cdc_async_rst_inst/arststages_ff_reg[2]/C

Slack:                    inf
  Source:                 hw_i/axi_smc/inst/clk_map/psr_aclk/U0/ACTIVE_LOW_BSR_OUT_DFF[0].FDRE_BSR_N/C
                            (rising edge-triggered cell FDRE clocked by clk_pl_0  {rise@0.000ns fall@5.156ns period=10.312ns})
  Destination:            hw_i/axi_smc/inst/s00_nodes/s00_b_node/inst/s_sc_xpm_cdc_async_rst_inst/arststages_ff_reg[0]/CLR
                            (recovery check against rising-edge clock clk_pl_0  {rise@0.000ns fall@5.156ns period=10.312ns})
  Path Group:             (none)
  Path Type:              Recovery (Max at Slow Process Corner)
  Data Path Delay:        1.501ns  (logic 0.079ns (5.264%)  route 1.422ns (94.736%))
  Logic Levels:           0  
  Clock Path Skew:        -0.253ns (DCD - SCD + CPR)
    Destination Clock Delay (DCD):    1.776ns
    Source Clock Delay      (SCD):    2.029ns
    Clock Pessimism Removal (CPR):    0.000ns
  Clock Uncertainty:      0.159ns  ((TSJ^2 + DJ^2)^1/2) / 2 + PE
    Total System Jitter     (TSJ):    0.071ns
    Discrete Jitter          (DJ):    0.310ns
    Phase Error              (PE):    0.000ns
  Clock Net Delay (Source):      1.830ns (routing 0.753ns, distribution 1.077ns)
  Clock Net Delay (Destination): 1.616ns (routing 0.683ns, distribution 0.933ns)
  Timing Exception:       False Path

    Location             Delay type                Incr(ns)  Path(ns)    Netlist Resource(s)
  -------------------------------------------------------------------    -------------------
                         (clock clk_pl_0 rise edge)
                                                      0.000     0.000 r  
    PS8_X0Y0             PS8                          0.000     0.000 r  hw_i/zynq_ultra_ps_e_0/inst/PS8_i/PLCLK[0]
                         net (fo=1, routed)           0.171     0.171    hw_i/zynq_ultra_ps_e_0/inst/pl_clk_unbuffered[0]
    BUFG_PS_X0Y67        BUFG_PS (Prop_BUFG_PS_I_O)
                                                      0.028     0.199 r  hw_i/zynq_ultra_ps_e_0/inst/buffer_pl_clk_0.PL_CLK_0_BUFG/O
    X0Y1 (CLOCK_ROOT)    net (fo=3796, routed)        1.830     2.029    hw_i/axi_smc/inst/clk_map/psr_aclk/U0/aclk
    SLICE_X8Y131         FDRE                                         r  hw_i/axi_smc/inst/clk_map/psr_aclk/U0/ACTIVE_LOW_BSR_OUT_DFF[0].FDRE_BSR_N/C
  -------------------------------------------------------------------    -------------------
    SLICE_X8Y131         FDRE (Prop_DFF_SLICEL_C_Q)
                                                      0.079     2.108 r  hw_i/axi_smc/inst/clk_map/psr_aclk/U0/ACTIVE_LOW_BSR_OUT_DFF[0].FDRE_BSR_N/Q
                         net (fo=93, routed)          1.422     3.530    hw_i/axi_smc/inst/s00_nodes/s00_b_node/inst/s_sc_xpm_cdc_async_rst_inst/src_arst
    SLICE_X3Y147         FDCE                                         f  hw_i/axi_smc/inst/s00_nodes/s00_b_node/inst/s_sc_xpm_cdc_async_rst_inst/arststages_ff_reg[0]/CLR  (IS_INVERTED)
  -------------------------------------------------------------------    -------------------

                         (clock clk_pl_0 rise edge)
                                                      0.000     0.000 r  
    PS8_X0Y0             PS8                          0.000     0.000 r  hw_i/zynq_ultra_ps_e_0/inst/PS8_i/PLCLK[0]
                         net (fo=1, routed)           0.135     0.135    hw_i/zynq_ultra_ps_e_0/inst/pl_clk_unbuffered[0]
    BUFG_PS_X0Y67        BUFG_PS (Prop_BUFG_PS_I_O)
                                                      0.025     0.160 r  hw_i/zynq_ultra_ps_e_0/inst/buffer_pl_clk_0.PL_CLK_0_BUFG/O
    X0Y1 (CLOCK_ROOT)    net (fo=3796, routed)        1.616     1.776    hw_i/axi_smc/inst/s00_nodes/s00_b_node/inst/s_sc_xpm_cdc_async_rst_inst/dest_clk
    SLICE_X3Y147         FDCE                                         r  hw_i/axi_smc/inst/s00_nodes/s00_b_node/inst/s_sc_xpm_cdc_async_rst_inst/arststages_ff_reg[0]/C





Min Delay Paths
--------------------------------------------------------------------------------------
Slack:                    inf
  Source:                 hw_i/axi_smc/inst/clk_map/psr_aclk/U0/ACTIVE_LOW_BSR_OUT_DFF[0].FDRE_BSR_N/C
                            (rising edge-triggered cell FDRE clocked by clk_pl_0  {rise@0.000ns fall@5.156ns period=10.312ns})
  Destination:            hw_i/axi_smc/inst/m02_nodes/m02_r_node/inst/s_sc_xpm_cdc_async_rst_inst/arststages_ff_reg[0]/CLR
                            (removal check against rising-edge clock clk_pl_0  {rise@0.000ns fall@5.156ns period=10.312ns})
  Path Group:             (none)
  Path Type:              Removal (Min at Fast Process Corner)
  Data Path Delay:        0.152ns  (logic 0.039ns (25.687%)  route 0.113ns (74.313%))
  Logic Levels:           0  
  Clock Path Skew:        0.162ns (DCD - SCD - CPR)
    Destination Clock Delay (DCD):    1.277ns
    Source Clock Delay      (SCD):    1.115ns
    Clock Pessimism Removal (CPR):    -0.000ns
  Clock Uncertainty:      0.159ns  ((TSJ^2 + DJ^2)^1/2) / 2 + PE
    Total System Jitter     (TSJ):    0.071ns
    Discrete Jitter          (DJ):    0.310ns
    Phase Error              (PE):    0.000ns
  Clock Net Delay (Source):      1.004ns (routing 0.410ns, distribution 0.594ns)
  Clock Net Delay (Destination): 1.139ns (routing 0.459ns, distribution 0.680ns)
  Timing Exception:       False Path

    Location             Delay type                Incr(ns)  Path(ns)    Netlist Resource(s)
  -------------------------------------------------------------------    -------------------
                         (clock clk_pl_0 rise edge)
                                                      0.000     0.000 r  
    PS8_X0Y0             PS8                          0.000     0.000 r  hw_i/zynq_ultra_ps_e_0/inst/PS8_i/PLCLK[0]
                         net (fo=1, routed)           0.094     0.094    hw_i/zynq_ultra_ps_e_0/inst/pl_clk_unbuffered[0]
    BUFG_PS_X0Y67        BUFG_PS (Prop_BUFG_PS_I_O)
                                                      0.017     0.111 r  hw_i/zynq_ultra_ps_e_0/inst/buffer_pl_clk_0.PL_CLK_0_BUFG/O
    X0Y1 (CLOCK_ROOT)    net (fo=3796, routed)        1.004     1.115    hw_i/axi_smc/inst/clk_map/psr_aclk/U0/aclk
    SLICE_X8Y131         FDRE                                         r  hw_i/axi_smc/inst/clk_map/psr_aclk/U0/ACTIVE_LOW_BSR_OUT_DFF[0].FDRE_BSR_N/C
  -------------------------------------------------------------------    -------------------
    SLICE_X8Y131         FDRE (Prop_DFF_SLICEL_C_Q)
                                                      0.039     1.154 r  hw_i/axi_smc/inst/clk_map/psr_aclk/U0/ACTIVE_LOW_BSR_OUT_DFF[0].FDRE_BSR_N/Q
                         net (fo=93, routed)          0.113     1.267    hw_i/axi_smc/inst/m02_nodes/m02_r_node/inst/s_sc_xpm_cdc_async_rst_inst/src_arst
    SLICE_X8Y132         FDCE                                         f  hw_i/axi_smc/inst/m02_nodes/m02_r_node/inst/s_sc_xpm_cdc_async_rst_inst/arststages_ff_reg[0]/CLR  (IS_INVERTED)
  -------------------------------------------------------------------    -------------------

                         (clock clk_pl_0 rise edge)
                                                      0.000     0.000 r  
    PS8_X0Y0             PS8                          0.000     0.000 r  hw_i/zynq_ultra_ps_e_0/inst/PS8_i/PLCLK[0]
                         net (fo=1, routed)           0.120     0.120    hw_i/zynq_ultra_ps_e_0/inst/pl_clk_unbuffered[0]
    BUFG_PS_X0Y67        BUFG_PS (Prop_BUFG_PS_I_O)
                                                      0.018     0.138 r  hw_i/zynq_ultra_ps_e_0/inst/buffer_pl_clk_0.PL_CLK_0_BUFG/O
    X0Y1 (CLOCK_ROOT)    net (fo=3796, routed)        1.139     1.277    hw_i/axi_smc/inst/m02_nodes/m02_r_node/inst/s_sc_xpm_cdc_async_rst_inst/dest_clk
    SLICE_X8Y132         FDCE                                         r  hw_i/axi_smc/inst/m02_nodes/m02_r_node/inst/s_sc_xpm_cdc_async_rst_inst/arststages_ff_reg[0]/C

Slack:                    inf
  Source:                 hw_i/axi_smc/inst/clk_map/psr_aclk/U0/ACTIVE_LOW_BSR_OUT_DFF[0].FDRE_BSR_N/C
                            (rising edge-triggered cell FDRE clocked by clk_pl_0  {rise@0.000ns fall@5.156ns period=10.312ns})
  Destination:            hw_i/axi_smc/inst/m02_nodes/m02_r_node/inst/s_sc_xpm_cdc_async_rst_inst/arststages_ff_reg[1]/CLR
                            (removal check against rising-edge clock clk_pl_0  {rise@0.000ns fall@5.156ns period=10.312ns})
  Path Group:             (none)
  Path Type:              Removal (Min at Fast Process Corner)
  Data Path Delay:        0.152ns  (logic 0.039ns (25.687%)  route 0.113ns (74.313%))
  Logic Levels:           0  
  Clock Path Skew:        0.162ns (DCD - SCD - CPR)
    Destination Clock Delay (DCD):    1.277ns
    Source Clock Delay      (SCD):    1.115ns
    Clock Pessimism Removal (CPR):    -0.000ns
  Clock Uncertainty:      0.159ns  ((TSJ^2 + DJ^2)^1/2) / 2 + PE
    Total System Jitter     (TSJ):    0.071ns
    Discrete Jitter          (DJ):    0.310ns
    Phase Error              (PE):    0.000ns
  Clock Net Delay (Source):      1.004ns (routing 0.410ns, distribution 0.594ns)
  Clock Net Delay (Destination): 1.139ns (routing 0.459ns, distribution 0.680ns)
  Timing Exception:       False Path

    Location             Delay type                Incr(ns)  Path(ns)    Netlist Resource(s)
  -------------------------------------------------------------------    -------------------
                         (clock clk_pl_0 rise edge)
                                                      0.000     0.000 r  
    PS8_X0Y0             PS8                          0.000     0.000 r  hw_i/zynq_ultra_ps_e_0/inst/PS8_i/PLCLK[0]
                         net (fo=1, routed)           0.094     0.094    hw_i/zynq_ultra_ps_e_0/inst/pl_clk_unbuffered[0]
    BUFG_PS_X0Y67        BUFG_PS (Prop_BUFG_PS_I_O)
                                                      0.017     0.111 r  hw_i/zynq_ultra_ps_e_0/inst/buffer_pl_clk_0.PL_CLK_0_BUFG/O
    X0Y1 (CLOCK_ROOT)    net (fo=3796, routed)        1.004     1.115    hw_i/axi_smc/inst/clk_map/psr_aclk/U0/aclk
    SLICE_X8Y131         FDRE                                         r  hw_i/axi_smc/inst/clk_map/psr_aclk/U0/ACTIVE_LOW_BSR_OUT_DFF[0].FDRE_BSR_N/C
  -------------------------------------------------------------------    -------------------
    SLICE_X8Y131         FDRE (Prop_DFF_SLICEL_C_Q)
                                                      0.039     1.154 r  hw_i/axi_smc/inst/clk_map/psr_aclk/U0/ACTIVE_LOW_BSR_OUT_DFF[0].FDRE_BSR_N/Q
                         net (fo=93, routed)          0.113     1.267    hw_i/axi_smc/inst/m02_nodes/m02_r_node/inst/s_sc_xpm_cdc_async_rst_inst/src_arst
    SLICE_X8Y132         FDCE                                         f  hw_i/axi_smc/inst/m02_nodes/m02_r_node/inst/s_sc_xpm_cdc_async_rst_inst/arststages_ff_reg[1]/CLR  (IS_INVERTED)
  -------------------------------------------------------------------    -------------------

                         (clock clk_pl_0 rise edge)
                                                      0.000     0.000 r  
    PS8_X0Y0             PS8                          0.000     0.000 r  hw_i/zynq_ultra_ps_e_0/inst/PS8_i/PLCLK[0]
                         net (fo=1, routed)           0.120     0.120    hw_i/zynq_ultra_ps_e_0/inst/pl_clk_unbuffered[0]
    BUFG_PS_X0Y67        BUFG_PS (Prop_BUFG_PS_I_O)
                                                      0.018     0.138 r  hw_i/zynq_ultra_ps_e_0/inst/buffer_pl_clk_0.PL_CLK_0_BUFG/O
    X0Y1 (CLOCK_ROOT)    net (fo=3796, routed)        1.139     1.277    hw_i/axi_smc/inst/m02_nodes/m02_r_node/inst/s_sc_xpm_cdc_async_rst_inst/dest_clk
    SLICE_X8Y132         FDCE                                         r  hw_i/axi_smc/inst/m02_nodes/m02_r_node/inst/s_sc_xpm_cdc_async_rst_inst/arststages_ff_reg[1]/C

Slack:                    inf
  Source:                 hw_i/axi_smc/inst/clk_map/psr_aclk/U0/ACTIVE_LOW_BSR_OUT_DFF[0].FDRE_BSR_N/C
                            (rising edge-triggered cell FDRE clocked by clk_pl_0  {rise@0.000ns fall@5.156ns period=10.312ns})
  Destination:            hw_i/axi_smc/inst/m02_nodes/m02_r_node/inst/s_sc_xpm_cdc_async_rst_inst/arststages_ff_reg[2]/CLR
                            (removal check against rising-edge clock clk_pl_0  {rise@0.000ns fall@5.156ns period=10.312ns})
  Path Group:             (none)
  Path Type:              Removal (Min at Fast Process Corner)
  Data Path Delay:        0.152ns  (logic 0.039ns (25.687%)  route 0.113ns (74.313%))
  Logic Levels:           0  
  Clock Path Skew:        0.162ns (DCD - SCD - CPR)
    Destination Clock Delay (DCD):    1.277ns
    Source Clock Delay      (SCD):    1.115ns
    Clock Pessimism Removal (CPR):    -0.000ns
  Clock Uncertainty:      0.159ns  ((TSJ^2 + DJ^2)^1/2) / 2 + PE
    Total System Jitter     (TSJ):    0.071ns
    Discrete Jitter          (DJ):    0.310ns
    Phase Error              (PE):    0.000ns
  Clock Net Delay (Source):      1.004ns (routing 0.410ns, distribution 0.594ns)
  Clock Net Delay (Destination): 1.139ns (routing 0.459ns, distribution 0.680ns)
  Timing Exception:       False Path

    Location             Delay type                Incr(ns)  Path(ns)    Netlist Resource(s)
  -------------------------------------------------------------------    -------------------
                         (clock clk_pl_0 rise edge)
                                                      0.000     0.000 r  
    PS8_X0Y0             PS8                          0.000     0.000 r  hw_i/zynq_ultra_ps_e_0/inst/PS8_i/PLCLK[0]
                         net (fo=1, routed)           0.094     0.094    hw_i/zynq_ultra_ps_e_0/inst/pl_clk_unbuffered[0]
    BUFG_PS_X0Y67        BUFG_PS (Prop_BUFG_PS_I_O)
                                                      0.017     0.111 r  hw_i/zynq_ultra_ps_e_0/inst/buffer_pl_clk_0.PL_CLK_0_BUFG/O
    X0Y1 (CLOCK_ROOT)    net (fo=3796, routed)        1.004     1.115    hw_i/axi_smc/inst/clk_map/psr_aclk/U0/aclk
    SLICE_X8Y131         FDRE                                         r  hw_i/axi_smc/inst/clk_map/psr_aclk/U0/ACTIVE_LOW_BSR_OUT_DFF[0].FDRE_BSR_N/C
  -------------------------------------------------------------------    -------------------
    SLICE_X8Y131         FDRE (Prop_DFF_SLICEL_C_Q)
                                                      0.039     1.154 r  hw_i/axi_smc/inst/clk_map/psr_aclk/U0/ACTIVE_LOW_BSR_OUT_DFF[0].FDRE_BSR_N/Q
                         net (fo=93, routed)          0.113     1.267    hw_i/axi_smc/inst/m02_nodes/m02_r_node/inst/s_sc_xpm_cdc_async_rst_inst/src_arst
    SLICE_X8Y132         FDCE                                         f  hw_i/axi_smc/inst/m02_nodes/m02_r_node/inst/s_sc_xpm_cdc_async_rst_inst/arststages_ff_reg[2]/CLR  (IS_INVERTED)
  -------------------------------------------------------------------    -------------------

                         (clock clk_pl_0 rise edge)
                                                      0.000     0.000 r  
    PS8_X0Y0             PS8                          0.000     0.000 r  hw_i/zynq_ultra_ps_e_0/inst/PS8_i/PLCLK[0]
                         net (fo=1, routed)           0.120     0.120    hw_i/zynq_ultra_ps_e_0/inst/pl_clk_unbuffered[0]
    BUFG_PS_X0Y67        BUFG_PS (Prop_BUFG_PS_I_O)
                                                      0.018     0.138 r  hw_i/zynq_ultra_ps_e_0/inst/buffer_pl_clk_0.PL_CLK_0_BUFG/O
    X0Y1 (CLOCK_ROOT)    net (fo=3796, routed)        1.139     1.277    hw_i/axi_smc/inst/m02_nodes/m02_r_node/inst/s_sc_xpm_cdc_async_rst_inst/dest_clk
    SLICE_X8Y132         FDCE                                         r  hw_i/axi_smc/inst/m02_nodes/m02_r_node/inst/s_sc_xpm_cdc_async_rst_inst/arststages_ff_reg[2]/C

Slack:                    inf
  Source:                 hw_i/axi_smc/inst/clk_map/psr_aclk/U0/ACTIVE_LOW_BSR_OUT_DFF[0].FDRE_BSR_N/C
                            (rising edge-triggered cell FDRE clocked by clk_pl_0  {rise@0.000ns fall@5.156ns period=10.312ns})
  Destination:            hw_i/axi_smc/inst/m01_nodes/m01_r_node/inst/s_sc_xpm_cdc_async_rst_inst/arststages_ff_reg[0]/CLR
                            (removal check against rising-edge clock clk_pl_0  {rise@0.000ns fall@5.156ns period=10.312ns})
  Path Group:             (none)
  Path Type:              Removal (Min at Fast Process Corner)
  Data Path Delay:        0.216ns  (logic 0.039ns (18.055%)  route 0.177ns (81.945%))
  Logic Levels:           0  
  Clock Path Skew:        0.164ns (DCD - SCD - CPR)
    Destination Clock Delay (DCD):    1.279ns
    Source Clock Delay      (SCD):    1.115ns
    Clock Pessimism Removal (CPR):    -0.000ns
  Clock Uncertainty:      0.159ns  ((TSJ^2 + DJ^2)^1/2) / 2 + PE
    Total System Jitter     (TSJ):    0.071ns
    Discrete Jitter          (DJ):    0.310ns
    Phase Error              (PE):    0.000ns
  Clock Net Delay (Source):      1.004ns (routing 0.410ns, distribution 0.594ns)
  Clock Net Delay (Destination): 1.141ns (routing 0.459ns, distribution 0.682ns)
  Timing Exception:       False Path

    Location             Delay type                Incr(ns)  Path(ns)    Netlist Resource(s)
  -------------------------------------------------------------------    -------------------
                         (clock clk_pl_0 rise edge)
                                                      0.000     0.000 r  
    PS8_X0Y0             PS8                          0.000     0.000 r  hw_i/zynq_ultra_ps_e_0/inst/PS8_i/PLCLK[0]
                         net (fo=1, routed)           0.094     0.094    hw_i/zynq_ultra_ps_e_0/inst/pl_clk_unbuffered[0]
    BUFG_PS_X0Y67        BUFG_PS (Prop_BUFG_PS_I_O)
                                                      0.017     0.111 r  hw_i/zynq_ultra_ps_e_0/inst/buffer_pl_clk_0.PL_CLK_0_BUFG/O
    X0Y1 (CLOCK_ROOT)    net (fo=3796, routed)        1.004     1.115    hw_i/axi_smc/inst/clk_map/psr_aclk/U0/aclk
    SLICE_X8Y131         FDRE                                         r  hw_i/axi_smc/inst/clk_map/psr_aclk/U0/ACTIVE_LOW_BSR_OUT_DFF[0].FDRE_BSR_N/C
  -------------------------------------------------------------------    -------------------
    SLICE_X8Y131         FDRE (Prop_DFF_SLICEL_C_Q)
                                                      0.039     1.154 r  hw_i/axi_smc/inst/clk_map/psr_aclk/U0/ACTIVE_LOW_BSR_OUT_DFF[0].FDRE_BSR_N/Q
                         net (fo=93, routed)          0.177     1.331    hw_i/axi_smc/inst/m01_nodes/m01_r_node/inst/s_sc_xpm_cdc_async_rst_inst/src_arst
    SLICE_X9Y134         FDCE                                         f  hw_i/axi_smc/inst/m01_nodes/m01_r_node/inst/s_sc_xpm_cdc_async_rst_inst/arststages_ff_reg[0]/CLR  (IS_INVERTED)
  -------------------------------------------------------------------    -------------------

                         (clock clk_pl_0 rise edge)
                                                      0.000     0.000 r  
    PS8_X0Y0             PS8                          0.000     0.000 r  hw_i/zynq_ultra_ps_e_0/inst/PS8_i/PLCLK[0]
                         net (fo=1, routed)           0.120     0.120    hw_i/zynq_ultra_ps_e_0/inst/pl_clk_unbuffered[0]
    BUFG_PS_X0Y67        BUFG_PS (Prop_BUFG_PS_I_O)
                                                      0.018     0.138 r  hw_i/zynq_ultra_ps_e_0/inst/buffer_pl_clk_0.PL_CLK_0_BUFG/O
    X0Y1 (CLOCK_ROOT)    net (fo=3796, routed)        1.141     1.279    hw_i/axi_smc/inst/m01_nodes/m01_r_node/inst/s_sc_xpm_cdc_async_rst_inst/dest_clk
    SLICE_X9Y134         FDCE                                         r  hw_i/axi_smc/inst/m01_nodes/m01_r_node/inst/s_sc_xpm_cdc_async_rst_inst/arststages_ff_reg[0]/C

Slack:                    inf
  Source:                 hw_i/axi_smc/inst/clk_map/psr_aclk/U0/ACTIVE_LOW_BSR_OUT_DFF[0].FDRE_BSR_N/C
                            (rising edge-triggered cell FDRE clocked by clk_pl_0  {rise@0.000ns fall@5.156ns period=10.312ns})
  Destination:            hw_i/axi_smc/inst/m01_nodes/m01_r_node/inst/s_sc_xpm_cdc_async_rst_inst/arststages_ff_reg[1]/CLR
                            (removal check against rising-edge clock clk_pl_0  {rise@0.000ns fall@5.156ns period=10.312ns})
  Path Group:             (none)
  Path Type:              Removal (Min at Fast Process Corner)
  Data Path Delay:        0.216ns  (logic 0.039ns (18.055%)  route 0.177ns (81.945%))
  Logic Levels:           0  
  Clock Path Skew:        0.164ns (DCD - SCD - CPR)
    Destination Clock Delay (DCD):    1.279ns
    Source Clock Delay      (SCD):    1.115ns
    Clock Pessimism Removal (CPR):    -0.000ns
  Clock Uncertainty:      0.159ns  ((TSJ^2 + DJ^2)^1/2) / 2 + PE
    Total System Jitter     (TSJ):    0.071ns
    Discrete Jitter          (DJ):    0.310ns
    Phase Error              (PE):    0.000ns
  Clock Net Delay (Source):      1.004ns (routing 0.410ns, distribution 0.594ns)
  Clock Net Delay (Destination): 1.141ns (routing 0.459ns, distribution 0.682ns)
  Timing Exception:       False Path

    Location             Delay type                Incr(ns)  Path(ns)    Netlist Resource(s)
  -------------------------------------------------------------------    -------------------
                         (clock clk_pl_0 rise edge)
                                                      0.000     0.000 r  
    PS8_X0Y0             PS8                          0.000     0.000 r  hw_i/zynq_ultra_ps_e_0/inst/PS8_i/PLCLK[0]
                         net (fo=1, routed)           0.094     0.094    hw_i/zynq_ultra_ps_e_0/inst/pl_clk_unbuffered[0]
    BUFG_PS_X0Y67        BUFG_PS (Prop_BUFG_PS_I_O)
                                                      0.017     0.111 r  hw_i/zynq_ultra_ps_e_0/inst/buffer_pl_clk_0.PL_CLK_0_BUFG/O
    X0Y1 (CLOCK_ROOT)    net (fo=3796, routed)        1.004     1.115    hw_i/axi_smc/inst/clk_map/psr_aclk/U0/aclk
    SLICE_X8Y131         FDRE                                         r  hw_i/axi_smc/inst/clk_map/psr_aclk/U0/ACTIVE_LOW_BSR_OUT_DFF[0].FDRE_BSR_N/C
  -------------------------------------------------------------------    -------------------
    SLICE_X8Y131         FDRE (Prop_DFF_SLICEL_C_Q)
                                                      0.039     1.154 r  hw_i/axi_smc/inst/clk_map/psr_aclk/U0/ACTIVE_LOW_BSR_OUT_DFF[0].FDRE_BSR_N/Q
                         net (fo=93, routed)          0.177     1.331    hw_i/axi_smc/inst/m01_nodes/m01_r_node/inst/s_sc_xpm_cdc_async_rst_inst/src_arst
    SLICE_X9Y134         FDCE                                         f  hw_i/axi_smc/inst/m01_nodes/m01_r_node/inst/s_sc_xpm_cdc_async_rst_inst/arststages_ff_reg[1]/CLR  (IS_INVERTED)
  -------------------------------------------------------------------    -------------------

                         (clock clk_pl_0 rise edge)
                                                      0.000     0.000 r  
    PS8_X0Y0             PS8                          0.000     0.000 r  hw_i/zynq_ultra_ps_e_0/inst/PS8_i/PLCLK[0]
                         net (fo=1, routed)           0.120     0.120    hw_i/zynq_ultra_ps_e_0/inst/pl_clk_unbuffered[0]
    BUFG_PS_X0Y67        BUFG_PS (Prop_BUFG_PS_I_O)
                                                      0.018     0.138 r  hw_i/zynq_ultra_ps_e_0/inst/buffer_pl_clk_0.PL_CLK_0_BUFG/O
    X0Y1 (CLOCK_ROOT)    net (fo=3796, routed)        1.141     1.279    hw_i/axi_smc/inst/m01_nodes/m01_r_node/inst/s_sc_xpm_cdc_async_rst_inst/dest_clk
    SLICE_X9Y134         FDCE                                         r  hw_i/axi_smc/inst/m01_nodes/m01_r_node/inst/s_sc_xpm_cdc_async_rst_inst/arststages_ff_reg[1]/C

Slack:                    inf
  Source:                 hw_i/axi_smc/inst/clk_map/psr_aclk/U0/ACTIVE_LOW_BSR_OUT_DFF[0].FDRE_BSR_N/C
                            (rising edge-triggered cell FDRE clocked by clk_pl_0  {rise@0.000ns fall@5.156ns period=10.312ns})
  Destination:            hw_i/axi_smc/inst/m01_nodes/m01_r_node/inst/s_sc_xpm_cdc_async_rst_inst/arststages_ff_reg[2]/CLR
                            (removal check against rising-edge clock clk_pl_0  {rise@0.000ns fall@5.156ns period=10.312ns})
  Path Group:             (none)
  Path Type:              Removal (Min at Fast Process Corner)
  Data Path Delay:        0.216ns  (logic 0.039ns (18.055%)  route 0.177ns (81.945%))
  Logic Levels:           0  
  Clock Path Skew:        0.164ns (DCD - SCD - CPR)
    Destination Clock Delay (DCD):    1.279ns
    Source Clock Delay      (SCD):    1.115ns
    Clock Pessimism Removal (CPR):    -0.000ns
  Clock Uncertainty:      0.159ns  ((TSJ^2 + DJ^2)^1/2) / 2 + PE
    Total System Jitter     (TSJ):    0.071ns
    Discrete Jitter          (DJ):    0.310ns
    Phase Error              (PE):    0.000ns
  Clock Net Delay (Source):      1.004ns (routing 0.410ns, distribution 0.594ns)
  Clock Net Delay (Destination): 1.141ns (routing 0.459ns, distribution 0.682ns)
  Timing Exception:       False Path

    Location             Delay type                Incr(ns)  Path(ns)    Netlist Resource(s)
  -------------------------------------------------------------------    -------------------
                         (clock clk_pl_0 rise edge)
                                                      0.000     0.000 r  
    PS8_X0Y0             PS8                          0.000     0.000 r  hw_i/zynq_ultra_ps_e_0/inst/PS8_i/PLCLK[0]
                         net (fo=1, routed)           0.094     0.094    hw_i/zynq_ultra_ps_e_0/inst/pl_clk_unbuffered[0]
    BUFG_PS_X0Y67        BUFG_PS (Prop_BUFG_PS_I_O)
                                                      0.017     0.111 r  hw_i/zynq_ultra_ps_e_0/inst/buffer_pl_clk_0.PL_CLK_0_BUFG/O
    X0Y1 (CLOCK_ROOT)    net (fo=3796, routed)        1.004     1.115    hw_i/axi_smc/inst/clk_map/psr_aclk/U0/aclk
    SLICE_X8Y131         FDRE                                         r  hw_i/axi_smc/inst/clk_map/psr_aclk/U0/ACTIVE_LOW_BSR_OUT_DFF[0].FDRE_BSR_N/C
  -------------------------------------------------------------------    -------------------
    SLICE_X8Y131         FDRE (Prop_DFF_SLICEL_C_Q)
                                                      0.039     1.154 r  hw_i/axi_smc/inst/clk_map/psr_aclk/U0/ACTIVE_LOW_BSR_OUT_DFF[0].FDRE_BSR_N/Q
                         net (fo=93, routed)          0.177     1.331    hw_i/axi_smc/inst/m01_nodes/m01_r_node/inst/s_sc_xpm_cdc_async_rst_inst/src_arst
    SLICE_X9Y134         FDCE                                         f  hw_i/axi_smc/inst/m01_nodes/m01_r_node/inst/s_sc_xpm_cdc_async_rst_inst/arststages_ff_reg[2]/CLR  (IS_INVERTED)
  -------------------------------------------------------------------    -------------------

                         (clock clk_pl_0 rise edge)
                                                      0.000     0.000 r  
    PS8_X0Y0             PS8                          0.000     0.000 r  hw_i/zynq_ultra_ps_e_0/inst/PS8_i/PLCLK[0]
                         net (fo=1, routed)           0.120     0.120    hw_i/zynq_ultra_ps_e_0/inst/pl_clk_unbuffered[0]
    BUFG_PS_X0Y67        BUFG_PS (Prop_BUFG_PS_I_O)
                                                      0.018     0.138 r  hw_i/zynq_ultra_ps_e_0/inst/buffer_pl_clk_0.PL_CLK_0_BUFG/O
    X0Y1 (CLOCK_ROOT)    net (fo=3796, routed)        1.141     1.279    hw_i/axi_smc/inst/m01_nodes/m01_r_node/inst/s_sc_xpm_cdc_async_rst_inst/dest_clk
    SLICE_X9Y134         FDCE                                         r  hw_i/axi_smc/inst/m01_nodes/m01_r_node/inst/s_sc_xpm_cdc_async_rst_inst/arststages_ff_reg[2]/C

Slack:                    inf
  Source:                 hw_i/axi_smc/inst/clk_map/psr_aclk/U0/ACTIVE_LOW_BSR_OUT_DFF[0].FDRE_BSR_N/C
                            (rising edge-triggered cell FDRE clocked by clk_pl_0  {rise@0.000ns fall@5.156ns period=10.312ns})
  Destination:            hw_i/axi_smc/inst/m01_exit_pipeline/m01_exit/inst/xpm_cdc_async_rst_inst/arststages_ff_reg[0]/CLR
                            (removal check against rising-edge clock clk_pl_0  {rise@0.000ns fall@5.156ns period=10.312ns})
  Path Group:             (none)
  Path Type:              Removal (Min at Fast Process Corner)
  Data Path Delay:        0.241ns  (logic 0.039ns (16.158%)  route 0.202ns (83.842%))
  Logic Levels:           0  
  Clock Path Skew:        0.160ns (DCD - SCD - CPR)
    Destination Clock Delay (DCD):    1.275ns
    Source Clock Delay      (SCD):    1.115ns
    Clock Pessimism Removal (CPR):    -0.000ns
  Clock Uncertainty:      0.159ns  ((TSJ^2 + DJ^2)^1/2) / 2 + PE
    Total System Jitter     (TSJ):    0.071ns
    Discrete Jitter          (DJ):    0.310ns
    Phase Error              (PE):    0.000ns
  Clock Net Delay (Source):      1.004ns (routing 0.410ns, distribution 0.594ns)
  Clock Net Delay (Destination): 1.137ns (routing 0.459ns, distribution 0.678ns)
  Timing Exception:       False Path

    Location             Delay type                Incr(ns)  Path(ns)    Netlist Resource(s)
  -------------------------------------------------------------------    -------------------
                         (clock clk_pl_0 rise edge)
                                                      0.000     0.000 r  
    PS8_X0Y0             PS8                          0.000     0.000 r  hw_i/zynq_ultra_ps_e_0/inst/PS8_i/PLCLK[0]
                         net (fo=1, routed)           0.094     0.094    hw_i/zynq_ultra_ps_e_0/inst/pl_clk_unbuffered[0]
    BUFG_PS_X0Y67        BUFG_PS (Prop_BUFG_PS_I_O)
                                                      0.017     0.111 r  hw_i/zynq_ultra_ps_e_0/inst/buffer_pl_clk_0.PL_CLK_0_BUFG/O
    X0Y1 (CLOCK_ROOT)    net (fo=3796, routed)        1.004     1.115    hw_i/axi_smc/inst/clk_map/psr_aclk/U0/aclk
    SLICE_X8Y131         FDRE                                         r  hw_i/axi_smc/inst/clk_map/psr_aclk/U0/ACTIVE_LOW_BSR_OUT_DFF[0].FDRE_BSR_N/C
  -------------------------------------------------------------------    -------------------
    SLICE_X8Y131         FDRE (Prop_DFF_SLICEL_C_Q)
                                                      0.039     1.154 r  hw_i/axi_smc/inst/clk_map/psr_aclk/U0/ACTIVE_LOW_BSR_OUT_DFF[0].FDRE_BSR_N/Q
                         net (fo=93, routed)          0.202     1.356    hw_i/axi_smc/inst/m01_exit_pipeline/m01_exit/inst/xpm_cdc_async_rst_inst/src_arst
    SLICE_X10Y135        FDCE                                         f  hw_i/axi_smc/inst/m01_exit_pipeline/m01_exit/inst/xpm_cdc_async_rst_inst/arststages_ff_reg[0]/CLR  (IS_INVERTED)
  -------------------------------------------------------------------    -------------------

                         (clock clk_pl_0 rise edge)
                                                      0.000     0.000 r  
    PS8_X0Y0             PS8                          0.000     0.000 r  hw_i/zynq_ultra_ps_e_0/inst/PS8_i/PLCLK[0]
                         net (fo=1, routed)           0.120     0.120    hw_i/zynq_ultra_ps_e_0/inst/pl_clk_unbuffered[0]
    BUFG_PS_X0Y67        BUFG_PS (Prop_BUFG_PS_I_O)
                                                      0.018     0.138 r  hw_i/zynq_ultra_ps_e_0/inst/buffer_pl_clk_0.PL_CLK_0_BUFG/O
    X0Y1 (CLOCK_ROOT)    net (fo=3796, routed)        1.137     1.275    hw_i/axi_smc/inst/m01_exit_pipeline/m01_exit/inst/xpm_cdc_async_rst_inst/dest_clk
    SLICE_X10Y135        FDCE                                         r  hw_i/axi_smc/inst/m01_exit_pipeline/m01_exit/inst/xpm_cdc_async_rst_inst/arststages_ff_reg[0]/C

Slack:                    inf
  Source:                 hw_i/axi_smc/inst/clk_map/psr_aclk/U0/ACTIVE_LOW_BSR_OUT_DFF[0].FDRE_BSR_N/C
                            (rising edge-triggered cell FDRE clocked by clk_pl_0  {rise@0.000ns fall@5.156ns period=10.312ns})
  Destination:            hw_i/axi_smc/inst/m01_exit_pipeline/m01_exit/inst/xpm_cdc_async_rst_inst/arststages_ff_reg[1]/CLR
                            (removal check against rising-edge clock clk_pl_0  {rise@0.000ns fall@5.156ns period=10.312ns})
  Path Group:             (none)
  Path Type:              Removal (Min at Fast Process Corner)
  Data Path Delay:        0.241ns  (logic 0.039ns (16.158%)  route 0.202ns (83.842%))
  Logic Levels:           0  
  Clock Path Skew:        0.160ns (DCD - SCD - CPR)
    Destination Clock Delay (DCD):    1.275ns
    Source Clock Delay      (SCD):    1.115ns
    Clock Pessimism Removal (CPR):    -0.000ns
  Clock Uncertainty:      0.159ns  ((TSJ^2 + DJ^2)^1/2) / 2 + PE
    Total System Jitter     (TSJ):    0.071ns
    Discrete Jitter          (DJ):    0.310ns
    Phase Error              (PE):    0.000ns
  Clock Net Delay (Source):      1.004ns (routing 0.410ns, distribution 0.594ns)
  Clock Net Delay (Destination): 1.137ns (routing 0.459ns, distribution 0.678ns)
  Timing Exception:       False Path

    Location             Delay type                Incr(ns)  Path(ns)    Netlist Resource(s)
  -------------------------------------------------------------------    -------------------
                         (clock clk_pl_0 rise edge)
                                                      0.000     0.000 r  
    PS8_X0Y0             PS8                          0.000     0.000 r  hw_i/zynq_ultra_ps_e_0/inst/PS8_i/PLCLK[0]
                         net (fo=1, routed)           0.094     0.094    hw_i/zynq_ultra_ps_e_0/inst/pl_clk_unbuffered[0]
    BUFG_PS_X0Y67        BUFG_PS (Prop_BUFG_PS_I_O)
                                                      0.017     0.111 r  hw_i/zynq_ultra_ps_e_0/inst/buffer_pl_clk_0.PL_CLK_0_BUFG/O
    X0Y1 (CLOCK_ROOT)    net (fo=3796, routed)        1.004     1.115    hw_i/axi_smc/inst/clk_map/psr_aclk/U0/aclk
    SLICE_X8Y131         FDRE                                         r  hw_i/axi_smc/inst/clk_map/psr_aclk/U0/ACTIVE_LOW_BSR_OUT_DFF[0].FDRE_BSR_N/C
  -------------------------------------------------------------------    -------------------
    SLICE_X8Y131         FDRE (Prop_DFF_SLICEL_C_Q)
                                                      0.039     1.154 r  hw_i/axi_smc/inst/clk_map/psr_aclk/U0/ACTIVE_LOW_BSR_OUT_DFF[0].FDRE_BSR_N/Q
                         net (fo=93, routed)          0.202     1.356    hw_i/axi_smc/inst/m01_exit_pipeline/m01_exit/inst/xpm_cdc_async_rst_inst/src_arst
    SLICE_X10Y135        FDCE                                         f  hw_i/axi_smc/inst/m01_exit_pipeline/m01_exit/inst/xpm_cdc_async_rst_inst/arststages_ff_reg[1]/CLR  (IS_INVERTED)
  -------------------------------------------------------------------    -------------------

                         (clock clk_pl_0 rise edge)
                                                      0.000     0.000 r  
    PS8_X0Y0             PS8                          0.000     0.000 r  hw_i/zynq_ultra_ps_e_0/inst/PS8_i/PLCLK[0]
                         net (fo=1, routed)           0.120     0.120    hw_i/zynq_ultra_ps_e_0/inst/pl_clk_unbuffered[0]
    BUFG_PS_X0Y67        BUFG_PS (Prop_BUFG_PS_I_O)
                                                      0.018     0.138 r  hw_i/zynq_ultra_ps_e_0/inst/buffer_pl_clk_0.PL_CLK_0_BUFG/O
    X0Y1 (CLOCK_ROOT)    net (fo=3796, routed)        1.137     1.275    hw_i/axi_smc/inst/m01_exit_pipeline/m01_exit/inst/xpm_cdc_async_rst_inst/dest_clk
    SLICE_X10Y135        FDCE                                         r  hw_i/axi_smc/inst/m01_exit_pipeline/m01_exit/inst/xpm_cdc_async_rst_inst/arststages_ff_reg[1]/C

Slack:                    inf
  Source:                 hw_i/axi_smc/inst/clk_map/psr_aclk/U0/ACTIVE_LOW_BSR_OUT_DFF[0].FDRE_BSR_N/C
                            (rising edge-triggered cell FDRE clocked by clk_pl_0  {rise@0.000ns fall@5.156ns period=10.312ns})
  Destination:            hw_i/axi_smc/inst/m01_exit_pipeline/m01_exit/inst/xpm_cdc_async_rst_inst/arststages_ff_reg[2]/CLR
                            (removal check against rising-edge clock clk_pl_0  {rise@0.000ns fall@5.156ns period=10.312ns})
  Path Group:             (none)
  Path Type:              Removal (Min at Fast Process Corner)
  Data Path Delay:        0.241ns  (logic 0.039ns (16.158%)  route 0.202ns (83.842%))
  Logic Levels:           0  
  Clock Path Skew:        0.160ns (DCD - SCD - CPR)
    Destination Clock Delay (DCD):    1.275ns
    Source Clock Delay      (SCD):    1.115ns
    Clock Pessimism Removal (CPR):    -0.000ns
  Clock Uncertainty:      0.159ns  ((TSJ^2 + DJ^2)^1/2) / 2 + PE
    Total System Jitter     (TSJ):    0.071ns
    Discrete Jitter          (DJ):    0.310ns
    Phase Error              (PE):    0.000ns
  Clock Net Delay (Source):      1.004ns (routing 0.410ns, distribution 0.594ns)
  Clock Net Delay (Destination): 1.137ns (routing 0.459ns, distribution 0.678ns)
  Timing Exception:       False Path

    Location             Delay type                Incr(ns)  Path(ns)    Netlist Resource(s)
  -------------------------------------------------------------------    -------------------
                         (clock clk_pl_0 rise edge)
                                                      0.000     0.000 r  
    PS8_X0Y0             PS8                          0.000     0.000 r  hw_i/zynq_ultra_ps_e_0/inst/PS8_i/PLCLK[0]
                         net (fo=1, routed)           0.094     0.094    hw_i/zynq_ultra_ps_e_0/inst/pl_clk_unbuffered[0]
    BUFG_PS_X0Y67        BUFG_PS (Prop_BUFG_PS_I_O)
                                                      0.017     0.111 r  hw_i/zynq_ultra_ps_e_0/inst/buffer_pl_clk_0.PL_CLK_0_BUFG/O
    X0Y1 (CLOCK_ROOT)    net (fo=3796, routed)        1.004     1.115    hw_i/axi_smc/inst/clk_map/psr_aclk/U0/aclk
    SLICE_X8Y131         FDRE                                         r  hw_i/axi_smc/inst/clk_map/psr_aclk/U0/ACTIVE_LOW_BSR_OUT_DFF[0].FDRE_BSR_N/C
  -------------------------------------------------------------------    -------------------
    SLICE_X8Y131         FDRE (Prop_DFF_SLICEL_C_Q)
                                                      0.039     1.154 r  hw_i/axi_smc/inst/clk_map/psr_aclk/U0/ACTIVE_LOW_BSR_OUT_DFF[0].FDRE_BSR_N/Q
                         net (fo=93, routed)          0.202     1.356    hw_i/axi_smc/inst/m01_exit_pipeline/m01_exit/inst/xpm_cdc_async_rst_inst/src_arst
    SLICE_X10Y135        FDCE                                         f  hw_i/axi_smc/inst/m01_exit_pipeline/m01_exit/inst/xpm_cdc_async_rst_inst/arststages_ff_reg[2]/CLR  (IS_INVERTED)
  -------------------------------------------------------------------    -------------------

                         (clock clk_pl_0 rise edge)
                                                      0.000     0.000 r  
    PS8_X0Y0             PS8                          0.000     0.000 r  hw_i/zynq_ultra_ps_e_0/inst/PS8_i/PLCLK[0]
                         net (fo=1, routed)           0.120     0.120    hw_i/zynq_ultra_ps_e_0/inst/pl_clk_unbuffered[0]
    BUFG_PS_X0Y67        BUFG_PS (Prop_BUFG_PS_I_O)
                                                      0.018     0.138 r  hw_i/zynq_ultra_ps_e_0/inst/buffer_pl_clk_0.PL_CLK_0_BUFG/O
    X0Y1 (CLOCK_ROOT)    net (fo=3796, routed)        1.137     1.275    hw_i/axi_smc/inst/m01_exit_pipeline/m01_exit/inst/xpm_cdc_async_rst_inst/dest_clk
    SLICE_X10Y135        FDCE                                         r  hw_i/axi_smc/inst/m01_exit_pipeline/m01_exit/inst/xpm_cdc_async_rst_inst/arststages_ff_reg[2]/C

Slack:                    inf
  Source:                 hw_i/axi_smc/inst/clk_map/psr_aclk/U0/ACTIVE_LOW_BSR_OUT_DFF[0].FDRE_BSR_N/C
                            (rising edge-triggered cell FDRE clocked by clk_pl_0  {rise@0.000ns fall@5.156ns period=10.312ns})
  Destination:            hw_i/axi_smc/inst/switchboards/i_nodes/i_r_node/inst/s_sc_xpm_cdc_async_rst_inst/arststages_ff_reg[0]/CLR
                            (removal check against rising-edge clock clk_pl_0  {rise@0.000ns fall@5.156ns period=10.312ns})
  Path Group:             (none)
  Path Type:              Removal (Min at Fast Process Corner)
  Data Path Delay:        0.248ns  (logic 0.039ns (15.702%)  route 0.209ns (84.298%))
  Logic Levels:           0  
  Clock Path Skew:        0.168ns (DCD - SCD - CPR)
    Destination Clock Delay (DCD):    1.283ns
    Source Clock Delay      (SCD):    1.115ns
    Clock Pessimism Removal (CPR):    -0.000ns
  Clock Uncertainty:      0.159ns  ((TSJ^2 + DJ^2)^1/2) / 2 + PE
    Total System Jitter     (TSJ):    0.071ns
    Discrete Jitter          (DJ):    0.310ns
    Phase Error              (PE):    0.000ns
  Clock Net Delay (Source):      1.004ns (routing 0.410ns, distribution 0.594ns)
  Clock Net Delay (Destination): 1.145ns (routing 0.459ns, distribution 0.686ns)
  Timing Exception:       False Path

    Location             Delay type                Incr(ns)  Path(ns)    Netlist Resource(s)
  -------------------------------------------------------------------    -------------------
                         (clock clk_pl_0 rise edge)
                                                      0.000     0.000 r  
    PS8_X0Y0             PS8                          0.000     0.000 r  hw_i/zynq_ultra_ps_e_0/inst/PS8_i/PLCLK[0]
                         net (fo=1, routed)           0.094     0.094    hw_i/zynq_ultra_ps_e_0/inst/pl_clk_unbuffered[0]
    BUFG_PS_X0Y67        BUFG_PS (Prop_BUFG_PS_I_O)
                                                      0.017     0.111 r  hw_i/zynq_ultra_ps_e_0/inst/buffer_pl_clk_0.PL_CLK_0_BUFG/O
    X0Y1 (CLOCK_ROOT)    net (fo=3796, routed)        1.004     1.115    hw_i/axi_smc/inst/clk_map/psr_aclk/U0/aclk
    SLICE_X8Y131         FDRE                                         r  hw_i/axi_smc/inst/clk_map/psr_aclk/U0/ACTIVE_LOW_BSR_OUT_DFF[0].FDRE_BSR_N/C
  -------------------------------------------------------------------    -------------------
    SLICE_X8Y131         FDRE (Prop_DFF_SLICEL_C_Q)
                                                      0.039     1.154 r  hw_i/axi_smc/inst/clk_map/psr_aclk/U0/ACTIVE_LOW_BSR_OUT_DFF[0].FDRE_BSR_N/Q
                         net (fo=93, routed)          0.209     1.363    hw_i/axi_smc/inst/switchboards/i_nodes/i_r_node/inst/s_sc_xpm_cdc_async_rst_inst/src_arst
    SLICE_X9Y135         FDCE                                         f  hw_i/axi_smc/inst/switchboards/i_nodes/i_r_node/inst/s_sc_xpm_cdc_async_rst_inst/arststages_ff_reg[0]/CLR  (IS_INVERTED)
  -------------------------------------------------------------------    -------------------

                         (clock clk_pl_0 rise edge)
                                                      0.000     0.000 r  
    PS8_X0Y0             PS8                          0.000     0.000 r  hw_i/zynq_ultra_ps_e_0/inst/PS8_i/PLCLK[0]
                         net (fo=1, routed)           0.120     0.120    hw_i/zynq_ultra_ps_e_0/inst/pl_clk_unbuffered[0]
    BUFG_PS_X0Y67        BUFG_PS (Prop_BUFG_PS_I_O)
                                                      0.018     0.138 r  hw_i/zynq_ultra_ps_e_0/inst/buffer_pl_clk_0.PL_CLK_0_BUFG/O
    X0Y1 (CLOCK_ROOT)    net (fo=3796, routed)        1.145     1.283    hw_i/axi_smc/inst/switchboards/i_nodes/i_r_node/inst/s_sc_xpm_cdc_async_rst_inst/dest_clk
    SLICE_X9Y135         FDCE                                         r  hw_i/axi_smc/inst/switchboards/i_nodes/i_r_node/inst/s_sc_xpm_cdc_async_rst_inst/arststages_ff_reg[0]/C





--------------------------------------------------------------------------------------
Path Group:  (none)
From Clock:  clk_out1_hw_clk_wiz_0_0
  To Clock:  

Max Delay             4 Endpoints
Min Delay             4 Endpoints
--------------------------------------------------------------------------------------


Max Delay Paths
--------------------------------------------------------------------------------------
Slack:                    inf
  Source:                 hw_i/audio/clk_wiz_0/inst/mmcme4_adv_inst/CLKOUT0
                            (clock source 'clk_out1_hw_clk_wiz_0_0'  {rise@0.000ns fall@40.685ns period=81.369ns})
  Destination:            AIC_mclk_o
                            (output port)
  Path Group:             (none)
  Path Type:              Max at Slow Process Corner
  Data Path Delay:        4.224ns  (logic 0.901ns (21.338%)  route 3.323ns (78.662%))
  Logic Levels:           2  (BUFGCE=1 OBUF=1)
  Clock Uncertainty:      0.283ns  ((TSJ^2 + DJ^2)^1/2) / 2 + PE
    Total System Jitter     (TSJ):    0.050ns
    Discrete Jitter          (DJ):    0.239ns
    Phase Error              (PE):    0.161ns
  Clock Net Delay (Source):      1.794ns (routing 0.753ns, distribution 1.041ns)

    Location             Delay type                Incr(ns)  Path(ns)    Netlist Resource(s)
  -------------------------------------------------------------------    -------------------
                         (clock clk_out1_hw_clk_wiz_0_0 fall edge)
                                                     40.685    40.685 f  
    BUFG_PS_X0Y67        BUFG_PS                      0.000    40.685 f  hw_i/zynq_ultra_ps_e_0/inst/buffer_pl_clk_0.PL_CLK_0_BUFG/O
    X0Y1 (CLOCK_ROOT)    net (fo=3796, routed)        1.794    42.479    hw_i/audio/clk_wiz_0/inst/clk_in1
  -------------------------------------------------------------------    -------------------
    MMCM_X0Y2            MMCME4_ADV (Prop_MMCM_CLKIN1_CLKOUT0)
                                                     -0.127    42.352 f  hw_i/audio/clk_wiz_0/inst/mmcme4_adv_inst/CLKOUT0
                         net (fo=1, routed)           0.245    42.597    hw_i/audio/clk_wiz_0/inst/clk_out1_hw_clk_wiz_0_0
    BUFGCE_X0Y66         BUFGCE (Prop_BUFCE_BUFGCE_I_O)
                                                      0.028    42.625 f  hw_i/audio/clk_wiz_0/inst/clkout1_buf/O
                         net (fo=444, routed)         3.078    45.703    AIC_mclk_o_OBUF
    F3                   OBUF (Prop_OUTBUF_HPIOB_S_I_O)
                                                      0.873    46.576 f  AIC_mclk_o_OBUF_inst/O
                         net (fo=0)                   0.000    46.576    AIC_mclk_o
    F3                                                                f  AIC_mclk_o (OUT)
  -------------------------------------------------------------------    -------------------

Slack:                    inf
  Source:                 hw_i/audio/aic3104_dma_wrapper_0/inst/aic3104_dma/i2s_counter_reg[7]/C
                            (rising edge-triggered cell FDRE clocked by clk_out1_hw_clk_wiz_0_0  {rise@0.000ns fall@40.685ns period=81.369ns})
  Destination:            AIC_lrclk_o
                            (output port)
  Path Group:             (none)
  Path Type:              Max at Slow Process Corner
  Data Path Delay:        3.574ns  (logic 0.976ns (27.310%)  route 2.598ns (72.690%))
  Logic Levels:           1  (OBUF=1)
  Clock Uncertainty:      0.283ns  ((TSJ^2 + DJ^2)^1/2) / 2 + PE
    Total System Jitter     (TSJ):    0.050ns
    Discrete Jitter          (DJ):    0.239ns
    Phase Error              (PE):    0.161ns
  Clock Net Delay (Source):      1.994ns (routing 0.970ns, distribution 1.024ns)

    Location             Delay type                Incr(ns)  Path(ns)    Netlist Resource(s)
  -------------------------------------------------------------------    -------------------
                         (clock clk_out1_hw_clk_wiz_0_0 rise edge)
                                                      0.000     0.000 r  
    BUFG_PS_X0Y67        BUFG_PS                      0.000     0.000 r  hw_i/zynq_ultra_ps_e_0/inst/buffer_pl_clk_0.PL_CLK_0_BUFG/O
                         net (fo=3796, routed)        1.794     1.794    hw_i/audio/clk_wiz_0/inst/clk_in1
    MMCM_X0Y2            MMCME4_ADV (Prop_MMCM_CLKIN1_CLKOUT0)
                                                     -0.127     1.667 r  hw_i/audio/clk_wiz_0/inst/mmcme4_adv_inst/CLKOUT0
                         net (fo=1, routed)           0.245     1.912    hw_i/audio/clk_wiz_0/inst/clk_out1_hw_clk_wiz_0_0
    BUFGCE_X0Y66         BUFGCE (Prop_BUFCE_BUFGCE_I_O)
                                                      0.028     1.940 r  hw_i/audio/clk_wiz_0/inst/clkout1_buf/O
    X0Y1 (CLOCK_ROOT)    net (fo=444, routed)         1.994     3.934    hw_i/audio/aic3104_dma_wrapper_0/inst/aic3104_dma/AIC_mclk_o
    SLICE_X17Y55         FDRE                                         r  hw_i/audio/aic3104_dma_wrapper_0/inst/aic3104_dma/i2s_counter_reg[7]/C
  -------------------------------------------------------------------    -------------------
    SLICE_X17Y55         FDRE (Prop_HFF_SLICEL_C_Q)
                                                      0.079     4.013 r  hw_i/audio/aic3104_dma_wrapper_0/inst/aic3104_dma/i2s_counter_reg[7]/Q
                         net (fo=12, routed)          2.598     6.611    AIC_lrclk_o_OBUF
    F2                   OBUF (Prop_OUTBUF_HPIOB_M_I_O)
                                                      0.897     7.508 r  AIC_lrclk_o_OBUF_inst/O
                         net (fo=0)                   0.000     7.508    AIC_lrclk_o
    F2                                                                r  AIC_lrclk_o (OUT)
  -------------------------------------------------------------------    -------------------

Slack:                    inf
  Source:                 hw_i/audio/aic3104_dma_wrapper_0/inst/aic3104_dma/i2s_sdata_o_reg/C
                            (rising edge-triggered cell FDRE clocked by clk_out1_hw_clk_wiz_0_0  {rise@0.000ns fall@40.685ns period=81.369ns})
  Destination:            AIC_sdata_o
                            (output port)
  Path Group:             (none)
  Path Type:              Max at Slow Process Corner
  Data Path Delay:        3.152ns  (logic 0.953ns (30.246%)  route 2.198ns (69.754%))
  Logic Levels:           1  (OBUF=1)
  Clock Uncertainty:      0.283ns  ((TSJ^2 + DJ^2)^1/2) / 2 + PE
    Total System Jitter     (TSJ):    0.050ns
    Discrete Jitter          (DJ):    0.239ns
    Phase Error              (PE):    0.161ns
  Clock Net Delay (Source):      1.990ns (routing 0.970ns, distribution 1.020ns)

    Location             Delay type                Incr(ns)  Path(ns)    Netlist Resource(s)
  -------------------------------------------------------------------    -------------------
                         (clock clk_out1_hw_clk_wiz_0_0 rise edge)
                                                      0.000     0.000 r  
    BUFG_PS_X0Y67        BUFG_PS                      0.000     0.000 r  hw_i/zynq_ultra_ps_e_0/inst/buffer_pl_clk_0.PL_CLK_0_BUFG/O
                         net (fo=3796, routed)        1.794     1.794    hw_i/audio/clk_wiz_0/inst/clk_in1
    MMCM_X0Y2            MMCME4_ADV (Prop_MMCM_CLKIN1_CLKOUT0)
                                                     -0.127     1.667 r  hw_i/audio/clk_wiz_0/inst/mmcme4_adv_inst/CLKOUT0
                         net (fo=1, routed)           0.245     1.912    hw_i/audio/clk_wiz_0/inst/clk_out1_hw_clk_wiz_0_0
    BUFGCE_X0Y66         BUFGCE (Prop_BUFCE_BUFGCE_I_O)
                                                      0.028     1.940 r  hw_i/audio/clk_wiz_0/inst/clkout1_buf/O
    X0Y1 (CLOCK_ROOT)    net (fo=444, routed)         1.990     3.930    hw_i/audio/aic3104_dma_wrapper_0/inst/aic3104_dma/AIC_mclk_o
    SLICE_X17Y56         FDRE                                         r  hw_i/audio/aic3104_dma_wrapper_0/inst/aic3104_dma/i2s_sdata_o_reg/C
  -------------------------------------------------------------------    -------------------
    SLICE_X17Y56         FDRE (Prop_DFF_SLICEL_C_Q)
                                                      0.079     4.009 r  hw_i/audio/aic3104_dma_wrapper_0/inst/aic3104_dma/i2s_sdata_o_reg/Q
                         net (fo=2, routed)           2.198     6.207    AIC_sdata_o_OBUF
    G3                   OBUF (Prop_OUTBUF_HPIOB_M_I_O)
                                                      0.874     7.082 r  AIC_sdata_o_OBUF_inst/O
                         net (fo=0)                   0.000     7.082    AIC_sdata_o
    G3                                                                r  AIC_sdata_o (OUT)
  -------------------------------------------------------------------    -------------------

Slack:                    inf
  Source:                 hw_i/audio/aic3104_dma_wrapper_0/inst/aic3104_dma/i2s_counter_reg[1]/C
                            (rising edge-triggered cell FDRE clocked by clk_out1_hw_clk_wiz_0_0  {rise@0.000ns fall@40.685ns period=81.369ns})
  Destination:            AIC_sclk_o
                            (output port)
  Path Group:             (none)
  Path Type:              Max at Slow Process Corner
  Data Path Delay:        3.097ns  (logic 0.957ns (30.896%)  route 2.140ns (69.104%))
  Logic Levels:           1  (OBUF=1)
  Clock Uncertainty:      0.283ns  ((TSJ^2 + DJ^2)^1/2) / 2 + PE
    Total System Jitter     (TSJ):    0.050ns
    Discrete Jitter          (DJ):    0.239ns
    Phase Error              (PE):    0.161ns
  Clock Net Delay (Source):      1.992ns (routing 0.970ns, distribution 1.022ns)

    Location             Delay type                Incr(ns)  Path(ns)    Netlist Resource(s)
  -------------------------------------------------------------------    -------------------
                         (clock clk_out1_hw_clk_wiz_0_0 rise edge)
                                                      0.000     0.000 r  
    BUFG_PS_X0Y67        BUFG_PS                      0.000     0.000 r  hw_i/zynq_ultra_ps_e_0/inst/buffer_pl_clk_0.PL_CLK_0_BUFG/O
                         net (fo=3796, routed)        1.794     1.794    hw_i/audio/clk_wiz_0/inst/clk_in1
    MMCM_X0Y2            MMCME4_ADV (Prop_MMCM_CLKIN1_CLKOUT0)
                                                     -0.127     1.667 r  hw_i/audio/clk_wiz_0/inst/mmcme4_adv_inst/CLKOUT0
                         net (fo=1, routed)           0.245     1.912    hw_i/audio/clk_wiz_0/inst/clk_out1_hw_clk_wiz_0_0
    BUFGCE_X0Y66         BUFGCE (Prop_BUFCE_BUFGCE_I_O)
                                                      0.028     1.940 r  hw_i/audio/clk_wiz_0/inst/clkout1_buf/O
    X0Y1 (CLOCK_ROOT)    net (fo=444, routed)         1.992     3.932    hw_i/audio/aic3104_dma_wrapper_0/inst/aic3104_dma/AIC_mclk_o
    SLICE_X15Y53         FDRE                                         r  hw_i/audio/aic3104_dma_wrapper_0/inst/aic3104_dma/i2s_counter_reg[1]/C
  -------------------------------------------------------------------    -------------------
    SLICE_X15Y53         FDRE (Prop_DFF_SLICEL_C_Q)
                                                      0.079     4.011 r  hw_i/audio/aic3104_dma_wrapper_0/inst/aic3104_dma/i2s_counter_reg[1]/Q
                         net (fo=11, routed)          2.140     6.151    AIC_sclk_o_OBUF
    G1                   OBUF (Prop_OUTBUF_HPIOB_M_I_O)
                                                      0.878     7.029 r  AIC_sclk_o_OBUF_inst/O
                         net (fo=0)                   0.000     7.029    AIC_sclk_o
    G1                                                                r  AIC_sclk_o (OUT)
  -------------------------------------------------------------------    -------------------





Min Delay Paths
--------------------------------------------------------------------------------------
Slack:                    inf
  Source:                 hw_i/audio/clk_wiz_0/inst/mmcme4_adv_inst/CLKOUT0
                            (clock source 'clk_out1_hw_clk_wiz_0_0'  {rise@0.000ns fall@40.685ns period=81.369ns})
  Destination:            AIC_mclk_o
                            (output port)
  Path Group:             (none)
  Path Type:              Min at Fast Process Corner
  Data Path Delay:        2.087ns  (logic 0.383ns (18.337%)  route 1.704ns (81.663%))
  Logic Levels:           2  (BUFGCE=1 OBUF=1)
  Clock Uncertainty:      0.283ns  ((TSJ^2 + DJ^2)^1/2) / 2 + PE
    Total System Jitter     (TSJ):    0.050ns
    Discrete Jitter          (DJ):    0.239ns
    Phase Error              (PE):    0.161ns
  Clock Net Delay (Source):      0.979ns (routing 0.410ns, distribution 0.569ns)

    Location             Delay type                Incr(ns)  Path(ns)    Netlist Resource(s)
  -------------------------------------------------------------------    -------------------
                         (clock clk_out1_hw_clk_wiz_0_0 rise edge)
                                                      0.000     0.000 r  
    BUFG_PS_X0Y67        BUFG_PS                      0.000     0.000 r  hw_i/zynq_ultra_ps_e_0/inst/buffer_pl_clk_0.PL_CLK_0_BUFG/O
    X0Y1 (CLOCK_ROOT)    net (fo=3796, routed)        0.979     0.979    hw_i/audio/clk_wiz_0/inst/clk_in1
  -------------------------------------------------------------------    -------------------
    MMCM_X0Y2            MMCME4_ADV (Prop_MMCM_CLKIN1_CLKOUT0)
                                                      0.230     1.209 r  hw_i/audio/clk_wiz_0/inst/mmcme4_adv_inst/CLKOUT0
                         net (fo=1, routed)           0.146     1.355    hw_i/audio/clk_wiz_0/inst/clk_out1_hw_clk_wiz_0_0
    BUFGCE_X0Y66         BUFGCE (Prop_BUFCE_BUFGCE_I_O)
                                                      0.017     1.372 r  hw_i/audio/clk_wiz_0/inst/clkout1_buf/O
                         net (fo=444, routed)         1.558     2.930    AIC_mclk_o_OBUF
    F3                   OBUF (Prop_OUTBUF_HPIOB_S_I_O)
                                                      0.366     3.296 r  AIC_mclk_o_OBUF_inst/O
                         net (fo=0)                   0.000     3.296    AIC_mclk_o
    F3                                                                r  AIC_mclk_o (OUT)
  -------------------------------------------------------------------    -------------------

Slack:                    inf
  Source:                 hw_i/audio/aic3104_dma_wrapper_0/inst/aic3104_dma/i2s_counter_reg[1]/C
                            (rising edge-triggered cell FDRE clocked by clk_out1_hw_clk_wiz_0_0  {rise@0.000ns fall@40.685ns period=81.369ns})
  Destination:            AIC_sclk_o
                            (output port)
  Path Group:             (none)
  Path Type:              Min at Fast Process Corner
  Data Path Delay:        1.430ns  (logic 0.409ns (28.615%)  route 1.021ns (71.385%))
  Logic Levels:           1  (OBUF=1)
  Clock Uncertainty:      0.283ns  ((TSJ^2 + DJ^2)^1/2) / 2 + PE
    Total System Jitter     (TSJ):    0.050ns
    Discrete Jitter          (DJ):    0.239ns
    Phase Error              (PE):    0.161ns
  Clock Net Delay (Source):      1.098ns (routing 0.529ns, distribution 0.569ns)

    Location             Delay type                Incr(ns)  Path(ns)    Netlist Resource(s)
  -------------------------------------------------------------------    -------------------
                         (clock clk_out1_hw_clk_wiz_0_0 rise edge)
                                                      0.000     0.000 r  
    BUFG_PS_X0Y67        BUFG_PS                      0.000     0.000 r  hw_i/zynq_ultra_ps_e_0/inst/buffer_pl_clk_0.PL_CLK_0_BUFG/O
                         net (fo=3796, routed)        0.979     0.979    hw_i/audio/clk_wiz_0/inst/clk_in1
    MMCM_X0Y2            MMCME4_ADV (Prop_MMCM_CLKIN1_CLKOUT0)
                                                      0.230     1.209 r  hw_i/audio/clk_wiz_0/inst/mmcme4_adv_inst/CLKOUT0
                         net (fo=1, routed)           0.146     1.355    hw_i/audio/clk_wiz_0/inst/clk_out1_hw_clk_wiz_0_0
    BUFGCE_X0Y66         BUFGCE (Prop_BUFCE_BUFGCE_I_O)
                                                      0.017     1.372 r  hw_i/audio/clk_wiz_0/inst/clkout1_buf/O
    X0Y1 (CLOCK_ROOT)    net (fo=444, routed)         1.098     2.470    hw_i/audio/aic3104_dma_wrapper_0/inst/aic3104_dma/AIC_mclk_o
    SLICE_X15Y53         FDRE                                         r  hw_i/audio/aic3104_dma_wrapper_0/inst/aic3104_dma/i2s_counter_reg[1]/C
  -------------------------------------------------------------------    -------------------
    SLICE_X15Y53         FDRE (Prop_DFF_SLICEL_C_Q)
                                                      0.039     2.509 r  hw_i/audio/aic3104_dma_wrapper_0/inst/aic3104_dma/i2s_counter_reg[1]/Q
                         net (fo=11, routed)          1.021     3.530    AIC_sclk_o_OBUF
    G1                   OBUF (Prop_OUTBUF_HPIOB_M_I_O)
                                                      0.370     3.900 r  AIC_sclk_o_OBUF_inst/O
                         net (fo=0)                   0.000     3.900    AIC_sclk_o
    G1                                                                r  AIC_sclk_o (OUT)
  -------------------------------------------------------------------    -------------------

Slack:                    inf
  Source:                 hw_i/audio/aic3104_dma_wrapper_0/inst/aic3104_dma/i2s_sdata_o_reg/C
                            (rising edge-triggered cell FDRE clocked by clk_out1_hw_clk_wiz_0_0  {rise@0.000ns fall@40.685ns period=81.369ns})
  Destination:            AIC_sdata_o
                            (output port)
  Path Group:             (none)
  Path Type:              Min at Fast Process Corner
  Data Path Delay:        1.451ns  (logic 0.405ns (27.951%)  route 1.045ns (72.049%))
  Logic Levels:           1  (OBUF=1)
  Clock Uncertainty:      0.283ns  ((TSJ^2 + DJ^2)^1/2) / 2 + PE
    Total System Jitter     (TSJ):    0.050ns
    Discrete Jitter          (DJ):    0.239ns
    Phase Error              (PE):    0.161ns
  Clock Net Delay (Source):      1.097ns (routing 0.529ns, distribution 0.568ns)

    Location             Delay type                Incr(ns)  Path(ns)    Netlist Resource(s)
  -------------------------------------------------------------------    -------------------
                         (clock clk_out1_hw_clk_wiz_0_0 rise edge)
                                                      0.000     0.000 r  
    BUFG_PS_X0Y67        BUFG_PS                      0.000     0.000 r  hw_i/zynq_ultra_ps_e_0/inst/buffer_pl_clk_0.PL_CLK_0_BUFG/O
                         net (fo=3796, routed)        0.979     0.979    hw_i/audio/clk_wiz_0/inst/clk_in1
    MMCM_X0Y2            MMCME4_ADV (Prop_MMCM_CLKIN1_CLKOUT0)
                                                      0.230     1.209 r  hw_i/audio/clk_wiz_0/inst/mmcme4_adv_inst/CLKOUT0
                         net (fo=1, routed)           0.146     1.355    hw_i/audio/clk_wiz_0/inst/clk_out1_hw_clk_wiz_0_0
    BUFGCE_X0Y66         BUFGCE (Prop_BUFCE_BUFGCE_I_O)
                                                      0.017     1.372 r  hw_i/audio/clk_wiz_0/inst/clkout1_buf/O
    X0Y1 (CLOCK_ROOT)    net (fo=444, routed)         1.097     2.469    hw_i/audio/aic3104_dma_wrapper_0/inst/aic3104_dma/AIC_mclk_o
    SLICE_X17Y56         FDRE                                         r  hw_i/audio/aic3104_dma_wrapper_0/inst/aic3104_dma/i2s_sdata_o_reg/C
  -------------------------------------------------------------------    -------------------
    SLICE_X17Y56         FDRE (Prop_DFF_SLICEL_C_Q)
                                                      0.039     2.508 r  hw_i/audio/aic3104_dma_wrapper_0/inst/aic3104_dma/i2s_sdata_o_reg/Q
                         net (fo=2, routed)           1.045     3.553    AIC_sdata_o_OBUF
    G3                   OBUF (Prop_OUTBUF_HPIOB_M_I_O)
                                                      0.366     3.920 r  AIC_sdata_o_OBUF_inst/O
                         net (fo=0)                   0.000     3.920    AIC_sdata_o
    G3                                                                r  AIC_sdata_o (OUT)
  -------------------------------------------------------------------    -------------------

Slack:                    inf
  Source:                 hw_i/audio/aic3104_dma_wrapper_0/inst/aic3104_dma/i2s_counter_reg[7]/C
                            (rising edge-triggered cell FDRE clocked by clk_out1_hw_clk_wiz_0_0  {rise@0.000ns fall@40.685ns period=81.369ns})
  Destination:            AIC_lrclk_o
                            (output port)
  Path Group:             (none)
  Path Type:              Min at Fast Process Corner
  Data Path Delay:        1.665ns  (logic 0.428ns (25.712%)  route 1.237ns (74.288%))
  Logic Levels:           1  (OBUF=1)
  Clock Uncertainty:      0.283ns  ((TSJ^2 + DJ^2)^1/2) / 2 + PE
    Total System Jitter     (TSJ):    0.050ns
    Discrete Jitter          (DJ):    0.239ns
    Phase Error              (PE):    0.161ns
  Clock Net Delay (Source):      1.100ns (routing 0.529ns, distribution 0.571ns)

    Location             Delay type                Incr(ns)  Path(ns)    Netlist Resource(s)
  -------------------------------------------------------------------    -------------------
                         (clock clk_out1_hw_clk_wiz_0_0 rise edge)
                                                      0.000     0.000 r  
    BUFG_PS_X0Y67        BUFG_PS                      0.000     0.000 r  hw_i/zynq_ultra_ps_e_0/inst/buffer_pl_clk_0.PL_CLK_0_BUFG/O
                         net (fo=3796, routed)        0.979     0.979    hw_i/audio/clk_wiz_0/inst/clk_in1
    MMCM_X0Y2            MMCME4_ADV (Prop_MMCM_CLKIN1_CLKOUT0)
                                                      0.230     1.209 r  hw_i/audio/clk_wiz_0/inst/mmcme4_adv_inst/CLKOUT0
                         net (fo=1, routed)           0.146     1.355    hw_i/audio/clk_wiz_0/inst/clk_out1_hw_clk_wiz_0_0
    BUFGCE_X0Y66         BUFGCE (Prop_BUFCE_BUFGCE_I_O)
                                                      0.017     1.372 r  hw_i/audio/clk_wiz_0/inst/clkout1_buf/O
    X0Y1 (CLOCK_ROOT)    net (fo=444, routed)         1.100     2.472    hw_i/audio/aic3104_dma_wrapper_0/inst/aic3104_dma/AIC_mclk_o
    SLICE_X17Y55         FDRE                                         r  hw_i/audio/aic3104_dma_wrapper_0/inst/aic3104_dma/i2s_counter_reg[7]/C
  -------------------------------------------------------------------    -------------------
    SLICE_X17Y55         FDRE (Prop_HFF_SLICEL_C_Q)
                                                      0.039     2.511 r  hw_i/audio/aic3104_dma_wrapper_0/inst/aic3104_dma/i2s_counter_reg[7]/Q
                         net (fo=12, routed)          1.237     3.748    AIC_lrclk_o_OBUF
    F2                   OBUF (Prop_OUTBUF_HPIOB_M_I_O)
                                                      0.389     4.137 r  AIC_lrclk_o_OBUF_inst/O
                         net (fo=0)                   0.000     4.137    AIC_lrclk_o
    F2                                                                r  AIC_lrclk_o (OUT)
  -------------------------------------------------------------------    -------------------





--------------------------------------------------------------------------------------
Path Group:  (none)
From Clock:  clk_pl_0
  To Clock:  

Max Delay             3 Endpoints
Min Delay             3 Endpoints
--------------------------------------------------------------------------------------


Max Delay Paths
--------------------------------------------------------------------------------------
Slack:                    inf
  Source:                 hw_i/audio/axi_iic_0/U0/X_IIC/REG_INTERFACE_I/RD_FIFO_CNTRL.ro_prev_i_reg/C
                            (rising edge-triggered cell FDRE clocked by clk_pl_0  {rise@0.000ns fall@5.156ns period=10.312ns})
  Destination:            i2c_aic_scl_io
                            (output port)
  Path Group:             (none)
  Path Type:              Max at Slow Process Corner
  Data Path Delay:        5.256ns  (logic 3.041ns (57.865%)  route 2.215ns (42.135%))
  Logic Levels:           2  (LUT4=1 OBUFT=1)
  Clock Uncertainty:      0.157ns  ((TSJ^2 + DJ^2)^1/2) / 2 + PE
    Total System Jitter     (TSJ):    0.050ns
    Discrete Jitter          (DJ):    0.310ns
    Phase Error              (PE):    0.000ns
  Clock Net Delay (Source):      1.867ns (routing 0.753ns, distribution 1.114ns)

    Location             Delay type                Incr(ns)  Path(ns)    Netlist Resource(s)
  -------------------------------------------------------------------    -------------------
                         (clock clk_pl_0 rise edge)
                                                      0.000     0.000 r  
    PS8_X0Y0             PS8                          0.000     0.000 r  hw_i/zynq_ultra_ps_e_0/inst/PS8_i/PLCLK[0]
                         net (fo=1, routed)           0.171     0.171    hw_i/zynq_ultra_ps_e_0/inst/pl_clk_unbuffered[0]
    BUFG_PS_X0Y67        BUFG_PS (Prop_BUFG_PS_I_O)
                                                      0.028     0.199 r  hw_i/zynq_ultra_ps_e_0/inst/buffer_pl_clk_0.PL_CLK_0_BUFG/O
    X0Y1 (CLOCK_ROOT)    net (fo=3796, routed)        1.867     2.066    hw_i/audio/axi_iic_0/U0/X_IIC/REG_INTERFACE_I/s_axi_aclk
    SLICE_X8Y120         FDRE                                         r  hw_i/audio/axi_iic_0/U0/X_IIC/REG_INTERFACE_I/RD_FIFO_CNTRL.ro_prev_i_reg/C
  -------------------------------------------------------------------    -------------------
    SLICE_X8Y120         FDRE (Prop_DFF_SLICEL_C_Q)
                                                      0.079     2.145 f  hw_i/audio/axi_iic_0/U0/X_IIC/REG_INTERFACE_I/RD_FIFO_CNTRL.ro_prev_i_reg/Q
                         net (fo=11, routed)          0.527     2.672    hw_i/audio/axi_iic_0/U0/X_IIC/IIC_CONTROL_I/Ro_prev
    SLICE_X10Y116        LUT4 (Prop_B6LUT_SLICEL_I2_O)
                                                      0.090     2.762 r  hw_i/audio/axi_iic_0/U0/X_IIC/IIC_CONTROL_I/scl_t_INST_0/O
                         net (fo=2, routed)           1.688     4.450    i2c_aic_scl_iobuf/T
    F5                   OBUFT (TriStatD_OUTBUF_HPIOB_S_T_O)
                                                      2.872     7.322 r  i2c_aic_scl_iobuf/OBUFT/O
                         net (fo=1, unset)            0.000     7.322    i2c_aic_scl_io
    F5                                                                r  i2c_aic_scl_io (INOUT)
  -------------------------------------------------------------------    -------------------

Slack:                    inf
  Source:                 hw_i/audio/axi_iic_0/U0/X_IIC/IIC_CONTROL_I/arb_lost_reg/C
                            (rising edge-triggered cell FDRE clocked by clk_pl_0  {rise@0.000ns fall@5.156ns period=10.312ns})
  Destination:            i2c_aic_sda_io
                            (output port)
  Path Group:             (none)
  Path Type:              Max at Slow Process Corner
  Data Path Delay:        5.156ns  (logic 3.003ns (58.252%)  route 2.152ns (41.748%))
  Logic Levels:           2  (LUT5=1 OBUFT=1)
  Clock Uncertainty:      0.157ns  ((TSJ^2 + DJ^2)^1/2) / 2 + PE
    Total System Jitter     (TSJ):    0.050ns
    Discrete Jitter          (DJ):    0.310ns
    Phase Error              (PE):    0.000ns
  Clock Net Delay (Source):      1.792ns (routing 0.753ns, distribution 1.039ns)

    Location             Delay type                Incr(ns)  Path(ns)    Netlist Resource(s)
  -------------------------------------------------------------------    -------------------
                         (clock clk_pl_0 rise edge)
                                                      0.000     0.000 r  
    PS8_X0Y0             PS8                          0.000     0.000 r  hw_i/zynq_ultra_ps_e_0/inst/PS8_i/PLCLK[0]
                         net (fo=1, routed)           0.171     0.171    hw_i/zynq_ultra_ps_e_0/inst/pl_clk_unbuffered[0]
    BUFG_PS_X0Y67        BUFG_PS (Prop_BUFG_PS_I_O)
                                                      0.028     0.199 r  hw_i/zynq_ultra_ps_e_0/inst/buffer_pl_clk_0.PL_CLK_0_BUFG/O
    X0Y1 (CLOCK_ROOT)    net (fo=3796, routed)        1.792     1.991    hw_i/audio/axi_iic_0/U0/X_IIC/IIC_CONTROL_I/s_axi_aclk
    SLICE_X11Y118        FDRE                                         r  hw_i/audio/axi_iic_0/U0/X_IIC/IIC_CONTROL_I/arb_lost_reg/C
  -------------------------------------------------------------------    -------------------
    SLICE_X11Y118        FDRE (Prop_DFF_SLICEL_C_Q)
                                                      0.079     2.070 r  hw_i/audio/axi_iic_0/U0/X_IIC/IIC_CONTROL_I/arb_lost_reg/Q
                         net (fo=25, routed)          0.566     2.636    hw_i/audio/axi_iic_0/U0/X_IIC/IIC_CONTROL_I/arb_lost
    SLICE_X10Y119        LUT5 (Prop_E6LUT_SLICEL_I0_O)
                                                      0.051     2.687 r  hw_i/audio/axi_iic_0/U0/X_IIC/IIC_CONTROL_I/sda_t_INST_0/O
                         net (fo=2, routed)           1.586     4.273    i2c_aic_sda_iobuf/T
    G5                   OBUFT (TriStatD_OUTBUF_HPIOB_M_T_O)
                                                      2.873     7.147 r  i2c_aic_sda_iobuf/OBUFT/O
                         net (fo=1, unset)            0.000     7.147    i2c_aic_sda_io
    G5                                                                r  i2c_aic_sda_io (INOUT)
  -------------------------------------------------------------------    -------------------

Slack:                    inf
  Source:                 hw_i/audio/axi_gpio_0/U0/gpio_core_1/Not_Dual.gpio_Data_Out_reg[0]/C
                            (rising edge-triggered cell FDRE clocked by clk_pl_0  {rise@0.000ns fall@5.156ns period=10.312ns})
  Destination:            AIC_nRST[0]
                            (output port)
  Path Group:             (none)
  Path Type:              Max at Slow Process Corner
  Data Path Delay:        2.823ns  (logic 0.968ns (34.307%)  route 1.854ns (65.693%))
  Logic Levels:           1  (OBUF=1)
  Clock Uncertainty:      0.157ns  ((TSJ^2 + DJ^2)^1/2) / 2 + PE
    Total System Jitter     (TSJ):    0.050ns
    Discrete Jitter          (DJ):    0.310ns
    Phase Error              (PE):    0.000ns
  Clock Net Delay (Source):      1.867ns (routing 0.753ns, distribution 1.114ns)

    Location             Delay type                Incr(ns)  Path(ns)    Netlist Resource(s)
  -------------------------------------------------------------------    -------------------
                         (clock clk_pl_0 rise edge)
                                                      0.000     0.000 r  
    PS8_X0Y0             PS8                          0.000     0.000 r  hw_i/zynq_ultra_ps_e_0/inst/PS8_i/PLCLK[0]
                         net (fo=1, routed)           0.171     0.171    hw_i/zynq_ultra_ps_e_0/inst/pl_clk_unbuffered[0]
    BUFG_PS_X0Y67        BUFG_PS (Prop_BUFG_PS_I_O)
                                                      0.028     0.199 r  hw_i/zynq_ultra_ps_e_0/inst/buffer_pl_clk_0.PL_CLK_0_BUFG/O
    X0Y1 (CLOCK_ROOT)    net (fo=3796, routed)        1.867     2.066    hw_i/audio/axi_gpio_0/U0/gpio_core_1/s_axi_aclk
    SLICE_X5Y127         FDRE                                         r  hw_i/audio/axi_gpio_0/U0/gpio_core_1/Not_Dual.gpio_Data_Out_reg[0]/C
  -------------------------------------------------------------------    -------------------
    SLICE_X5Y127         FDRE (Prop_CFF_SLICEM_C_Q)
                                                      0.078     2.144 r  hw_i/audio/axi_gpio_0/U0/gpio_core_1/Not_Dual.gpio_Data_Out_reg[0]/Q
                         net (fo=3, routed)           1.854     3.998    AIC_nRST_OBUF[0]
    E2                   OBUF (Prop_OUTBUF_HPIOB_S_I_O)
                                                      0.890     4.888 r  AIC_nRST_OBUF[0]_inst/O
                         net (fo=0)                   0.000     4.888    AIC_nRST[0]
    E2                                                                r  AIC_nRST[0] (OUT)
  -------------------------------------------------------------------    -------------------





Min Delay Paths
--------------------------------------------------------------------------------------
Slack:                    inf
  Source:                 hw_i/audio/axi_iic_0/U0/X_IIC/IIC_CONTROL_I/slave_sda_reg/C
                            (rising edge-triggered cell FDSE clocked by clk_pl_0  {rise@0.000ns fall@5.156ns period=10.312ns})
  Destination:            i2c_aic_sda_io
                            (output port)
  Path Group:             (none)
  Path Type:              Min at Fast Process Corner
  Data Path Delay:        1.297ns  (logic 0.481ns (37.104%)  route 0.816ns (62.896%))
  Logic Levels:           2  (LUT5=1 OBUFT=1)
  Clock Uncertainty:      0.157ns  ((TSJ^2 + DJ^2)^1/2) / 2 + PE
    Total System Jitter     (TSJ):    0.050ns
    Discrete Jitter          (DJ):    0.310ns
    Phase Error              (PE):    0.000ns
  Clock Net Delay (Source):      0.990ns (routing 0.410ns, distribution 0.580ns)

    Location             Delay type                Incr(ns)  Path(ns)    Netlist Resource(s)
  -------------------------------------------------------------------    -------------------
                         (clock clk_pl_0 rise edge)
                                                      0.000     0.000 r  
    PS8_X0Y0             PS8                          0.000     0.000 r  hw_i/zynq_ultra_ps_e_0/inst/PS8_i/PLCLK[0]
                         net (fo=1, routed)           0.094     0.094    hw_i/zynq_ultra_ps_e_0/inst/pl_clk_unbuffered[0]
    BUFG_PS_X0Y67        BUFG_PS (Prop_BUFG_PS_I_O)
                                                      0.017     0.111 r  hw_i/zynq_ultra_ps_e_0/inst/buffer_pl_clk_0.PL_CLK_0_BUFG/O
    X0Y1 (CLOCK_ROOT)    net (fo=3796, routed)        0.990     1.101    hw_i/audio/axi_iic_0/U0/X_IIC/IIC_CONTROL_I/s_axi_aclk
    SLICE_X10Y119        FDSE                                         r  hw_i/audio/axi_iic_0/U0/X_IIC/IIC_CONTROL_I/slave_sda_reg/C
  -------------------------------------------------------------------    -------------------
    SLICE_X10Y119        FDSE (Prop_DFF_SLICEL_C_Q)
                                                      0.039     1.140 f  hw_i/audio/axi_iic_0/U0/X_IIC/IIC_CONTROL_I/slave_sda_reg/Q
                         net (fo=1, routed)           0.031     1.171    hw_i/audio/axi_iic_0/U0/X_IIC/IIC_CONTROL_I/slave_sda_reg_n_0
    SLICE_X10Y119        LUT5 (Prop_E6LUT_SLICEL_I3_O)
                                                      0.059     1.230 f  hw_i/audio/axi_iic_0/U0/X_IIC/IIC_CONTROL_I/sda_t_INST_0/O
                         net (fo=2, routed)           0.785     2.015    i2c_aic_sda_iobuf/T
    G5                   OBUFT (TriStatE_OUTBUF_HPIOB_M_T_O)
                                                      0.383     2.398 r  i2c_aic_sda_iobuf/OBUFT/O
                         net (fo=1, unset)            0.000     2.398    i2c_aic_sda_io
    G5                                                                r  i2c_aic_sda_io (INOUT)
  -------------------------------------------------------------------    -------------------

Slack:                    inf
  Source:                 hw_i/audio/axi_iic_0/U0/X_IIC/IIC_CONTROL_I/rsta_tx_under_prev_reg/C
                            (rising edge-triggered cell FDRE clocked by clk_pl_0  {rise@0.000ns fall@5.156ns period=10.312ns})
  Destination:            i2c_aic_scl_io
                            (output port)
  Path Group:             (none)
  Path Type:              Min at Fast Process Corner
  Data Path Delay:        1.307ns  (logic 0.445ns (34.005%)  route 0.863ns (65.995%))
  Logic Levels:           2  (LUT4=1 OBUFT=1)
  Clock Uncertainty:      0.157ns  ((TSJ^2 + DJ^2)^1/2) / 2 + PE
    Total System Jitter     (TSJ):    0.050ns
    Discrete Jitter          (DJ):    0.310ns
    Phase Error              (PE):    0.000ns
  Clock Net Delay (Source):      0.990ns (routing 0.410ns, distribution 0.580ns)

    Location             Delay type                Incr(ns)  Path(ns)    Netlist Resource(s)
  -------------------------------------------------------------------    -------------------
                         (clock clk_pl_0 rise edge)
                                                      0.000     0.000 r  
    PS8_X0Y0             PS8                          0.000     0.000 r  hw_i/zynq_ultra_ps_e_0/inst/PS8_i/PLCLK[0]
                         net (fo=1, routed)           0.094     0.094    hw_i/zynq_ultra_ps_e_0/inst/pl_clk_unbuffered[0]
    BUFG_PS_X0Y67        BUFG_PS (Prop_BUFG_PS_I_O)
                                                      0.017     0.111 r  hw_i/zynq_ultra_ps_e_0/inst/buffer_pl_clk_0.PL_CLK_0_BUFG/O
    X0Y1 (CLOCK_ROOT)    net (fo=3796, routed)        0.990     1.101    hw_i/audio/axi_iic_0/U0/X_IIC/IIC_CONTROL_I/s_axi_aclk
    SLICE_X10Y116        FDRE                                         r  hw_i/audio/axi_iic_0/U0/X_IIC/IIC_CONTROL_I/rsta_tx_under_prev_reg/C
  -------------------------------------------------------------------    -------------------
    SLICE_X10Y116        FDRE (Prop_DFF_SLICEL_C_Q)
                                                      0.039     1.140 r  hw_i/audio/axi_iic_0/U0/X_IIC/IIC_CONTROL_I/rsta_tx_under_prev_reg/Q
                         net (fo=2, routed)           0.045     1.184    hw_i/audio/axi_iic_0/U0/X_IIC/IIC_CONTROL_I/rsta_tx_under_prev
    SLICE_X10Y116        LUT4 (Prop_B6LUT_SLICEL_I0_O)
                                                      0.023     1.207 f  hw_i/audio/axi_iic_0/U0/X_IIC/IIC_CONTROL_I/scl_t_INST_0/O
                         net (fo=2, routed)           0.818     2.025    i2c_aic_scl_iobuf/T
    F5                   OBUFT (TriStatE_OUTBUF_HPIOB_S_T_O)
                                                      0.383     2.408 r  i2c_aic_scl_iobuf/OBUFT/O
                         net (fo=1, unset)            0.000     2.408    i2c_aic_scl_io
    F5                                                                r  i2c_aic_scl_io (INOUT)
  -------------------------------------------------------------------    -------------------

Slack:                    inf
  Source:                 hw_i/audio/axi_gpio_0/U0/gpio_core_1/Not_Dual.gpio_Data_Out_reg[0]/C
                            (rising edge-triggered cell FDRE clocked by clk_pl_0  {rise@0.000ns fall@5.156ns period=10.312ns})
  Destination:            AIC_nRST[0]
                            (output port)
  Path Group:             (none)
  Path Type:              Min at Fast Process Corner
  Data Path Delay:        1.289ns  (logic 0.420ns (32.612%)  route 0.869ns (67.388%))
  Logic Levels:           1  (OBUF=1)
  Clock Uncertainty:      0.157ns  ((TSJ^2 + DJ^2)^1/2) / 2 + PE
    Total System Jitter     (TSJ):    0.050ns
    Discrete Jitter          (DJ):    0.310ns
    Phase Error              (PE):    0.000ns
  Clock Net Delay (Source):      1.018ns (routing 0.410ns, distribution 0.608ns)

    Location             Delay type                Incr(ns)  Path(ns)    Netlist Resource(s)
  -------------------------------------------------------------------    -------------------
                         (clock clk_pl_0 rise edge)
                                                      0.000     0.000 r  
    PS8_X0Y0             PS8                          0.000     0.000 r  hw_i/zynq_ultra_ps_e_0/inst/PS8_i/PLCLK[0]
                         net (fo=1, routed)           0.094     0.094    hw_i/zynq_ultra_ps_e_0/inst/pl_clk_unbuffered[0]
    BUFG_PS_X0Y67        BUFG_PS (Prop_BUFG_PS_I_O)
                                                      0.017     0.111 r  hw_i/zynq_ultra_ps_e_0/inst/buffer_pl_clk_0.PL_CLK_0_BUFG/O
    X0Y1 (CLOCK_ROOT)    net (fo=3796, routed)        1.018     1.129    hw_i/audio/axi_gpio_0/U0/gpio_core_1/s_axi_aclk
    SLICE_X5Y127         FDRE                                         r  hw_i/audio/axi_gpio_0/U0/gpio_core_1/Not_Dual.gpio_Data_Out_reg[0]/C
  -------------------------------------------------------------------    -------------------
    SLICE_X5Y127         FDRE (Prop_CFF_SLICEM_C_Q)
                                                      0.038     1.167 r  hw_i/audio/axi_gpio_0/U0/gpio_core_1/Not_Dual.gpio_Data_Out_reg[0]/Q
                         net (fo=3, routed)           0.869     2.036    AIC_nRST_OBUF[0]
    E2                   OBUF (Prop_OUTBUF_HPIOB_S_I_O)
                                                      0.382     2.418 r  AIC_nRST_OBUF[0]_inst/O
                         net (fo=0)                   0.000     2.418    AIC_nRST[0]
    E2                                                                r  AIC_nRST[0] (OUT)
  -------------------------------------------------------------------    -------------------





--------------------------------------------------------------------------------------
Path Group:  (none)
From Clock:  
  To Clock:  clk_out1_hw_clk_wiz_0_0

Max Delay            64 Endpoints
Min Delay            64 Endpoints
--------------------------------------------------------------------------------------


Max Delay Paths
--------------------------------------------------------------------------------------
Slack:                    inf
  Source:                 AIC_sdata_i
                            (input port)
  Destination:            hw_i/audio/aic3104_dma_wrapper_0/inst/aic3104_dma/rx_din_reg[46]/D
                            (rising edge-triggered cell FDRE clocked by clk_out1_hw_clk_wiz_0_0  {rise@0.000ns fall@40.685ns period=81.369ns})
  Path Group:             (none)
  Path Type:              Setup (Max at Slow Process Corner)
  Data Path Delay:        3.136ns  (logic 0.642ns (20.463%)  route 2.495ns (79.537%))
  Logic Levels:           3  (IBUFCTRL=1 INBUF=1 LUT4=1)
  Clock Path Skew:        4.240ns (DCD - SCD + CPR)
    Destination Clock Delay (DCD):    4.240ns
    Source Clock Delay      (SCD):    0.000ns
    Clock Pessimism Removal (CPR):    0.000ns
  Clock Uncertainty:      0.283ns  ((TSJ^2 + DJ^2)^1/2) / 2 + PE
    Total System Jitter     (TSJ):    0.050ns
    Discrete Jitter          (DJ):    0.239ns
    Phase Error              (PE):    0.161ns
  Clock Net Delay (Destination): 1.761ns (routing 0.883ns, distribution 0.878ns)

    Location             Delay type                Incr(ns)  Path(ns)    Netlist Resource(s)
  -------------------------------------------------------------------    -------------------
    G4                                                0.000     0.000 r  AIC_sdata_i (IN)
                         net (fo=0)                   0.000     0.000    AIC_sdata_i_IBUF_inst/I
    G4                   INBUF (Prop_INBUF_HPIOB_SNGL_PAD_O)
                                                      0.494     0.494 r  AIC_sdata_i_IBUF_inst/INBUF_INST/O
                         net (fo=1, routed)           0.000     0.494    AIC_sdata_i_IBUF_inst/OUT
    G4                   IBUFCTRL (Prop_IBUFCTRL_HPIOB_SNGL_I_O)
                                                      0.000     0.494 r  AIC_sdata_i_IBUF_inst/IBUFCTRL_INST/O
                         net (fo=64, routed)          2.444     2.937    hw_i/audio/aic3104_dma_wrapper_0/inst/aic3104_dma/i2s_sdata_i
    SLICE_X17Y32         LUT4 (Prop_F6LUT_SLICEL_I0_O)
                                                      0.148     3.085 r  hw_i/audio/aic3104_dma_wrapper_0/inst/aic3104_dma/rx_din[46]_i_1/O
                         net (fo=1, routed)           0.051     3.136    hw_i/audio/aic3104_dma_wrapper_0/inst/aic3104_dma/rx_din[46]_i_1_n_0
    SLICE_X17Y32         FDRE                                         r  hw_i/audio/aic3104_dma_wrapper_0/inst/aic3104_dma/rx_din_reg[46]/D
  -------------------------------------------------------------------    -------------------

                         (clock clk_out1_hw_clk_wiz_0_0 rise edge)
                                                      0.000     0.000 r  
    BUFG_PS_X0Y67        BUFG_PS                      0.000     0.000 r  hw_i/zynq_ultra_ps_e_0/inst/buffer_pl_clk_0.PL_CLK_0_BUFG/O
                         net (fo=3796, routed)        1.610     1.610    hw_i/audio/clk_wiz_0/inst/clk_in1
    MMCM_X0Y2            MMCME4_ADV (Prop_MMCM_CLKIN1_CLKOUT0)
                                                      0.630     2.240 r  hw_i/audio/clk_wiz_0/inst/mmcme4_adv_inst/CLKOUT0
                         net (fo=1, routed)           0.215     2.455    hw_i/audio/clk_wiz_0/inst/clk_out1_hw_clk_wiz_0_0
    BUFGCE_X0Y66         BUFGCE (Prop_BUFCE_BUFGCE_I_O)
                                                      0.024     2.479 r  hw_i/audio/clk_wiz_0/inst/clkout1_buf/O
    X0Y1 (CLOCK_ROOT)    net (fo=444, routed)         1.761     4.240    hw_i/audio/aic3104_dma_wrapper_0/inst/aic3104_dma/AIC_mclk_o
    SLICE_X17Y32         FDRE                                         r  hw_i/audio/aic3104_dma_wrapper_0/inst/aic3104_dma/rx_din_reg[46]/C

Slack:                    inf
  Source:                 AIC_sdata_i
                            (input port)
  Destination:            hw_i/audio/aic3104_dma_wrapper_0/inst/aic3104_dma/rx_din_reg[20]/D
                            (rising edge-triggered cell FDRE clocked by clk_out1_hw_clk_wiz_0_0  {rise@0.000ns fall@40.685ns period=81.369ns})
  Path Group:             (none)
  Path Type:              Setup (Max at Slow Process Corner)
  Data Path Delay:        3.102ns  (logic 0.640ns (20.626%)  route 2.462ns (79.374%))
  Logic Levels:           3  (IBUFCTRL=1 INBUF=1 LUT4=1)
  Clock Path Skew:        4.238ns (DCD - SCD + CPR)
    Destination Clock Delay (DCD):    4.238ns
    Source Clock Delay      (SCD):    0.000ns
    Clock Pessimism Removal (CPR):    0.000ns
  Clock Uncertainty:      0.283ns  ((TSJ^2 + DJ^2)^1/2) / 2 + PE
    Total System Jitter     (TSJ):    0.050ns
    Discrete Jitter          (DJ):    0.239ns
    Phase Error              (PE):    0.161ns
  Clock Net Delay (Destination): 1.759ns (routing 0.883ns, distribution 0.876ns)

    Location             Delay type                Incr(ns)  Path(ns)    Netlist Resource(s)
  -------------------------------------------------------------------    -------------------
    G4                                                0.000     0.000 r  AIC_sdata_i (IN)
                         net (fo=0)                   0.000     0.000    AIC_sdata_i_IBUF_inst/I
    G4                   INBUF (Prop_INBUF_HPIOB_SNGL_PAD_O)
                                                      0.494     0.494 r  AIC_sdata_i_IBUF_inst/INBUF_INST/O
                         net (fo=1, routed)           0.000     0.494    AIC_sdata_i_IBUF_inst/OUT
    G4                   IBUFCTRL (Prop_IBUFCTRL_HPIOB_SNGL_I_O)
                                                      0.000     0.494 r  AIC_sdata_i_IBUF_inst/IBUFCTRL_INST/O
                         net (fo=64, routed)          2.412     2.906    hw_i/audio/aic3104_dma_wrapper_0/inst/aic3104_dma/i2s_sdata_i
    SLICE_X21Y26         LUT4 (Prop_C6LUT_SLICEL_I0_O)
                                                      0.146     3.052 r  hw_i/audio/aic3104_dma_wrapper_0/inst/aic3104_dma/rx_din[20]_i_1/O
                         net (fo=1, routed)           0.050     3.102    hw_i/audio/aic3104_dma_wrapper_0/inst/aic3104_dma/rx_din[20]_i_1_n_0
    SLICE_X21Y26         FDRE                                         r  hw_i/audio/aic3104_dma_wrapper_0/inst/aic3104_dma/rx_din_reg[20]/D
  -------------------------------------------------------------------    -------------------

                         (clock clk_out1_hw_clk_wiz_0_0 rise edge)
                                                      0.000     0.000 r  
    BUFG_PS_X0Y67        BUFG_PS                      0.000     0.000 r  hw_i/zynq_ultra_ps_e_0/inst/buffer_pl_clk_0.PL_CLK_0_BUFG/O
                         net (fo=3796, routed)        1.610     1.610    hw_i/audio/clk_wiz_0/inst/clk_in1
    MMCM_X0Y2            MMCME4_ADV (Prop_MMCM_CLKIN1_CLKOUT0)
                                                      0.630     2.240 r  hw_i/audio/clk_wiz_0/inst/mmcme4_adv_inst/CLKOUT0
                         net (fo=1, routed)           0.215     2.455    hw_i/audio/clk_wiz_0/inst/clk_out1_hw_clk_wiz_0_0
    BUFGCE_X0Y66         BUFGCE (Prop_BUFCE_BUFGCE_I_O)
                                                      0.024     2.479 r  hw_i/audio/clk_wiz_0/inst/clkout1_buf/O
    X0Y1 (CLOCK_ROOT)    net (fo=444, routed)         1.759     4.238    hw_i/audio/aic3104_dma_wrapper_0/inst/aic3104_dma/AIC_mclk_o
    SLICE_X21Y26         FDRE                                         r  hw_i/audio/aic3104_dma_wrapper_0/inst/aic3104_dma/rx_din_reg[20]/C

Slack:                    inf
  Source:                 AIC_sdata_i
                            (input port)
  Destination:            hw_i/audio/aic3104_dma_wrapper_0/inst/aic3104_dma/rx_din_reg[22]/D
                            (rising edge-triggered cell FDRE clocked by clk_out1_hw_clk_wiz_0_0  {rise@0.000ns fall@40.685ns period=81.369ns})
  Path Group:             (none)
  Path Type:              Setup (Max at Slow Process Corner)
  Data Path Delay:        3.099ns  (logic 0.643ns (20.745%)  route 2.456ns (79.255%))
  Logic Levels:           3  (IBUFCTRL=1 INBUF=1 LUT4=1)
  Clock Path Skew:        4.238ns (DCD - SCD + CPR)
    Destination Clock Delay (DCD):    4.238ns
    Source Clock Delay      (SCD):    0.000ns
    Clock Pessimism Removal (CPR):    0.000ns
  Clock Uncertainty:      0.283ns  ((TSJ^2 + DJ^2)^1/2) / 2 + PE
    Total System Jitter     (TSJ):    0.050ns
    Discrete Jitter          (DJ):    0.239ns
    Phase Error              (PE):    0.161ns
  Clock Net Delay (Destination): 1.759ns (routing 0.883ns, distribution 0.876ns)

    Location             Delay type                Incr(ns)  Path(ns)    Netlist Resource(s)
  -------------------------------------------------------------------    -------------------
    G4                                                0.000     0.000 r  AIC_sdata_i (IN)
                         net (fo=0)                   0.000     0.000    AIC_sdata_i_IBUF_inst/I
    G4                   INBUF (Prop_INBUF_HPIOB_SNGL_PAD_O)
                                                      0.494     0.494 r  AIC_sdata_i_IBUF_inst/INBUF_INST/O
                         net (fo=1, routed)           0.000     0.494    AIC_sdata_i_IBUF_inst/OUT
    G4                   IBUFCTRL (Prop_IBUFCTRL_HPIOB_SNGL_I_O)
                                                      0.000     0.494 r  AIC_sdata_i_IBUF_inst/IBUFCTRL_INST/O
                         net (fo=64, routed)          2.408     2.902    hw_i/audio/aic3104_dma_wrapper_0/inst/aic3104_dma/i2s_sdata_i
    SLICE_X21Y26         LUT4 (Prop_A6LUT_SLICEL_I0_O)
                                                      0.149     3.051 r  hw_i/audio/aic3104_dma_wrapper_0/inst/aic3104_dma/rx_din[22]_i_1/O
                         net (fo=1, routed)           0.048     3.099    hw_i/audio/aic3104_dma_wrapper_0/inst/aic3104_dma/rx_din[22]_i_1_n_0
    SLICE_X21Y26         FDRE                                         r  hw_i/audio/aic3104_dma_wrapper_0/inst/aic3104_dma/rx_din_reg[22]/D
  -------------------------------------------------------------------    -------------------

                         (clock clk_out1_hw_clk_wiz_0_0 rise edge)
                                                      0.000     0.000 r  
    BUFG_PS_X0Y67        BUFG_PS                      0.000     0.000 r  hw_i/zynq_ultra_ps_e_0/inst/buffer_pl_clk_0.PL_CLK_0_BUFG/O
                         net (fo=3796, routed)        1.610     1.610    hw_i/audio/clk_wiz_0/inst/clk_in1
    MMCM_X0Y2            MMCME4_ADV (Prop_MMCM_CLKIN1_CLKOUT0)
                                                      0.630     2.240 r  hw_i/audio/clk_wiz_0/inst/mmcme4_adv_inst/CLKOUT0
                         net (fo=1, routed)           0.215     2.455    hw_i/audio/clk_wiz_0/inst/clk_out1_hw_clk_wiz_0_0
    BUFGCE_X0Y66         BUFGCE (Prop_BUFCE_BUFGCE_I_O)
                                                      0.024     2.479 r  hw_i/audio/clk_wiz_0/inst/clkout1_buf/O
    X0Y1 (CLOCK_ROOT)    net (fo=444, routed)         1.759     4.238    hw_i/audio/aic3104_dma_wrapper_0/inst/aic3104_dma/AIC_mclk_o
    SLICE_X21Y26         FDRE                                         r  hw_i/audio/aic3104_dma_wrapper_0/inst/aic3104_dma/rx_din_reg[22]/C

Slack:                    inf
  Source:                 AIC_sdata_i
                            (input port)
  Destination:            hw_i/audio/aic3104_dma_wrapper_0/inst/aic3104_dma/rx_din_reg[2]/D
                            (rising edge-triggered cell FDRE clocked by clk_out1_hw_clk_wiz_0_0  {rise@0.000ns fall@40.685ns period=81.369ns})
  Path Group:             (none)
  Path Type:              Setup (Max at Slow Process Corner)
  Data Path Delay:        3.095ns  (logic 0.646ns (20.864%)  route 2.450ns (79.136%))
  Logic Levels:           3  (IBUFCTRL=1 INBUF=1 LUT4=1)
  Clock Path Skew:        4.231ns (DCD - SCD + CPR)
    Destination Clock Delay (DCD):    4.231ns
    Source Clock Delay      (SCD):    0.000ns
    Clock Pessimism Removal (CPR):    0.000ns
  Clock Uncertainty:      0.283ns  ((TSJ^2 + DJ^2)^1/2) / 2 + PE
    Total System Jitter     (TSJ):    0.050ns
    Discrete Jitter          (DJ):    0.239ns
    Phase Error              (PE):    0.161ns
  Clock Net Delay (Destination): 1.752ns (routing 0.883ns, distribution 0.869ns)

    Location             Delay type                Incr(ns)  Path(ns)    Netlist Resource(s)
  -------------------------------------------------------------------    -------------------
    G4                                                0.000     0.000 r  AIC_sdata_i (IN)
                         net (fo=0)                   0.000     0.000    AIC_sdata_i_IBUF_inst/I
    G4                   INBUF (Prop_INBUF_HPIOB_SNGL_PAD_O)
                                                      0.494     0.494 r  AIC_sdata_i_IBUF_inst/INBUF_INST/O
                         net (fo=1, routed)           0.000     0.494    AIC_sdata_i_IBUF_inst/OUT
    G4                   IBUFCTRL (Prop_IBUFCTRL_HPIOB_SNGL_I_O)
                                                      0.000     0.494 r  AIC_sdata_i_IBUF_inst/IBUFCTRL_INST/O
                         net (fo=64, routed)          2.392     2.885    hw_i/audio/aic3104_dma_wrapper_0/inst/aic3104_dma/i2s_sdata_i
    SLICE_X19Y33         LUT4 (Prop_H6LUT_SLICEM_I0_O)
                                                      0.152     3.037 r  hw_i/audio/aic3104_dma_wrapper_0/inst/aic3104_dma/rx_din[2]_i_1/O
                         net (fo=1, routed)           0.058     3.095    hw_i/audio/aic3104_dma_wrapper_0/inst/aic3104_dma/rx_din[2]_i_1_n_0
    SLICE_X19Y33         FDRE                                         r  hw_i/audio/aic3104_dma_wrapper_0/inst/aic3104_dma/rx_din_reg[2]/D
  -------------------------------------------------------------------    -------------------

                         (clock clk_out1_hw_clk_wiz_0_0 rise edge)
                                                      0.000     0.000 r  
    BUFG_PS_X0Y67        BUFG_PS                      0.000     0.000 r  hw_i/zynq_ultra_ps_e_0/inst/buffer_pl_clk_0.PL_CLK_0_BUFG/O
                         net (fo=3796, routed)        1.610     1.610    hw_i/audio/clk_wiz_0/inst/clk_in1
    MMCM_X0Y2            MMCME4_ADV (Prop_MMCM_CLKIN1_CLKOUT0)
                                                      0.630     2.240 r  hw_i/audio/clk_wiz_0/inst/mmcme4_adv_inst/CLKOUT0
                         net (fo=1, routed)           0.215     2.455    hw_i/audio/clk_wiz_0/inst/clk_out1_hw_clk_wiz_0_0
    BUFGCE_X0Y66         BUFGCE (Prop_BUFCE_BUFGCE_I_O)
                                                      0.024     2.479 r  hw_i/audio/clk_wiz_0/inst/clkout1_buf/O
    X0Y1 (CLOCK_ROOT)    net (fo=444, routed)         1.752     4.231    hw_i/audio/aic3104_dma_wrapper_0/inst/aic3104_dma/AIC_mclk_o
    SLICE_X19Y33         FDRE                                         r  hw_i/audio/aic3104_dma_wrapper_0/inst/aic3104_dma/rx_din_reg[2]/C

Slack:                    inf
  Source:                 AIC_sdata_i
                            (input port)
  Destination:            hw_i/audio/aic3104_dma_wrapper_0/inst/aic3104_dma/rx_din_reg[10]/D
                            (rising edge-triggered cell FDRE clocked by clk_out1_hw_clk_wiz_0_0  {rise@0.000ns fall@40.685ns period=81.369ns})
  Path Group:             (none)
  Path Type:              Setup (Max at Slow Process Corner)
  Data Path Delay:        3.092ns  (logic 0.616ns (19.917%)  route 2.476ns (80.083%))
  Logic Levels:           3  (IBUFCTRL=1 INBUF=1 LUT4=1)
  Clock Path Skew:        4.232ns (DCD - SCD + CPR)
    Destination Clock Delay (DCD):    4.232ns
    Source Clock Delay      (SCD):    0.000ns
    Clock Pessimism Removal (CPR):    0.000ns
  Clock Uncertainty:      0.283ns  ((TSJ^2 + DJ^2)^1/2) / 2 + PE
    Total System Jitter     (TSJ):    0.050ns
    Discrete Jitter          (DJ):    0.239ns
    Phase Error              (PE):    0.161ns
  Clock Net Delay (Destination): 1.753ns (routing 0.883ns, distribution 0.870ns)

    Location             Delay type                Incr(ns)  Path(ns)    Netlist Resource(s)
  -------------------------------------------------------------------    -------------------
    G4                                                0.000     0.000 r  AIC_sdata_i (IN)
                         net (fo=0)                   0.000     0.000    AIC_sdata_i_IBUF_inst/I
    G4                   INBUF (Prop_INBUF_HPIOB_SNGL_PAD_O)
                                                      0.494     0.494 r  AIC_sdata_i_IBUF_inst/INBUF_INST/O
                         net (fo=1, routed)           0.000     0.494    AIC_sdata_i_IBUF_inst/OUT
    G4                   IBUFCTRL (Prop_IBUFCTRL_HPIOB_SNGL_I_O)
                                                      0.000     0.494 r  AIC_sdata_i_IBUF_inst/IBUFCTRL_INST/O
                         net (fo=64, routed)          2.404     2.898    hw_i/audio/aic3104_dma_wrapper_0/inst/aic3104_dma/i2s_sdata_i
    SLICE_X19Y33         LUT4 (Prop_D6LUT_SLICEM_I0_O)
                                                      0.122     3.020 r  hw_i/audio/aic3104_dma_wrapper_0/inst/aic3104_dma/rx_din[10]_i_1/O
                         net (fo=1, routed)           0.072     3.092    hw_i/audio/aic3104_dma_wrapper_0/inst/aic3104_dma/rx_din[10]_i_1_n_0
    SLICE_X19Y33         FDRE                                         r  hw_i/audio/aic3104_dma_wrapper_0/inst/aic3104_dma/rx_din_reg[10]/D
  -------------------------------------------------------------------    -------------------

                         (clock clk_out1_hw_clk_wiz_0_0 rise edge)
                                                      0.000     0.000 r  
    BUFG_PS_X0Y67        BUFG_PS                      0.000     0.000 r  hw_i/zynq_ultra_ps_e_0/inst/buffer_pl_clk_0.PL_CLK_0_BUFG/O
                         net (fo=3796, routed)        1.610     1.610    hw_i/audio/clk_wiz_0/inst/clk_in1
    MMCM_X0Y2            MMCME4_ADV (Prop_MMCM_CLKIN1_CLKOUT0)
                                                      0.630     2.240 r  hw_i/audio/clk_wiz_0/inst/mmcme4_adv_inst/CLKOUT0
                         net (fo=1, routed)           0.215     2.455    hw_i/audio/clk_wiz_0/inst/clk_out1_hw_clk_wiz_0_0
    BUFGCE_X0Y66         BUFGCE (Prop_BUFCE_BUFGCE_I_O)
                                                      0.024     2.479 r  hw_i/audio/clk_wiz_0/inst/clkout1_buf/O
    X0Y1 (CLOCK_ROOT)    net (fo=444, routed)         1.753     4.232    hw_i/audio/aic3104_dma_wrapper_0/inst/aic3104_dma/AIC_mclk_o
    SLICE_X19Y33         FDRE                                         r  hw_i/audio/aic3104_dma_wrapper_0/inst/aic3104_dma/rx_din_reg[10]/C

Slack:                    inf
  Source:                 AIC_sdata_i
                            (input port)
  Destination:            hw_i/audio/aic3104_dma_wrapper_0/inst/aic3104_dma/rx_din_reg[3]/D
                            (rising edge-triggered cell FDRE clocked by clk_out1_hw_clk_wiz_0_0  {rise@0.000ns fall@40.685ns period=81.369ns})
  Path Group:             (none)
  Path Type:              Setup (Max at Slow Process Corner)
  Data Path Delay:        3.086ns  (logic 0.644ns (20.860%)  route 2.443ns (79.140%))
  Logic Levels:           3  (IBUFCTRL=1 INBUF=1 LUT4=1)
  Clock Path Skew:        4.231ns (DCD - SCD + CPR)
    Destination Clock Delay (DCD):    4.231ns
    Source Clock Delay      (SCD):    0.000ns
    Clock Pessimism Removal (CPR):    0.000ns
  Clock Uncertainty:      0.283ns  ((TSJ^2 + DJ^2)^1/2) / 2 + PE
    Total System Jitter     (TSJ):    0.050ns
    Discrete Jitter          (DJ):    0.239ns
    Phase Error              (PE):    0.161ns
  Clock Net Delay (Destination): 1.752ns (routing 0.883ns, distribution 0.869ns)

    Location             Delay type                Incr(ns)  Path(ns)    Netlist Resource(s)
  -------------------------------------------------------------------    -------------------
    G4                                                0.000     0.000 r  AIC_sdata_i (IN)
                         net (fo=0)                   0.000     0.000    AIC_sdata_i_IBUF_inst/I
    G4                   INBUF (Prop_INBUF_HPIOB_SNGL_PAD_O)
                                                      0.494     0.494 r  AIC_sdata_i_IBUF_inst/INBUF_INST/O
                         net (fo=1, routed)           0.000     0.494    AIC_sdata_i_IBUF_inst/OUT
    G4                   IBUFCTRL (Prop_IBUFCTRL_HPIOB_SNGL_I_O)
                                                      0.000     0.494 r  AIC_sdata_i_IBUF_inst/IBUFCTRL_INST/O
                         net (fo=64, routed)          2.384     2.877    hw_i/audio/aic3104_dma_wrapper_0/inst/aic3104_dma/i2s_sdata_i
    SLICE_X19Y33         LUT4 (Prop_G6LUT_SLICEM_I0_O)
                                                      0.150     3.027 r  hw_i/audio/aic3104_dma_wrapper_0/inst/aic3104_dma/rx_din[3]_i_1/O
                         net (fo=1, routed)           0.059     3.086    hw_i/audio/aic3104_dma_wrapper_0/inst/aic3104_dma/rx_din[3]_i_1_n_0
    SLICE_X19Y33         FDRE                                         r  hw_i/audio/aic3104_dma_wrapper_0/inst/aic3104_dma/rx_din_reg[3]/D
  -------------------------------------------------------------------    -------------------

                         (clock clk_out1_hw_clk_wiz_0_0 rise edge)
                                                      0.000     0.000 r  
    BUFG_PS_X0Y67        BUFG_PS                      0.000     0.000 r  hw_i/zynq_ultra_ps_e_0/inst/buffer_pl_clk_0.PL_CLK_0_BUFG/O
                         net (fo=3796, routed)        1.610     1.610    hw_i/audio/clk_wiz_0/inst/clk_in1
    MMCM_X0Y2            MMCME4_ADV (Prop_MMCM_CLKIN1_CLKOUT0)
                                                      0.630     2.240 r  hw_i/audio/clk_wiz_0/inst/mmcme4_adv_inst/CLKOUT0
                         net (fo=1, routed)           0.215     2.455    hw_i/audio/clk_wiz_0/inst/clk_out1_hw_clk_wiz_0_0
    BUFGCE_X0Y66         BUFGCE (Prop_BUFCE_BUFGCE_I_O)
                                                      0.024     2.479 r  hw_i/audio/clk_wiz_0/inst/clkout1_buf/O
    X0Y1 (CLOCK_ROOT)    net (fo=444, routed)         1.752     4.231    hw_i/audio/aic3104_dma_wrapper_0/inst/aic3104_dma/AIC_mclk_o
    SLICE_X19Y33         FDRE                                         r  hw_i/audio/aic3104_dma_wrapper_0/inst/aic3104_dma/rx_din_reg[3]/C

Slack:                    inf
  Source:                 AIC_sdata_i
                            (input port)
  Destination:            hw_i/audio/aic3104_dma_wrapper_0/inst/aic3104_dma/rx_din_reg[40]/D
                            (rising edge-triggered cell FDRE clocked by clk_out1_hw_clk_wiz_0_0  {rise@0.000ns fall@40.685ns period=81.369ns})
  Path Group:             (none)
  Path Type:              Setup (Max at Slow Process Corner)
  Data Path Delay:        3.081ns  (logic 0.644ns (20.896%)  route 2.437ns (79.104%))
  Logic Levels:           3  (IBUFCTRL=1 INBUF=1 LUT4=1)
  Clock Path Skew:        4.240ns (DCD - SCD + CPR)
    Destination Clock Delay (DCD):    4.240ns
    Source Clock Delay      (SCD):    0.000ns
    Clock Pessimism Removal (CPR):    0.000ns
  Clock Uncertainty:      0.283ns  ((TSJ^2 + DJ^2)^1/2) / 2 + PE
    Total System Jitter     (TSJ):    0.050ns
    Discrete Jitter          (DJ):    0.239ns
    Phase Error              (PE):    0.161ns
  Clock Net Delay (Destination): 1.761ns (routing 0.883ns, distribution 0.878ns)

    Location             Delay type                Incr(ns)  Path(ns)    Netlist Resource(s)
  -------------------------------------------------------------------    -------------------
    G4                                                0.000     0.000 r  AIC_sdata_i (IN)
                         net (fo=0)                   0.000     0.000    AIC_sdata_i_IBUF_inst/I
    G4                   INBUF (Prop_INBUF_HPIOB_SNGL_PAD_O)
                                                      0.494     0.494 r  AIC_sdata_i_IBUF_inst/INBUF_INST/O
                         net (fo=1, routed)           0.000     0.494    AIC_sdata_i_IBUF_inst/OUT
    G4                   IBUFCTRL (Prop_IBUFCTRL_HPIOB_SNGL_I_O)
                                                      0.000     0.494 r  AIC_sdata_i_IBUF_inst/IBUFCTRL_INST/O
                         net (fo=64, routed)          2.386     2.880    hw_i/audio/aic3104_dma_wrapper_0/inst/aic3104_dma/i2s_sdata_i
    SLICE_X17Y32         LUT4 (Prop_H6LUT_SLICEL_I0_O)
                                                      0.150     3.030 r  hw_i/audio/aic3104_dma_wrapper_0/inst/aic3104_dma/rx_din[40]_i_1/O
                         net (fo=1, routed)           0.051     3.081    hw_i/audio/aic3104_dma_wrapper_0/inst/aic3104_dma/rx_din[40]_i_1_n_0
    SLICE_X17Y32         FDRE                                         r  hw_i/audio/aic3104_dma_wrapper_0/inst/aic3104_dma/rx_din_reg[40]/D
  -------------------------------------------------------------------    -------------------

                         (clock clk_out1_hw_clk_wiz_0_0 rise edge)
                                                      0.000     0.000 r  
    BUFG_PS_X0Y67        BUFG_PS                      0.000     0.000 r  hw_i/zynq_ultra_ps_e_0/inst/buffer_pl_clk_0.PL_CLK_0_BUFG/O
                         net (fo=3796, routed)        1.610     1.610    hw_i/audio/clk_wiz_0/inst/clk_in1
    MMCM_X0Y2            MMCME4_ADV (Prop_MMCM_CLKIN1_CLKOUT0)
                                                      0.630     2.240 r  hw_i/audio/clk_wiz_0/inst/mmcme4_adv_inst/CLKOUT0
                         net (fo=1, routed)           0.215     2.455    hw_i/audio/clk_wiz_0/inst/clk_out1_hw_clk_wiz_0_0
    BUFGCE_X0Y66         BUFGCE (Prop_BUFCE_BUFGCE_I_O)
                                                      0.024     2.479 r  hw_i/audio/clk_wiz_0/inst/clkout1_buf/O
    X0Y1 (CLOCK_ROOT)    net (fo=444, routed)         1.761     4.240    hw_i/audio/aic3104_dma_wrapper_0/inst/aic3104_dma/AIC_mclk_o
    SLICE_X17Y32         FDRE                                         r  hw_i/audio/aic3104_dma_wrapper_0/inst/aic3104_dma/rx_din_reg[40]/C

Slack:                    inf
  Source:                 AIC_sdata_i
                            (input port)
  Destination:            hw_i/audio/aic3104_dma_wrapper_0/inst/aic3104_dma/rx_din_reg[44]/D
                            (rising edge-triggered cell FDRE clocked by clk_out1_hw_clk_wiz_0_0  {rise@0.000ns fall@40.685ns period=81.369ns})
  Path Group:             (none)
  Path Type:              Setup (Max at Slow Process Corner)
  Data Path Delay:        3.076ns  (logic 0.643ns (20.897%)  route 2.433ns (79.103%))
  Logic Levels:           3  (IBUFCTRL=1 INBUF=1 LUT4=1)
  Clock Path Skew:        4.240ns (DCD - SCD + CPR)
    Destination Clock Delay (DCD):    4.240ns
    Source Clock Delay      (SCD):    0.000ns
    Clock Pessimism Removal (CPR):    0.000ns
  Clock Uncertainty:      0.283ns  ((TSJ^2 + DJ^2)^1/2) / 2 + PE
    Total System Jitter     (TSJ):    0.050ns
    Discrete Jitter          (DJ):    0.239ns
    Phase Error              (PE):    0.161ns
  Clock Net Delay (Destination): 1.761ns (routing 0.883ns, distribution 0.878ns)

    Location             Delay type                Incr(ns)  Path(ns)    Netlist Resource(s)
  -------------------------------------------------------------------    -------------------
    G4                                                0.000     0.000 r  AIC_sdata_i (IN)
                         net (fo=0)                   0.000     0.000    AIC_sdata_i_IBUF_inst/I
    G4                   INBUF (Prop_INBUF_HPIOB_SNGL_PAD_O)
                                                      0.494     0.494 r  AIC_sdata_i_IBUF_inst/INBUF_INST/O
                         net (fo=1, routed)           0.000     0.494    AIC_sdata_i_IBUF_inst/OUT
    G4                   IBUFCTRL (Prop_IBUFCTRL_HPIOB_SNGL_I_O)
                                                      0.000     0.494 r  AIC_sdata_i_IBUF_inst/IBUFCTRL_INST/O
                         net (fo=64, routed)          2.385     2.879    hw_i/audio/aic3104_dma_wrapper_0/inst/aic3104_dma/i2s_sdata_i
    SLICE_X17Y32         LUT4 (Prop_G6LUT_SLICEL_I0_O)
                                                      0.149     3.028 r  hw_i/audio/aic3104_dma_wrapper_0/inst/aic3104_dma/rx_din[44]_i_1/O
                         net (fo=1, routed)           0.048     3.076    hw_i/audio/aic3104_dma_wrapper_0/inst/aic3104_dma/rx_din[44]_i_1_n_0
    SLICE_X17Y32         FDRE                                         r  hw_i/audio/aic3104_dma_wrapper_0/inst/aic3104_dma/rx_din_reg[44]/D
  -------------------------------------------------------------------    -------------------

                         (clock clk_out1_hw_clk_wiz_0_0 rise edge)
                                                      0.000     0.000 r  
    BUFG_PS_X0Y67        BUFG_PS                      0.000     0.000 r  hw_i/zynq_ultra_ps_e_0/inst/buffer_pl_clk_0.PL_CLK_0_BUFG/O
                         net (fo=3796, routed)        1.610     1.610    hw_i/audio/clk_wiz_0/inst/clk_in1
    MMCM_X0Y2            MMCME4_ADV (Prop_MMCM_CLKIN1_CLKOUT0)
                                                      0.630     2.240 r  hw_i/audio/clk_wiz_0/inst/mmcme4_adv_inst/CLKOUT0
                         net (fo=1, routed)           0.215     2.455    hw_i/audio/clk_wiz_0/inst/clk_out1_hw_clk_wiz_0_0
    BUFGCE_X0Y66         BUFGCE (Prop_BUFCE_BUFGCE_I_O)
                                                      0.024     2.479 r  hw_i/audio/clk_wiz_0/inst/clkout1_buf/O
    X0Y1 (CLOCK_ROOT)    net (fo=444, routed)         1.761     4.240    hw_i/audio/aic3104_dma_wrapper_0/inst/aic3104_dma/AIC_mclk_o
    SLICE_X17Y32         FDRE                                         r  hw_i/audio/aic3104_dma_wrapper_0/inst/aic3104_dma/rx_din_reg[44]/C

Slack:                    inf
  Source:                 AIC_sdata_i
                            (input port)
  Destination:            hw_i/audio/aic3104_dma_wrapper_0/inst/aic3104_dma/rx_din_reg[6]/D
                            (rising edge-triggered cell FDRE clocked by clk_out1_hw_clk_wiz_0_0  {rise@0.000ns fall@40.685ns period=81.369ns})
  Path Group:             (none)
  Path Type:              Setup (Max at Slow Process Corner)
  Data Path Delay:        3.064ns  (logic 0.545ns (17.782%)  route 2.519ns (82.218%))
  Logic Levels:           3  (IBUFCTRL=1 INBUF=1 LUT4=1)
  Clock Path Skew:        4.229ns (DCD - SCD + CPR)
    Destination Clock Delay (DCD):    4.229ns
    Source Clock Delay      (SCD):    0.000ns
    Clock Pessimism Removal (CPR):    0.000ns
  Clock Uncertainty:      0.283ns  ((TSJ^2 + DJ^2)^1/2) / 2 + PE
    Total System Jitter     (TSJ):    0.050ns
    Discrete Jitter          (DJ):    0.239ns
    Phase Error              (PE):    0.161ns
  Clock Net Delay (Destination): 1.750ns (routing 0.883ns, distribution 0.867ns)

    Location             Delay type                Incr(ns)  Path(ns)    Netlist Resource(s)
  -------------------------------------------------------------------    -------------------
    G4                                                0.000     0.000 r  AIC_sdata_i (IN)
                         net (fo=0)                   0.000     0.000    AIC_sdata_i_IBUF_inst/I
    G4                   INBUF (Prop_INBUF_HPIOB_SNGL_PAD_O)
                                                      0.494     0.494 r  AIC_sdata_i_IBUF_inst/INBUF_INST/O
                         net (fo=1, routed)           0.000     0.494    AIC_sdata_i_IBUF_inst/OUT
    G4                   IBUFCTRL (Prop_IBUFCTRL_HPIOB_SNGL_I_O)
                                                      0.000     0.494 r  AIC_sdata_i_IBUF_inst/IBUFCTRL_INST/O
                         net (fo=64, routed)          2.447     2.941    hw_i/audio/aic3104_dma_wrapper_0/inst/aic3104_dma/i2s_sdata_i
    SLICE_X19Y34         LUT4 (Prop_D6LUT_SLICEM_I0_O)
                                                      0.051     2.992 r  hw_i/audio/aic3104_dma_wrapper_0/inst/aic3104_dma/rx_din[6]_i_1/O
                         net (fo=1, routed)           0.072     3.064    hw_i/audio/aic3104_dma_wrapper_0/inst/aic3104_dma/rx_din[6]_i_1_n_0
    SLICE_X19Y34         FDRE                                         r  hw_i/audio/aic3104_dma_wrapper_0/inst/aic3104_dma/rx_din_reg[6]/D
  -------------------------------------------------------------------    -------------------

                         (clock clk_out1_hw_clk_wiz_0_0 rise edge)
                                                      0.000     0.000 r  
    BUFG_PS_X0Y67        BUFG_PS                      0.000     0.000 r  hw_i/zynq_ultra_ps_e_0/inst/buffer_pl_clk_0.PL_CLK_0_BUFG/O
                         net (fo=3796, routed)        1.610     1.610    hw_i/audio/clk_wiz_0/inst/clk_in1
    MMCM_X0Y2            MMCME4_ADV (Prop_MMCM_CLKIN1_CLKOUT0)
                                                      0.630     2.240 r  hw_i/audio/clk_wiz_0/inst/mmcme4_adv_inst/CLKOUT0
                         net (fo=1, routed)           0.215     2.455    hw_i/audio/clk_wiz_0/inst/clk_out1_hw_clk_wiz_0_0
    BUFGCE_X0Y66         BUFGCE (Prop_BUFCE_BUFGCE_I_O)
                                                      0.024     2.479 r  hw_i/audio/clk_wiz_0/inst/clkout1_buf/O
    X0Y1 (CLOCK_ROOT)    net (fo=444, routed)         1.750     4.229    hw_i/audio/aic3104_dma_wrapper_0/inst/aic3104_dma/AIC_mclk_o
    SLICE_X19Y34         FDRE                                         r  hw_i/audio/aic3104_dma_wrapper_0/inst/aic3104_dma/rx_din_reg[6]/C

Slack:                    inf
  Source:                 AIC_sdata_i
                            (input port)
  Destination:            hw_i/audio/aic3104_dma_wrapper_0/inst/aic3104_dma/rx_din_reg[4]/D
                            (rising edge-triggered cell FDRE clocked by clk_out1_hw_clk_wiz_0_0  {rise@0.000ns fall@40.685ns period=81.369ns})
  Path Group:             (none)
  Path Type:              Setup (Max at Slow Process Corner)
  Data Path Delay:        3.062ns  (logic 0.642ns (20.963%)  route 2.420ns (79.037%))
  Logic Levels:           3  (IBUFCTRL=1 INBUF=1 LUT4=1)
  Clock Path Skew:        4.232ns (DCD - SCD + CPR)
    Destination Clock Delay (DCD):    4.232ns
    Source Clock Delay      (SCD):    0.000ns
    Clock Pessimism Removal (CPR):    0.000ns
  Clock Uncertainty:      0.283ns  ((TSJ^2 + DJ^2)^1/2) / 2 + PE
    Total System Jitter     (TSJ):    0.050ns
    Discrete Jitter          (DJ):    0.239ns
    Phase Error              (PE):    0.161ns
  Clock Net Delay (Destination): 1.753ns (routing 0.883ns, distribution 0.870ns)

    Location             Delay type                Incr(ns)  Path(ns)    Netlist Resource(s)
  -------------------------------------------------------------------    -------------------
    G4                                                0.000     0.000 r  AIC_sdata_i (IN)
                         net (fo=0)                   0.000     0.000    AIC_sdata_i_IBUF_inst/I
    G4                   INBUF (Prop_INBUF_HPIOB_SNGL_PAD_O)
                                                      0.494     0.494 r  AIC_sdata_i_IBUF_inst/INBUF_INST/O
                         net (fo=1, routed)           0.000     0.494    AIC_sdata_i_IBUF_inst/OUT
    G4                   IBUFCTRL (Prop_IBUFCTRL_HPIOB_SNGL_I_O)
                                                      0.000     0.494 r  AIC_sdata_i_IBUF_inst/IBUFCTRL_INST/O
                         net (fo=64, routed)          2.371     2.865    hw_i/audio/aic3104_dma_wrapper_0/inst/aic3104_dma/i2s_sdata_i
    SLICE_X18Y34         LUT4 (Prop_B6LUT_SLICEL_I0_O)
                                                      0.148     3.013 r  hw_i/audio/aic3104_dma_wrapper_0/inst/aic3104_dma/rx_din[4]_i_1/O
                         net (fo=1, routed)           0.049     3.062    hw_i/audio/aic3104_dma_wrapper_0/inst/aic3104_dma/rx_din[4]_i_1_n_0
    SLICE_X18Y34         FDRE                                         r  hw_i/audio/aic3104_dma_wrapper_0/inst/aic3104_dma/rx_din_reg[4]/D
  -------------------------------------------------------------------    -------------------

                         (clock clk_out1_hw_clk_wiz_0_0 rise edge)
                                                      0.000     0.000 r  
    BUFG_PS_X0Y67        BUFG_PS                      0.000     0.000 r  hw_i/zynq_ultra_ps_e_0/inst/buffer_pl_clk_0.PL_CLK_0_BUFG/O
                         net (fo=3796, routed)        1.610     1.610    hw_i/audio/clk_wiz_0/inst/clk_in1
    MMCM_X0Y2            MMCME4_ADV (Prop_MMCM_CLKIN1_CLKOUT0)
                                                      0.630     2.240 r  hw_i/audio/clk_wiz_0/inst/mmcme4_adv_inst/CLKOUT0
                         net (fo=1, routed)           0.215     2.455    hw_i/audio/clk_wiz_0/inst/clk_out1_hw_clk_wiz_0_0
    BUFGCE_X0Y66         BUFGCE (Prop_BUFCE_BUFGCE_I_O)
                                                      0.024     2.479 r  hw_i/audio/clk_wiz_0/inst/clkout1_buf/O
    X0Y1 (CLOCK_ROOT)    net (fo=444, routed)         1.753     4.232    hw_i/audio/aic3104_dma_wrapper_0/inst/aic3104_dma/AIC_mclk_o
    SLICE_X18Y34         FDRE                                         r  hw_i/audio/aic3104_dma_wrapper_0/inst/aic3104_dma/rx_din_reg[4]/C





Min Delay Paths
--------------------------------------------------------------------------------------
Slack:                    inf
  Source:                 AIC_sdata_i
                            (input port)
  Destination:            hw_i/audio/aic3104_dma_wrapper_0/inst/aic3104_dma/rx_din_reg[56]/D
                            (rising edge-triggered cell FDRE clocked by clk_out1_hw_clk_wiz_0_0  {rise@0.000ns fall@40.685ns period=81.369ns})
  Path Group:             (none)
  Path Type:              Hold (Min at Fast Process Corner)
  Data Path Delay:        1.137ns  (logic 0.151ns (13.290%)  route 0.986ns (86.710%))
  Logic Levels:           3  (IBUFCTRL=1 INBUF=1 LUT4=1)
  Clock Path Skew:        2.215ns (DCD - SCD - CPR)
    Destination Clock Delay (DCD):    2.215ns
    Source Clock Delay      (SCD):    0.000ns
    Clock Pessimism Removal (CPR):    -0.000ns
  Clock Net Delay (Destination): 1.232ns (routing 0.591ns, distribution 0.641ns)

    Location             Delay type                Incr(ns)  Path(ns)    Netlist Resource(s)
  -------------------------------------------------------------------    -------------------
    G4                                                0.000     0.000 r  AIC_sdata_i (IN)
                         net (fo=0)                   0.000     0.000    AIC_sdata_i_IBUF_inst/I
    G4                   INBUF (Prop_INBUF_HPIOB_SNGL_PAD_O)
                                                      0.129     0.129 r  AIC_sdata_i_IBUF_inst/INBUF_INST/O
                         net (fo=1, routed)           0.000     0.129    AIC_sdata_i_IBUF_inst/OUT
    G4                   IBUFCTRL (Prop_IBUFCTRL_HPIOB_SNGL_I_O)
                                                      0.000     0.129 r  AIC_sdata_i_IBUF_inst/IBUFCTRL_INST/O
                         net (fo=64, routed)          0.967     1.096    hw_i/audio/aic3104_dma_wrapper_0/inst/aic3104_dma/i2s_sdata_i
    SLICE_X19Y27         LUT4 (Prop_E6LUT_SLICEM_I0_O)
                                                      0.022     1.118 r  hw_i/audio/aic3104_dma_wrapper_0/inst/aic3104_dma/rx_din[56]_i_1/O
                         net (fo=1, routed)           0.019     1.137    hw_i/audio/aic3104_dma_wrapper_0/inst/aic3104_dma/rx_din[56]_i_1_n_0
    SLICE_X19Y27         FDRE                                         r  hw_i/audio/aic3104_dma_wrapper_0/inst/aic3104_dma/rx_din_reg[56]/D
  -------------------------------------------------------------------    -------------------

                         (clock clk_out1_hw_clk_wiz_0_0 rise edge)
                                                      0.000     0.000 r  
    BUFG_PS_X0Y67        BUFG_PS                      0.000     0.000 r  hw_i/zynq_ultra_ps_e_0/inst/buffer_pl_clk_0.PL_CLK_0_BUFG/O
                         net (fo=3796, routed)        1.093     1.093    hw_i/audio/clk_wiz_0/inst/clk_in1
    MMCM_X0Y2            MMCME4_ADV (Prop_MMCM_CLKIN1_CLKOUT0)
                                                     -0.295     0.798 r  hw_i/audio/clk_wiz_0/inst/mmcme4_adv_inst/CLKOUT0
                         net (fo=1, routed)           0.166     0.964    hw_i/audio/clk_wiz_0/inst/clk_out1_hw_clk_wiz_0_0
    BUFGCE_X0Y66         BUFGCE (Prop_BUFCE_BUFGCE_I_O)
                                                      0.019     0.983 r  hw_i/audio/clk_wiz_0/inst/clkout1_buf/O
    X0Y1 (CLOCK_ROOT)    net (fo=444, routed)         1.232     2.215    hw_i/audio/aic3104_dma_wrapper_0/inst/aic3104_dma/AIC_mclk_o
    SLICE_X19Y27         FDRE                                         r  hw_i/audio/aic3104_dma_wrapper_0/inst/aic3104_dma/rx_din_reg[56]/C

Slack:                    inf
  Source:                 AIC_sdata_i
                            (input port)
  Destination:            hw_i/audio/aic3104_dma_wrapper_0/inst/aic3104_dma/rx_din_reg[23]/D
                            (rising edge-triggered cell FDRE clocked by clk_out1_hw_clk_wiz_0_0  {rise@0.000ns fall@40.685ns period=81.369ns})
  Path Group:             (none)
  Path Type:              Hold (Min at Fast Process Corner)
  Data Path Delay:        1.140ns  (logic 0.152ns (13.339%)  route 0.988ns (86.661%))
  Logic Levels:           3  (IBUFCTRL=1 INBUF=1 LUT4=1)
  Clock Path Skew:        2.215ns (DCD - SCD - CPR)
    Destination Clock Delay (DCD):    2.215ns
    Source Clock Delay      (SCD):    0.000ns
    Clock Pessimism Removal (CPR):    -0.000ns
  Clock Net Delay (Destination): 1.232ns (routing 0.591ns, distribution 0.641ns)

    Location             Delay type                Incr(ns)  Path(ns)    Netlist Resource(s)
  -------------------------------------------------------------------    -------------------
    G4                                                0.000     0.000 r  AIC_sdata_i (IN)
                         net (fo=0)                   0.000     0.000    AIC_sdata_i_IBUF_inst/I
    G4                   INBUF (Prop_INBUF_HPIOB_SNGL_PAD_O)
                                                      0.129     0.129 r  AIC_sdata_i_IBUF_inst/INBUF_INST/O
                         net (fo=1, routed)           0.000     0.129    AIC_sdata_i_IBUF_inst/OUT
    G4                   IBUFCTRL (Prop_IBUFCTRL_HPIOB_SNGL_I_O)
                                                      0.000     0.129 r  AIC_sdata_i_IBUF_inst/IBUFCTRL_INST/O
                         net (fo=64, routed)          0.967     1.096    hw_i/audio/aic3104_dma_wrapper_0/inst/aic3104_dma/i2s_sdata_i
    SLICE_X19Y27         LUT4 (Prop_H6LUT_SLICEM_I0_O)
                                                      0.023     1.119 r  hw_i/audio/aic3104_dma_wrapper_0/inst/aic3104_dma/rx_din[23]_i_1/O
                         net (fo=1, routed)           0.021     1.140    hw_i/audio/aic3104_dma_wrapper_0/inst/aic3104_dma/rx_din[23]_i_1_n_0
    SLICE_X19Y27         FDRE                                         r  hw_i/audio/aic3104_dma_wrapper_0/inst/aic3104_dma/rx_din_reg[23]/D
  -------------------------------------------------------------------    -------------------

                         (clock clk_out1_hw_clk_wiz_0_0 rise edge)
                                                      0.000     0.000 r  
    BUFG_PS_X0Y67        BUFG_PS                      0.000     0.000 r  hw_i/zynq_ultra_ps_e_0/inst/buffer_pl_clk_0.PL_CLK_0_BUFG/O
                         net (fo=3796, routed)        1.093     1.093    hw_i/audio/clk_wiz_0/inst/clk_in1
    MMCM_X0Y2            MMCME4_ADV (Prop_MMCM_CLKIN1_CLKOUT0)
                                                     -0.295     0.798 r  hw_i/audio/clk_wiz_0/inst/mmcme4_adv_inst/CLKOUT0
                         net (fo=1, routed)           0.166     0.964    hw_i/audio/clk_wiz_0/inst/clk_out1_hw_clk_wiz_0_0
    BUFGCE_X0Y66         BUFGCE (Prop_BUFCE_BUFGCE_I_O)
                                                      0.019     0.983 r  hw_i/audio/clk_wiz_0/inst/clkout1_buf/O
    X0Y1 (CLOCK_ROOT)    net (fo=444, routed)         1.232     2.215    hw_i/audio/aic3104_dma_wrapper_0/inst/aic3104_dma/AIC_mclk_o
    SLICE_X19Y27         FDRE                                         r  hw_i/audio/aic3104_dma_wrapper_0/inst/aic3104_dma/rx_din_reg[23]/C

Slack:                    inf
  Source:                 AIC_sdata_i
                            (input port)
  Destination:            hw_i/audio/aic3104_dma_wrapper_0/inst/aic3104_dma/rx_din_reg[55]/D
                            (rising edge-triggered cell FDRE clocked by clk_out1_hw_clk_wiz_0_0  {rise@0.000ns fall@40.685ns period=81.369ns})
  Path Group:             (none)
  Path Type:              Hold (Min at Fast Process Corner)
  Data Path Delay:        1.141ns  (logic 0.151ns (13.244%)  route 0.990ns (86.756%))
  Logic Levels:           3  (IBUFCTRL=1 INBUF=1 LUT4=1)
  Clock Path Skew:        2.215ns (DCD - SCD - CPR)
    Destination Clock Delay (DCD):    2.215ns
    Source Clock Delay      (SCD):    0.000ns
    Clock Pessimism Removal (CPR):    -0.000ns
  Clock Net Delay (Destination): 1.232ns (routing 0.591ns, distribution 0.641ns)

    Location             Delay type                Incr(ns)  Path(ns)    Netlist Resource(s)
  -------------------------------------------------------------------    -------------------
    G4                                                0.000     0.000 r  AIC_sdata_i (IN)
                         net (fo=0)                   0.000     0.000    AIC_sdata_i_IBUF_inst/I
    G4                   INBUF (Prop_INBUF_HPIOB_SNGL_PAD_O)
                                                      0.129     0.129 r  AIC_sdata_i_IBUF_inst/INBUF_INST/O
                         net (fo=1, routed)           0.000     0.129    AIC_sdata_i_IBUF_inst/OUT
    G4                   IBUFCTRL (Prop_IBUFCTRL_HPIOB_SNGL_I_O)
                                                      0.000     0.129 r  AIC_sdata_i_IBUF_inst/IBUFCTRL_INST/O
                         net (fo=64, routed)          0.966     1.095    hw_i/audio/aic3104_dma_wrapper_0/inst/aic3104_dma/i2s_sdata_i
    SLICE_X19Y27         LUT4 (Prop_F6LUT_SLICEM_I0_O)
                                                      0.022     1.117 r  hw_i/audio/aic3104_dma_wrapper_0/inst/aic3104_dma/rx_din[55]_i_1/O
                         net (fo=1, routed)           0.024     1.141    hw_i/audio/aic3104_dma_wrapper_0/inst/aic3104_dma/rx_din[55]_i_1_n_0
    SLICE_X19Y27         FDRE                                         r  hw_i/audio/aic3104_dma_wrapper_0/inst/aic3104_dma/rx_din_reg[55]/D
  -------------------------------------------------------------------    -------------------

                         (clock clk_out1_hw_clk_wiz_0_0 rise edge)
                                                      0.000     0.000 r  
    BUFG_PS_X0Y67        BUFG_PS                      0.000     0.000 r  hw_i/zynq_ultra_ps_e_0/inst/buffer_pl_clk_0.PL_CLK_0_BUFG/O
                         net (fo=3796, routed)        1.093     1.093    hw_i/audio/clk_wiz_0/inst/clk_in1
    MMCM_X0Y2            MMCME4_ADV (Prop_MMCM_CLKIN1_CLKOUT0)
                                                     -0.295     0.798 r  hw_i/audio/clk_wiz_0/inst/mmcme4_adv_inst/CLKOUT0
                         net (fo=1, routed)           0.166     0.964    hw_i/audio/clk_wiz_0/inst/clk_out1_hw_clk_wiz_0_0
    BUFGCE_X0Y66         BUFGCE (Prop_BUFCE_BUFGCE_I_O)
                                                      0.019     0.983 r  hw_i/audio/clk_wiz_0/inst/clkout1_buf/O
    X0Y1 (CLOCK_ROOT)    net (fo=444, routed)         1.232     2.215    hw_i/audio/aic3104_dma_wrapper_0/inst/aic3104_dma/AIC_mclk_o
    SLICE_X19Y27         FDRE                                         r  hw_i/audio/aic3104_dma_wrapper_0/inst/aic3104_dma/rx_din_reg[55]/C

Slack:                    inf
  Source:                 AIC_sdata_i
                            (input port)
  Destination:            hw_i/audio/aic3104_dma_wrapper_0/inst/aic3104_dma/rx_din_reg[60]/D
                            (rising edge-triggered cell FDRE clocked by clk_out1_hw_clk_wiz_0_0  {rise@0.000ns fall@40.685ns period=81.369ns})
  Path Group:             (none)
  Path Type:              Hold (Min at Fast Process Corner)
  Data Path Delay:        1.154ns  (logic 0.179ns (15.517%)  route 0.975ns (84.483%))
  Logic Levels:           3  (IBUFCTRL=1 INBUF=1 LUT4=1)
  Clock Path Skew:        2.209ns (DCD - SCD - CPR)
    Destination Clock Delay (DCD):    2.209ns
    Source Clock Delay      (SCD):    0.000ns
    Clock Pessimism Removal (CPR):    -0.000ns
  Clock Net Delay (Destination): 1.226ns (routing 0.591ns, distribution 0.635ns)

    Location             Delay type                Incr(ns)  Path(ns)    Netlist Resource(s)
  -------------------------------------------------------------------    -------------------
    G4                                                0.000     0.000 r  AIC_sdata_i (IN)
                         net (fo=0)                   0.000     0.000    AIC_sdata_i_IBUF_inst/I
    G4                   INBUF (Prop_INBUF_HPIOB_SNGL_PAD_O)
                                                      0.129     0.129 r  AIC_sdata_i_IBUF_inst/INBUF_INST/O
                         net (fo=1, routed)           0.000     0.129    AIC_sdata_i_IBUF_inst/OUT
    G4                   IBUFCTRL (Prop_IBUFCTRL_HPIOB_SNGL_I_O)
                                                      0.000     0.129 r  AIC_sdata_i_IBUF_inst/IBUFCTRL_INST/O
                         net (fo=64, routed)          0.959     1.088    hw_i/audio/aic3104_dma_wrapper_0/inst/aic3104_dma/i2s_sdata_i
    SLICE_X21Y27         LUT4 (Prop_D6LUT_SLICEL_I0_O)
                                                      0.050     1.138 r  hw_i/audio/aic3104_dma_wrapper_0/inst/aic3104_dma/rx_din[60]_i_1/O
                         net (fo=1, routed)           0.016     1.154    hw_i/audio/aic3104_dma_wrapper_0/inst/aic3104_dma/rx_din[60]_i_1_n_0
    SLICE_X21Y27         FDRE                                         r  hw_i/audio/aic3104_dma_wrapper_0/inst/aic3104_dma/rx_din_reg[60]/D
  -------------------------------------------------------------------    -------------------

                         (clock clk_out1_hw_clk_wiz_0_0 rise edge)
                                                      0.000     0.000 r  
    BUFG_PS_X0Y67        BUFG_PS                      0.000     0.000 r  hw_i/zynq_ultra_ps_e_0/inst/buffer_pl_clk_0.PL_CLK_0_BUFG/O
                         net (fo=3796, routed)        1.093     1.093    hw_i/audio/clk_wiz_0/inst/clk_in1
    MMCM_X0Y2            MMCME4_ADV (Prop_MMCM_CLKIN1_CLKOUT0)
                                                     -0.295     0.798 r  hw_i/audio/clk_wiz_0/inst/mmcme4_adv_inst/CLKOUT0
                         net (fo=1, routed)           0.166     0.964    hw_i/audio/clk_wiz_0/inst/clk_out1_hw_clk_wiz_0_0
    BUFGCE_X0Y66         BUFGCE (Prop_BUFCE_BUFGCE_I_O)
                                                      0.019     0.983 r  hw_i/audio/clk_wiz_0/inst/clkout1_buf/O
    X0Y1 (CLOCK_ROOT)    net (fo=444, routed)         1.226     2.209    hw_i/audio/aic3104_dma_wrapper_0/inst/aic3104_dma/AIC_mclk_o
    SLICE_X21Y27         FDRE                                         r  hw_i/audio/aic3104_dma_wrapper_0/inst/aic3104_dma/rx_din_reg[60]/C

Slack:                    inf
  Source:                 AIC_sdata_i
                            (input port)
  Destination:            hw_i/audio/aic3104_dma_wrapper_0/inst/aic3104_dma/rx_din_reg[53]/D
                            (rising edge-triggered cell FDRE clocked by clk_out1_hw_clk_wiz_0_0  {rise@0.000ns fall@40.685ns period=81.369ns})
  Path Group:             (none)
  Path Type:              Hold (Min at Fast Process Corner)
  Data Path Delay:        1.157ns  (logic 0.152ns (13.143%)  route 1.005ns (86.857%))
  Logic Levels:           3  (IBUFCTRL=1 INBUF=1 LUT4=1)
  Clock Path Skew:        2.210ns (DCD - SCD - CPR)
    Destination Clock Delay (DCD):    2.210ns
    Source Clock Delay      (SCD):    0.000ns
    Clock Pessimism Removal (CPR):    -0.000ns
  Clock Net Delay (Destination): 1.227ns (routing 0.591ns, distribution 0.636ns)

    Location             Delay type                Incr(ns)  Path(ns)    Netlist Resource(s)
  -------------------------------------------------------------------    -------------------
    G4                                                0.000     0.000 r  AIC_sdata_i (IN)
                         net (fo=0)                   0.000     0.000    AIC_sdata_i_IBUF_inst/I
    G4                   INBUF (Prop_INBUF_HPIOB_SNGL_PAD_O)
                                                      0.129     0.129 r  AIC_sdata_i_IBUF_inst/INBUF_INST/O
                         net (fo=1, routed)           0.000     0.129    AIC_sdata_i_IBUF_inst/OUT
    G4                   IBUFCTRL (Prop_IBUFCTRL_HPIOB_SNGL_I_O)
                                                      0.000     0.129 r  AIC_sdata_i_IBUF_inst/IBUFCTRL_INST/O
                         net (fo=64, routed)          0.988     1.117    hw_i/audio/aic3104_dma_wrapper_0/inst/aic3104_dma/i2s_sdata_i
    SLICE_X18Y27         LUT4 (Prop_H6LUT_SLICEL_I0_O)
                                                      0.023     1.140 r  hw_i/audio/aic3104_dma_wrapper_0/inst/aic3104_dma/rx_din[53]_i_1/O
                         net (fo=1, routed)           0.017     1.157    hw_i/audio/aic3104_dma_wrapper_0/inst/aic3104_dma/rx_din[53]_i_1_n_0
    SLICE_X18Y27         FDRE                                         r  hw_i/audio/aic3104_dma_wrapper_0/inst/aic3104_dma/rx_din_reg[53]/D
  -------------------------------------------------------------------    -------------------

                         (clock clk_out1_hw_clk_wiz_0_0 rise edge)
                                                      0.000     0.000 r  
    BUFG_PS_X0Y67        BUFG_PS                      0.000     0.000 r  hw_i/zynq_ultra_ps_e_0/inst/buffer_pl_clk_0.PL_CLK_0_BUFG/O
                         net (fo=3796, routed)        1.093     1.093    hw_i/audio/clk_wiz_0/inst/clk_in1
    MMCM_X0Y2            MMCME4_ADV (Prop_MMCM_CLKIN1_CLKOUT0)
                                                     -0.295     0.798 r  hw_i/audio/clk_wiz_0/inst/mmcme4_adv_inst/CLKOUT0
                         net (fo=1, routed)           0.166     0.964    hw_i/audio/clk_wiz_0/inst/clk_out1_hw_clk_wiz_0_0
    BUFGCE_X0Y66         BUFGCE (Prop_BUFCE_BUFGCE_I_O)
                                                      0.019     0.983 r  hw_i/audio/clk_wiz_0/inst/clkout1_buf/O
    X0Y1 (CLOCK_ROOT)    net (fo=444, routed)         1.227     2.210    hw_i/audio/aic3104_dma_wrapper_0/inst/aic3104_dma/AIC_mclk_o
    SLICE_X18Y27         FDRE                                         r  hw_i/audio/aic3104_dma_wrapper_0/inst/aic3104_dma/rx_din_reg[53]/C

Slack:                    inf
  Source:                 AIC_sdata_i
                            (input port)
  Destination:            hw_i/audio/aic3104_dma_wrapper_0/inst/aic3104_dma/rx_din_reg[27]/D
                            (rising edge-triggered cell FDRE clocked by clk_out1_hw_clk_wiz_0_0  {rise@0.000ns fall@40.685ns period=81.369ns})
  Path Group:             (none)
  Path Type:              Hold (Min at Fast Process Corner)
  Data Path Delay:        1.158ns  (logic 0.151ns (13.046%)  route 1.007ns (86.954%))
  Logic Levels:           3  (IBUFCTRL=1 INBUF=1 LUT4=1)
  Clock Path Skew:        2.216ns (DCD - SCD - CPR)
    Destination Clock Delay (DCD):    2.216ns
    Source Clock Delay      (SCD):    0.000ns
    Clock Pessimism Removal (CPR):    -0.000ns
  Clock Net Delay (Destination): 1.233ns (routing 0.591ns, distribution 0.642ns)

    Location             Delay type                Incr(ns)  Path(ns)    Netlist Resource(s)
  -------------------------------------------------------------------    -------------------
    G4                                                0.000     0.000 r  AIC_sdata_i (IN)
                         net (fo=0)                   0.000     0.000    AIC_sdata_i_IBUF_inst/I
    G4                   INBUF (Prop_INBUF_HPIOB_SNGL_PAD_O)
                                                      0.129     0.129 r  AIC_sdata_i_IBUF_inst/INBUF_INST/O
                         net (fo=1, routed)           0.000     0.129    AIC_sdata_i_IBUF_inst/OUT
    G4                   IBUFCTRL (Prop_IBUFCTRL_HPIOB_SNGL_I_O)
                                                      0.000     0.129 r  AIC_sdata_i_IBUF_inst/IBUFCTRL_INST/O
                         net (fo=64, routed)          0.983     1.112    hw_i/audio/aic3104_dma_wrapper_0/inst/aic3104_dma/i2s_sdata_i
    SLICE_X19Y27         LUT4 (Prop_C6LUT_SLICEM_I0_O)
                                                      0.022     1.134 r  hw_i/audio/aic3104_dma_wrapper_0/inst/aic3104_dma/rx_din[27]_i_1/O
                         net (fo=1, routed)           0.024     1.158    hw_i/audio/aic3104_dma_wrapper_0/inst/aic3104_dma/rx_din[27]_i_1_n_0
    SLICE_X19Y27         FDRE                                         r  hw_i/audio/aic3104_dma_wrapper_0/inst/aic3104_dma/rx_din_reg[27]/D
  -------------------------------------------------------------------    -------------------

                         (clock clk_out1_hw_clk_wiz_0_0 rise edge)
                                                      0.000     0.000 r  
    BUFG_PS_X0Y67        BUFG_PS                      0.000     0.000 r  hw_i/zynq_ultra_ps_e_0/inst/buffer_pl_clk_0.PL_CLK_0_BUFG/O
                         net (fo=3796, routed)        1.093     1.093    hw_i/audio/clk_wiz_0/inst/clk_in1
    MMCM_X0Y2            MMCME4_ADV (Prop_MMCM_CLKIN1_CLKOUT0)
                                                     -0.295     0.798 r  hw_i/audio/clk_wiz_0/inst/mmcme4_adv_inst/CLKOUT0
                         net (fo=1, routed)           0.166     0.964    hw_i/audio/clk_wiz_0/inst/clk_out1_hw_clk_wiz_0_0
    BUFGCE_X0Y66         BUFGCE (Prop_BUFCE_BUFGCE_I_O)
                                                      0.019     0.983 r  hw_i/audio/clk_wiz_0/inst/clkout1_buf/O
    X0Y1 (CLOCK_ROOT)    net (fo=444, routed)         1.233     2.216    hw_i/audio/aic3104_dma_wrapper_0/inst/aic3104_dma/AIC_mclk_o
    SLICE_X19Y27         FDRE                                         r  hw_i/audio/aic3104_dma_wrapper_0/inst/aic3104_dma/rx_din_reg[27]/C

Slack:                    inf
  Source:                 AIC_sdata_i
                            (input port)
  Destination:            hw_i/audio/aic3104_dma_wrapper_0/inst/aic3104_dma/rx_din_reg[62]/D
                            (rising edge-triggered cell FDRE clocked by clk_out1_hw_clk_wiz_0_0  {rise@0.000ns fall@40.685ns period=81.369ns})
  Path Group:             (none)
  Path Type:              Hold (Min at Fast Process Corner)
  Data Path Delay:        1.168ns  (logic 0.152ns (13.017%)  route 1.016ns (86.983%))
  Logic Levels:           3  (IBUFCTRL=1 INBUF=1 LUT4=1)
  Clock Path Skew:        2.209ns (DCD - SCD - CPR)
    Destination Clock Delay (DCD):    2.209ns
    Source Clock Delay      (SCD):    0.000ns
    Clock Pessimism Removal (CPR):    -0.000ns
  Clock Net Delay (Destination): 1.226ns (routing 0.591ns, distribution 0.635ns)

    Location             Delay type                Incr(ns)  Path(ns)    Netlist Resource(s)
  -------------------------------------------------------------------    -------------------
    G4                                                0.000     0.000 r  AIC_sdata_i (IN)
                         net (fo=0)                   0.000     0.000    AIC_sdata_i_IBUF_inst/I
    G4                   INBUF (Prop_INBUF_HPIOB_SNGL_PAD_O)
                                                      0.129     0.129 r  AIC_sdata_i_IBUF_inst/INBUF_INST/O
                         net (fo=1, routed)           0.000     0.129    AIC_sdata_i_IBUF_inst/OUT
    G4                   IBUFCTRL (Prop_IBUFCTRL_HPIOB_SNGL_I_O)
                                                      0.000     0.129 r  AIC_sdata_i_IBUF_inst/IBUFCTRL_INST/O
                         net (fo=64, routed)          1.001     1.130    hw_i/audio/aic3104_dma_wrapper_0/inst/aic3104_dma/i2s_sdata_i
    SLICE_X21Y27         LUT4 (Prop_B6LUT_SLICEL_I0_O)
                                                      0.023     1.153 r  hw_i/audio/aic3104_dma_wrapper_0/inst/aic3104_dma/rx_din[62]_i_1/O
                         net (fo=1, routed)           0.015     1.168    hw_i/audio/aic3104_dma_wrapper_0/inst/aic3104_dma/rx_din[62]_i_1_n_0
    SLICE_X21Y27         FDRE                                         r  hw_i/audio/aic3104_dma_wrapper_0/inst/aic3104_dma/rx_din_reg[62]/D
  -------------------------------------------------------------------    -------------------

                         (clock clk_out1_hw_clk_wiz_0_0 rise edge)
                                                      0.000     0.000 r  
    BUFG_PS_X0Y67        BUFG_PS                      0.000     0.000 r  hw_i/zynq_ultra_ps_e_0/inst/buffer_pl_clk_0.PL_CLK_0_BUFG/O
                         net (fo=3796, routed)        1.093     1.093    hw_i/audio/clk_wiz_0/inst/clk_in1
    MMCM_X0Y2            MMCME4_ADV (Prop_MMCM_CLKIN1_CLKOUT0)
                                                     -0.295     0.798 r  hw_i/audio/clk_wiz_0/inst/mmcme4_adv_inst/CLKOUT0
                         net (fo=1, routed)           0.166     0.964    hw_i/audio/clk_wiz_0/inst/clk_out1_hw_clk_wiz_0_0
    BUFGCE_X0Y66         BUFGCE (Prop_BUFCE_BUFGCE_I_O)
                                                      0.019     0.983 r  hw_i/audio/clk_wiz_0/inst/clkout1_buf/O
    X0Y1 (CLOCK_ROOT)    net (fo=444, routed)         1.226     2.209    hw_i/audio/aic3104_dma_wrapper_0/inst/aic3104_dma/AIC_mclk_o
    SLICE_X21Y27         FDRE                                         r  hw_i/audio/aic3104_dma_wrapper_0/inst/aic3104_dma/rx_din_reg[62]/C

Slack:                    inf
  Source:                 AIC_sdata_i
                            (input port)
  Destination:            hw_i/audio/aic3104_dma_wrapper_0/inst/aic3104_dma/rx_din_reg[61]/D
                            (rising edge-triggered cell FDRE clocked by clk_out1_hw_clk_wiz_0_0  {rise@0.000ns fall@40.685ns period=81.369ns})
  Path Group:             (none)
  Path Type:              Hold (Min at Fast Process Corner)
  Data Path Delay:        1.168ns  (logic 0.151ns (12.928%)  route 1.017ns (87.072%))
  Logic Levels:           3  (IBUFCTRL=1 INBUF=1 LUT4=1)
  Clock Path Skew:        2.209ns (DCD - SCD - CPR)
    Destination Clock Delay (DCD):    2.209ns
    Source Clock Delay      (SCD):    0.000ns
    Clock Pessimism Removal (CPR):    -0.000ns
  Clock Net Delay (Destination): 1.226ns (routing 0.591ns, distribution 0.635ns)

    Location             Delay type                Incr(ns)  Path(ns)    Netlist Resource(s)
  -------------------------------------------------------------------    -------------------
    G4                                                0.000     0.000 r  AIC_sdata_i (IN)
                         net (fo=0)                   0.000     0.000    AIC_sdata_i_IBUF_inst/I
    G4                   INBUF (Prop_INBUF_HPIOB_SNGL_PAD_O)
                                                      0.129     0.129 r  AIC_sdata_i_IBUF_inst/INBUF_INST/O
                         net (fo=1, routed)           0.000     0.129    AIC_sdata_i_IBUF_inst/OUT
    G4                   IBUFCTRL (Prop_IBUFCTRL_HPIOB_SNGL_I_O)
                                                      0.000     0.129 r  AIC_sdata_i_IBUF_inst/IBUFCTRL_INST/O
                         net (fo=64, routed)          1.000     1.129    hw_i/audio/aic3104_dma_wrapper_0/inst/aic3104_dma/i2s_sdata_i
    SLICE_X21Y27         LUT4 (Prop_C6LUT_SLICEL_I0_O)
                                                      0.022     1.151 r  hw_i/audio/aic3104_dma_wrapper_0/inst/aic3104_dma/rx_din[61]_i_1/O
                         net (fo=1, routed)           0.017     1.168    hw_i/audio/aic3104_dma_wrapper_0/inst/aic3104_dma/rx_din[61]_i_1_n_0
    SLICE_X21Y27         FDRE                                         r  hw_i/audio/aic3104_dma_wrapper_0/inst/aic3104_dma/rx_din_reg[61]/D
  -------------------------------------------------------------------    -------------------

                         (clock clk_out1_hw_clk_wiz_0_0 rise edge)
                                                      0.000     0.000 r  
    BUFG_PS_X0Y67        BUFG_PS                      0.000     0.000 r  hw_i/zynq_ultra_ps_e_0/inst/buffer_pl_clk_0.PL_CLK_0_BUFG/O
                         net (fo=3796, routed)        1.093     1.093    hw_i/audio/clk_wiz_0/inst/clk_in1
    MMCM_X0Y2            MMCME4_ADV (Prop_MMCM_CLKIN1_CLKOUT0)
                                                     -0.295     0.798 r  hw_i/audio/clk_wiz_0/inst/mmcme4_adv_inst/CLKOUT0
                         net (fo=1, routed)           0.166     0.964    hw_i/audio/clk_wiz_0/inst/clk_out1_hw_clk_wiz_0_0
    BUFGCE_X0Y66         BUFGCE (Prop_BUFCE_BUFGCE_I_O)
                                                      0.019     0.983 r  hw_i/audio/clk_wiz_0/inst/clkout1_buf/O
    X0Y1 (CLOCK_ROOT)    net (fo=444, routed)         1.226     2.209    hw_i/audio/aic3104_dma_wrapper_0/inst/aic3104_dma/AIC_mclk_o
    SLICE_X21Y27         FDRE                                         r  hw_i/audio/aic3104_dma_wrapper_0/inst/aic3104_dma/rx_din_reg[61]/C

Slack:                    inf
  Source:                 AIC_sdata_i
                            (input port)
  Destination:            hw_i/audio/aic3104_dma_wrapper_0/inst/aic3104_dma/rx_din_reg[54]/D
                            (rising edge-triggered cell FDRE clocked by clk_out1_hw_clk_wiz_0_0  {rise@0.000ns fall@40.685ns period=81.369ns})
  Path Group:             (none)
  Path Type:              Hold (Min at Fast Process Corner)
  Data Path Delay:        1.170ns  (logic 0.179ns (15.309%)  route 0.991ns (84.691%))
  Logic Levels:           3  (IBUFCTRL=1 INBUF=1 LUT4=1)
  Clock Path Skew:        2.215ns (DCD - SCD - CPR)
    Destination Clock Delay (DCD):    2.215ns
    Source Clock Delay      (SCD):    0.000ns
    Clock Pessimism Removal (CPR):    -0.000ns
  Clock Net Delay (Destination): 1.232ns (routing 0.591ns, distribution 0.641ns)

    Location             Delay type                Incr(ns)  Path(ns)    Netlist Resource(s)
  -------------------------------------------------------------------    -------------------
    G4                                                0.000     0.000 r  AIC_sdata_i (IN)
                         net (fo=0)                   0.000     0.000    AIC_sdata_i_IBUF_inst/I
    G4                   INBUF (Prop_INBUF_HPIOB_SNGL_PAD_O)
                                                      0.129     0.129 r  AIC_sdata_i_IBUF_inst/INBUF_INST/O
                         net (fo=1, routed)           0.000     0.129    AIC_sdata_i_IBUF_inst/OUT
    G4                   IBUFCTRL (Prop_IBUFCTRL_HPIOB_SNGL_I_O)
                                                      0.000     0.129 r  AIC_sdata_i_IBUF_inst/IBUFCTRL_INST/O
                         net (fo=64, routed)          0.970     1.099    hw_i/audio/aic3104_dma_wrapper_0/inst/aic3104_dma/i2s_sdata_i
    SLICE_X19Y27         LUT4 (Prop_G6LUT_SLICEM_I0_O)
                                                      0.050     1.149 r  hw_i/audio/aic3104_dma_wrapper_0/inst/aic3104_dma/rx_din[54]_i_1/O
                         net (fo=1, routed)           0.021     1.170    hw_i/audio/aic3104_dma_wrapper_0/inst/aic3104_dma/rx_din[54]_i_1_n_0
    SLICE_X19Y27         FDRE                                         r  hw_i/audio/aic3104_dma_wrapper_0/inst/aic3104_dma/rx_din_reg[54]/D
  -------------------------------------------------------------------    -------------------

                         (clock clk_out1_hw_clk_wiz_0_0 rise edge)
                                                      0.000     0.000 r  
    BUFG_PS_X0Y67        BUFG_PS                      0.000     0.000 r  hw_i/zynq_ultra_ps_e_0/inst/buffer_pl_clk_0.PL_CLK_0_BUFG/O
                         net (fo=3796, routed)        1.093     1.093    hw_i/audio/clk_wiz_0/inst/clk_in1
    MMCM_X0Y2            MMCME4_ADV (Prop_MMCM_CLKIN1_CLKOUT0)
                                                     -0.295     0.798 r  hw_i/audio/clk_wiz_0/inst/mmcme4_adv_inst/CLKOUT0
                         net (fo=1, routed)           0.166     0.964    hw_i/audio/clk_wiz_0/inst/clk_out1_hw_clk_wiz_0_0
    BUFGCE_X0Y66         BUFGCE (Prop_BUFCE_BUFGCE_I_O)
                                                      0.019     0.983 r  hw_i/audio/clk_wiz_0/inst/clkout1_buf/O
    X0Y1 (CLOCK_ROOT)    net (fo=444, routed)         1.232     2.215    hw_i/audio/aic3104_dma_wrapper_0/inst/aic3104_dma/AIC_mclk_o
    SLICE_X19Y27         FDRE                                         r  hw_i/audio/aic3104_dma_wrapper_0/inst/aic3104_dma/rx_din_reg[54]/C

Slack:                    inf
  Source:                 AIC_sdata_i
                            (input port)
  Destination:            hw_i/audio/aic3104_dma_wrapper_0/inst/aic3104_dma/rx_din_reg[24]/D
                            (rising edge-triggered cell FDRE clocked by clk_out1_hw_clk_wiz_0_0  {rise@0.000ns fall@40.685ns period=81.369ns})
  Path Group:             (none)
  Path Type:              Hold (Min at Fast Process Corner)
  Data Path Delay:        1.175ns  (logic 0.179ns (15.244%)  route 0.996ns (84.756%))
  Logic Levels:           3  (IBUFCTRL=1 INBUF=1 LUT4=1)
  Clock Path Skew:        2.216ns (DCD - SCD - CPR)
    Destination Clock Delay (DCD):    2.216ns
    Source Clock Delay      (SCD):    0.000ns
    Clock Pessimism Removal (CPR):    -0.000ns
  Clock Net Delay (Destination): 1.233ns (routing 0.591ns, distribution 0.642ns)

    Location             Delay type                Incr(ns)  Path(ns)    Netlist Resource(s)
  -------------------------------------------------------------------    -------------------
    G4                                                0.000     0.000 r  AIC_sdata_i (IN)
                         net (fo=0)                   0.000     0.000    AIC_sdata_i_IBUF_inst/I
    G4                   INBUF (Prop_INBUF_HPIOB_SNGL_PAD_O)
                                                      0.129     0.129 r  AIC_sdata_i_IBUF_inst/INBUF_INST/O
                         net (fo=1, routed)           0.000     0.129    AIC_sdata_i_IBUF_inst/OUT
    G4                   IBUFCTRL (Prop_IBUFCTRL_HPIOB_SNGL_I_O)
                                                      0.000     0.129 r  AIC_sdata_i_IBUF_inst/IBUFCTRL_INST/O
                         net (fo=64, routed)          0.970     1.099    hw_i/audio/aic3104_dma_wrapper_0/inst/aic3104_dma/i2s_sdata_i
    SLICE_X19Y27         LUT4 (Prop_D6LUT_SLICEM_I0_O)
                                                      0.050     1.149 r  hw_i/audio/aic3104_dma_wrapper_0/inst/aic3104_dma/rx_din[24]_i_1/O
                         net (fo=1, routed)           0.026     1.175    hw_i/audio/aic3104_dma_wrapper_0/inst/aic3104_dma/rx_din[24]_i_1_n_0
    SLICE_X19Y27         FDRE                                         r  hw_i/audio/aic3104_dma_wrapper_0/inst/aic3104_dma/rx_din_reg[24]/D
  -------------------------------------------------------------------    -------------------

                         (clock clk_out1_hw_clk_wiz_0_0 rise edge)
                                                      0.000     0.000 r  
    BUFG_PS_X0Y67        BUFG_PS                      0.000     0.000 r  hw_i/zynq_ultra_ps_e_0/inst/buffer_pl_clk_0.PL_CLK_0_BUFG/O
                         net (fo=3796, routed)        1.093     1.093    hw_i/audio/clk_wiz_0/inst/clk_in1
    MMCM_X0Y2            MMCME4_ADV (Prop_MMCM_CLKIN1_CLKOUT0)
                                                     -0.295     0.798 r  hw_i/audio/clk_wiz_0/inst/mmcme4_adv_inst/CLKOUT0
                         net (fo=1, routed)           0.166     0.964    hw_i/audio/clk_wiz_0/inst/clk_out1_hw_clk_wiz_0_0
    BUFGCE_X0Y66         BUFGCE (Prop_BUFCE_BUFGCE_I_O)
                                                      0.019     0.983 r  hw_i/audio/clk_wiz_0/inst/clkout1_buf/O
    X0Y1 (CLOCK_ROOT)    net (fo=444, routed)         1.233     2.216    hw_i/audio/aic3104_dma_wrapper_0/inst/aic3104_dma/AIC_mclk_o
    SLICE_X19Y27         FDRE                                         r  hw_i/audio/aic3104_dma_wrapper_0/inst/aic3104_dma/rx_din_reg[24]/C





