Copyright 1986-2022 Xilinx, Inc. All Rights Reserved. Copyright 2022-2025 Advanced Micro Devices, Inc. All Rights Reserved.
---------------------------------------------------------------------------------------------------------------------------------------------
| Tool Version : Vivado v.2025.2 (win64) Build 6299465 Fri Nov 14 19:35:11 GMT 2025
| Date         : Tue Aug 18 07:48:52 2026
| Host         : RjMs running 64-bit major release  (build 9200)
| Command      : report_control_sets -verbose -file hw_wrapper_control_sets_placed.rpt
| Design       : hw_wrapper
| Device       : xczu3eg
---------------------------------------------------------------------------------------------------------------------------------------------

Control Set Information

Table of Contents
-----------------
1. Summary
2. Histogram
3. Flip-Flop Distribution
4. Detailed Control Set Information

1. Summary
----------

+----------------------------------------------------------+-------+
|                          Status                          | Count |
+----------------------------------------------------------+-------+
| Total control sets                                       |   243 |
|    Minimum number of control sets                        |   243 |
|    Addition due to synthesis replication                 |     0 |
|    Addition due to physical synthesis replication        |     0 |
| Unused register locations in slices containing registers |   277 |
+----------------------------------------------------------+-------+
* Control sets can be merged at opt_design using control_set_merge or merge_equivalent_drivers
** Run report_qor_suggestions for automated merging and remapping suggestions


2. Histogram
------------

+--------------------+-------+
|       Fanout       | Count |
+--------------------+-------+
| Total control sets |   243 |
| >= 0 to < 4        |    83 |
| >= 4 to < 6        |    16 |
| >= 6 to < 8        |     4 |
| >= 8 to < 10       |    32 |
| >= 10 to < 12      |    18 |
| >= 12 to < 14      |     5 |
| >= 14 to < 16      |     3 |
| >= 16              |    82 |
+--------------------+-------+
* Control sets can be remapped at either synth_design or opt_design


3. Flip-Flop Distribution
-------------------------

+--------------+-----------------------+------------------------+-----------------+--------------+
| Clock Enable | Synchronous Set/Reset | Asynchronous Set/Reset | Total Registers | Total Slices |
+--------------+-----------------------+------------------------+-----------------+--------------+
| No           | No                    | No                     |             449 |          125 |
| No           | No                    | Yes                    |              93 |           29 |
| No           | Yes                   | No                     |             378 |          164 |
| Yes          | No                    | No                     |             698 |          152 |
| Yes          | No                    | Yes                    |               0 |            0 |
| Yes          | Yes                   | No                     |            1157 |          282 |
+--------------+-----------------------+------------------------+-----------------+--------------+


4. Detailed Control Set Information
-----------------------------------

+--------------------------------------+------------------------------------------------------------------------------------------------------------------------------------------------------------------------------------+-------------------------------------------------------------------------------------------------------------------------------------------------------------------+------------------+----------------+--------------+
|             Clock Signal             |                                                                                    Enable Signal                                                                                   |                                                                          Set/Reset Signal                                                                         | Slice Load Count | Bel Load Count | Bels / Slice |
+--------------------------------------+------------------------------------------------------------------------------------------------------------------------------------------------------------------------------------+-------------------------------------------------------------------------------------------------------------------------------------------------------------------+------------------+----------------+--------------+
|  hw_i/zynq_ultra_ps_e_0/inst/pl_clk0 |                                                                                                                                                                                    | hw_i/axi_smc/inst/m01_nodes/m01_ar_node/inst/s_sc_areset_pipe                                                                                                     |                1 |              1 |         1.00 |
|  hw_i/zynq_ultra_ps_e_0/inst/pl_clk0 |                                                                                                                                                                                    | hw_i/axi_smc/inst/m01_nodes/m01_aw_node/inst/s_sc_areset_pipe                                                                                                     |                1 |              1 |         1.00 |
|  hw_i/audio/clk_wiz_0/inst/clk_out1  |                                                                                                                                                                                    | hw_i/audio/aic3104_dma_wrapper_0/inst/aic3104_dma/tx_fifo/gnuram_async_fifo.xpm_fifo_base_inst/xpm_fifo_rst_inst/grdc.rd_data_count_i0                            |                1 |              1 |         1.00 |
|  hw_i/zynq_ultra_ps_e_0/inst/pl_clk0 |                                                                                                                                                                                    | hw_i/axi_smc/inst/m01_nodes/m01_b_node/inst/s_sc_areset_pipe                                                                                                      |                1 |              1 |         1.00 |
|  hw_i/zynq_ultra_ps_e_0/inst/pl_clk0 |                                                                                                                                                                                    | hw_i/axi_smc/inst/m01_nodes/m01_r_node/inst/s_sc_areset_pipe                                                                                                      |                1 |              1 |         1.00 |
|  hw_i/zynq_ultra_ps_e_0/inst/pl_clk0 |                                                                                                                                                                                    | hw_i/axi_smc/inst/m01_nodes/m01_w_node/inst/s_sc_areset_pipe                                                                                                      |                1 |              1 |         1.00 |
|  hw_i/zynq_ultra_ps_e_0/inst/pl_clk0 |                                                                                                                                                                                    | hw_i/audio/aic3104_dma_wrapper_0/inst/aic3104_dma/rx_fifo/gnuram_async_fifo.xpm_fifo_base_inst/xpm_fifo_rst_inst/grdc.rd_data_count_i0                            |                1 |              1 |         1.00 |
|  hw_i/zynq_ultra_ps_e_0/inst/pl_clk0 |                                                                                                                                                                                    | hw_i/axi_smc/inst/s00_nodes/s00_b_node/inst/s_sc_areset_pipe                                                                                                      |                1 |              1 |         1.00 |
|  hw_i/zynq_ultra_ps_e_0/inst/pl_clk0 |                                                                                                                                                                                    | hw_i/axi_smc/inst/s00_nodes/s00_ar_node/inst/s_sc_areset_pipe                                                                                                     |                1 |              1 |         1.00 |
|  hw_i/zynq_ultra_ps_e_0/inst/pl_clk0 |                                                                                                                                                                                    | hw_i/axi_smc/inst/s00_nodes/s00_aw_node/inst/s_sc_areset_pipe                                                                                                     |                1 |              1 |         1.00 |
|  hw_i/zynq_ultra_ps_e_0/inst/pl_clk0 | hw_i/audio/axi_iic_0/U0/X_IIC/REG_INTERFACE_I/p_3_in                                                                                                                               | hw_i/audio/axi_iic_0/U0/X_IIC/REG_INTERFACE_I/Tx_fifo_rst                                                                                                         |                1 |              1 |         1.00 |
|  hw_i/zynq_ultra_ps_e_0/inst/pl_clk0 |                                                                                                                                                                                    | hw_i/axi_smc/inst/m00_nodes/m00_r_node/inst/s_sc_areset_pipe                                                                                                      |                1 |              1 |         1.00 |
|  hw_i/zynq_ultra_ps_e_0/inst/pl_clk0 |                                                                                                                                                                                    | hw_i/axi_smc/inst/switchboards/i_nodes/i_aw_node/inst/s_sc_areset_pipe                                                                                            |                1 |              1 |         1.00 |
|  hw_i/zynq_ultra_ps_e_0/inst/pl_clk0 |                                                                                                                                                                                    | hw_i/axi_smc/inst/m00_nodes/m00_aw_node/inst/s_sc_areset_pipe                                                                                                     |                1 |              1 |         1.00 |
|  hw_i/zynq_ultra_ps_e_0/inst/pl_clk0 |                                                                                                                                                                                    | hw_i/axi_smc/inst/switchboards/i_nodes/i_b_node/inst/s_sc_areset_pipe                                                                                             |                1 |              1 |         1.00 |
|  hw_i/zynq_ultra_ps_e_0/inst/pl_clk0 |                                                                                                                                                                                    | hw_i/axi_smc/inst/switchboards/i_nodes/i_r_node/inst/s_sc_areset_pipe                                                                                             |                1 |              1 |         1.00 |
|  hw_i/zynq_ultra_ps_e_0/inst/pl_clk0 |                                                                                                                                                                                    | hw_i/axi_smc/inst/switchboards/i_nodes/i_ar_node/inst/s_sc_areset_pipe                                                                                            |                1 |              1 |         1.00 |
|  hw_i/zynq_ultra_ps_e_0/inst/pl_clk0 |                                                                                                                                                                                    | hw_i/axi_smc/inst/switchboards/i_nodes/i_w_node/inst/s_sc_areset_pipe                                                                                             |                1 |              1 |         1.00 |
|  hw_i/zynq_ultra_ps_e_0/inst/pl_clk0 |                                                                                                                                                                                    | hw_i/axi_smc/inst/m00_nodes/m00_w_node/inst/s_sc_areset_pipe                                                                                                      |                1 |              1 |         1.00 |
|  hw_i/zynq_ultra_ps_e_0/inst/pl_clk0 |                                                                                                                                                                                    | hw_i/axi_smc/inst/m00_nodes/m00_ar_node/inst/s_sc_areset_pipe                                                                                                     |                1 |              1 |         1.00 |
|  hw_i/zynq_ultra_ps_e_0/inst/pl_clk0 |                                                                                                                                                                                    | hw_i/axi_smc/inst/m02_nodes/m02_ar_node/inst/s_sc_areset_pipe                                                                                                     |                1 |              1 |         1.00 |
|  hw_i/zynq_ultra_ps_e_0/inst/pl_clk0 |                                                                                                                                                                                    | hw_i/axi_smc/inst/m02_nodes/m02_aw_node/inst/s_sc_areset_pipe                                                                                                     |                1 |              1 |         1.00 |
|  hw_i/zynq_ultra_ps_e_0/inst/pl_clk0 |                                                                                                                                                                                    | hw_i/axi_smc/inst/m02_nodes/m02_b_node/inst/s_sc_areset_pipe                                                                                                      |                1 |              1 |         1.00 |
|  hw_i/zynq_ultra_ps_e_0/inst/pl_clk0 |                                                                                                                                                                                    | hw_i/axi_smc/inst/m02_nodes/m02_r_node/inst/s_sc_areset_pipe                                                                                                      |                1 |              1 |         1.00 |
|  hw_i/zynq_ultra_ps_e_0/inst/pl_clk0 |                                                                                                                                                                                    | hw_i/axi_smc/inst/m02_nodes/m02_w_node/inst/s_sc_areset_pipe                                                                                                      |                1 |              1 |         1.00 |
|  hw_i/zynq_ultra_ps_e_0/inst/pl_clk0 |                                                                                                                                                                                    | hw_i/axi_smc/inst/s00_nodes/s00_r_node/inst/s_sc_areset_pipe                                                                                                      |                1 |              1 |         1.00 |
|  hw_i/zynq_ultra_ps_e_0/inst/pl_clk0 |                                                                                                                                                                                    | hw_i/axi_smc/inst/s00_nodes/s00_w_node/inst/s_sc_areset_pipe                                                                                                      |                1 |              1 |         1.00 |
|  hw_i/zynq_ultra_ps_e_0/inst/pl_clk0 |                                                                                                                                                                                    | hw_i/axi_smc/inst/m00_nodes/m00_b_node/inst/s_sc_areset_pipe                                                                                                      |                1 |              1 |         1.00 |
|  hw_i/zynq_ultra_ps_e_0/inst/pl_clk0 |                                                                                                                                                                                    | hw_i/axi_smc/inst/switchboards/i_nodes/i_w_node/inst/inst_mi_handler/areset_r                                                                                     |                1 |              2 |         2.00 |
|  hw_i/zynq_ultra_ps_e_0/inst/pl_clk0 |                                                                                                                                                                                    | hw_i/axi_smc/inst/switchboards/i_nodes/i_aw_node/inst/inst_mi_handler/areset_r                                                                                    |                1 |              2 |         2.00 |
|  hw_i/zynq_ultra_ps_e_0/inst/pl_clk0 |                                                                                                                                                                                    | hw_i/axi_smc/inst/switchboards/i_nodes/i_b_node/inst/inst_mi_handler/areset_r                                                                                     |                1 |              2 |         2.00 |
|  hw_i/zynq_ultra_ps_e_0/inst/pl_clk0 | hw_i/audio/axi_gpio_0/U0/AXI_LITE_IPIF_I/I_SLAVE_ATTACHMENT/s_axi_rresp_i[0]                                                                                                       | hw_i/audio/axi_gpio_0/U0/AXI_LITE_IPIF_I/I_SLAVE_ATTACHMENT/SS[0]                                                                                                 |                1 |              2 |         2.00 |
|  hw_i/zynq_ultra_ps_e_0/inst/pl_clk0 | hw_i/audio/axi_gpio_0/U0/AXI_LITE_IPIF_I/I_SLAVE_ATTACHMENT/is_read_i_1_n_0                                                                                                        | hw_i/audio/axi_gpio_0/U0/AXI_LITE_IPIF_I/I_SLAVE_ATTACHMENT/SS[0]                                                                                                 |                1 |              2 |         2.00 |
|  hw_i/zynq_ultra_ps_e_0/inst/pl_clk0 |                                                                                                                                                                                    | hw_i/axi_smc/inst/switchboards/i_nodes/i_r_node/inst/inst_mi_handler/areset_r                                                                                     |                1 |              2 |         2.00 |
|  hw_i/zynq_ultra_ps_e_0/inst/pl_clk0 |                                                                                                                                                                                    | hw_i/axi_smc/inst/m00_exit_pipeline/m00_exit/inst/areset                                                                                                          |                1 |              2 |         2.00 |
|  hw_i/audio/clk_wiz_0/inst/clk_out1  | hw_i/audio/aic3104_dma_wrapper_0/inst/aic3104_dma/tx_fifo/gnuram_async_fifo.xpm_fifo_base_inst/gen_fwft.rdpp1_inst/gen_fwft.count_en                                               | hw_i/audio/aic3104_dma_wrapper_0/inst/aic3104_dma/tx_fifo/gnuram_async_fifo.xpm_fifo_base_inst/xpm_fifo_rst_inst/SR[0]                                            |                1 |              2 |         2.00 |
|  hw_i/zynq_ultra_ps_e_0/inst/pl_clk0 | hw_i/audio/aic3104_dma_wrapper_0/inst/aic3104_dma/rx_fifo/gnuram_async_fifo.xpm_fifo_base_inst/gen_fwft.rdpp1_inst/gen_fwft.count_en                                               | hw_i/audio/aic3104_dma_wrapper_0/inst/aic3104_dma/rx_fifo/gnuram_async_fifo.xpm_fifo_base_inst/xpm_fifo_rst_inst/SR[0]                                            |                1 |              2 |         2.00 |
|  hw_i/zynq_ultra_ps_e_0/inst/pl_clk0 | hw_i/audio/aic3104_dma_wrapper_0/inst/aic3104_dma/FSM_sequential_axil_cs[1]_i_1_n_0                                                                                                | hw_i/rst_ps8_0_96M/U0/peripheral_aresetn[0]                                                                                                                       |                1 |              2 |         2.00 |
|  hw_i/zynq_ultra_ps_e_0/inst/pl_clk0 | hw_i/audio/axi_iic_0/U0/X_IIC/X_AXI_IPIF_SSP1/AXI_LITE_IPIF_I/I_SLAVE_ATTACHMENT/is_read_i_1_n_0                                                                                   | hw_i/audio/axi_iic_0/U0/X_IIC/X_AXI_IPIF_SSP1/AXI_LITE_IPIF_I/I_SLAVE_ATTACHMENT/rst                                                                              |                1 |              2 |         2.00 |
|  hw_i/zynq_ultra_ps_e_0/inst/pl_clk0 | hw_i/axi_smc/inst/switchboards/i_nodes/i_r_node/inst/inst_mi_handler/gen_normal_area.gen_fi_regulator.inst_fi_regulator/allow_transfer_r_reg_2[0]                                  | hw_i/axi_smc/inst/switchboards/i_nodes/i_r_node/inst/inst_si_handler/areset_r                                                                                     |                1 |              2 |         2.00 |
|  hw_i/zynq_ultra_ps_e_0/inst/pl_clk0 | hw_i/axi_smc/inst/s00_entry_pipeline/s00_mmu/inst/gen_wroute_reg.wroute_split/E[0]                                                                                                 | hw_i/axi_smc/inst/s00_entry_pipeline/s00_mmu/inst/areset                                                                                                          |                1 |              2 |         2.00 |
|  hw_i/zynq_ultra_ps_e_0/inst/pl_clk0 | hw_i/axi_smc/inst/s00_entry_pipeline/s00_mmu/inst/ar_reg_stall/E[0]                                                                                                                | hw_i/axi_smc/inst/s00_entry_pipeline/s00_mmu/inst/areset                                                                                                          |                1 |              2 |         2.00 |
|  hw_i/zynq_ultra_ps_e_0/inst/pl_clk0 | hw_i/audio/axi_iic_0/U0/X_IIC/WRITE_FIFO_CTRL_I/CI                                                                                                                                 |                                                                                                                                                                   |                1 |              2 |         2.00 |
|  hw_i/zynq_ultra_ps_e_0/inst/pl_clk0 | hw_i/audio/aic3104_dma_wrapper_0/inst/aic3104_dma/axi_dma_reader/sts_rresp0                                                                                                        | hw_i/rst_ps8_0_96M/U0/peripheral_aresetn[0]                                                                                                                       |                1 |              2 |         2.00 |
|  hw_i/zynq_ultra_ps_e_0/inst/pl_clk0 | hw_i/axi_smc/inst/switchboards/i_nodes/i_b_node/inst/inst_mi_handler/gen_normal_area.gen_fi_regulator.inst_fi_regulator/allow_transfer_r_reg_2[0]                                  | hw_i/axi_smc/inst/switchboards/i_nodes/i_b_node/inst/inst_si_handler/areset_r                                                                                     |                1 |              2 |         2.00 |
|  hw_i/zynq_ultra_ps_e_0/inst/pl_clk0 | hw_i/axi_smc/inst/switchboards/i_nodes/i_b_node/inst/inst_mi_handler/gen_normal_area.gen_fi_regulator.inst_fi_regulator/E[0]                                                       |                                                                                                                                                                   |                1 |              2 |         2.00 |
|  hw_i/zynq_ultra_ps_e_0/inst/pl_clk0 |                                                                                                                                                                                    | hw_i/audio/aic3104_dma_wrapper_0/inst/aic3104_dma/axil_we_reg_n_0                                                                                                 |                2 |              2 |         1.00 |
|  hw_i/zynq_ultra_ps_e_0/inst/pl_clk0 |                                                                                                                                                                                    | hw_i/axi_smc/inst/s00_entry_pipeline/s00_mmu/inst/gen_wroute_reg.wroute_split/m_ready_d[1]_i_1_n_0                                                                |                1 |              2 |         2.00 |
|  hw_i/zynq_ultra_ps_e_0/inst/pl_clk0 |                                                                                                                                                                                    | hw_i/axi_smc/inst/switchboards/i_nodes/i_ar_node/inst/inst_mi_handler/areset_r                                                                                    |                1 |              2 |         2.00 |
|  hw_i/zynq_ultra_ps_e_0/inst/pl_clk0 |                                                                                                                                                                                    | hw_i/audio/axi_iic_0/U0/X_IIC/REG_INTERFACE_I/FIFO_GEN_DTR.Tx_fifo_rst_reg_0                                                                                      |                2 |              2 |         1.00 |
|  hw_i/zynq_ultra_ps_e_0/inst/pl_clk0 | hw_i/axi_smc/inst/switchboards/i_nodes/i_b_node/inst/inst_mi_handler/gen_normal_area.gen_fi_regulator.inst_fi_regulator/allow_transfer_r_reg_3[0]                                  | hw_i/axi_smc/inst/switchboards/i_nodes/i_b_node/inst/inst_si_handler/areset_r                                                                                     |                1 |              2 |         2.00 |
|  hw_i/zynq_ultra_ps_e_0/inst/pl_clk0 | hw_i/axi_smc/inst/switchboards/i_nodes/i_b_node/inst/inst_mi_handler/gen_normal_area.gen_fi_regulator.inst_fi_regulator/allow_transfer_r_reg_4[0]                                  | hw_i/axi_smc/inst/switchboards/i_nodes/i_b_node/inst/inst_si_handler/areset_r                                                                                     |                1 |              2 |         2.00 |
|  hw_i/zynq_ultra_ps_e_0/inst/pl_clk0 | hw_i/axi_smc/inst/switchboards/i_nodes/i_r_node/inst/inst_mi_handler/gen_normal_area.gen_fi_regulator.inst_fi_regulator/allow_transfer_r_reg_3[0]                                  | hw_i/axi_smc/inst/switchboards/i_nodes/i_r_node/inst/inst_si_handler/areset_r                                                                                     |                1 |              2 |         2.00 |
|  hw_i/zynq_ultra_ps_e_0/inst/pl_clk0 | hw_i/axi_smc/inst/switchboards/i_nodes/i_r_node/inst/inst_mi_handler/gen_normal_area.gen_fi_regulator.inst_fi_regulator/allow_transfer_r_reg_4[0]                                  | hw_i/axi_smc/inst/switchboards/i_nodes/i_r_node/inst/inst_si_handler/areset_r                                                                                     |                1 |              2 |         2.00 |
|  hw_i/zynq_ultra_ps_e_0/inst/pl_clk0 |                                                                                                                                                                                    | hw_i/axi_smc/inst/s00_entry_pipeline/s00_transaction_regulator/inst/gen_endpoint.gen_w_singleorder.w_singleorder/gen_id_reg.aresetn_d_reg_n_0_[0]                 |                2 |              2 |         1.00 |
|  hw_i/zynq_ultra_ps_e_0/inst/pl_clk0 |                                                                                                                                                                                    | hw_i/axi_smc/inst/s00_entry_pipeline/s00_transaction_regulator/inst/areset                                                                                        |                1 |              2 |         2.00 |
|  hw_i/zynq_ultra_ps_e_0/inst/pl_clk0 | hw_i/axi_smc/inst/s00_entry_pipeline/s00_si_converter/inst/gen_axilite_conv.axilite_conv_inst/s_axi_rresp_i[1]_i_1_n_0                                                             | hw_i/axi_smc/inst/s00_entry_pipeline/s00_si_converter/inst/areset                                                                                                 |                1 |              2 |         2.00 |
|  hw_i/zynq_ultra_ps_e_0/inst/pl_clk0 |                                                                                                                                                                                    | hw_i/axi_smc/inst/s00_entry_pipeline/s00_mmu/inst/areset_d                                                                                                        |                2 |              2 |         1.00 |
|  hw_i/zynq_ultra_ps_e_0/inst/pl_clk0 | hw_i/audio/aic3104_dma_wrapper_0/inst/aic3104_dma/axi_dma_writer/sts_bresp[1]_i_1_n_0                                                                                              | hw_i/rst_ps8_0_96M/U0/peripheral_aresetn[0]                                                                                                                       |                1 |              2 |         2.00 |
|  hw_i/zynq_ultra_ps_e_0/inst/pl_clk0 |                                                                                                                                                                                    | hw_i/axi_smc/inst/m02_exit_pipeline/m02_exit/inst/exit_inst/gen_w_cmd_reg.aresetn_d_reg_n_0_[0]                                                                   |                1 |              2 |         2.00 |
|  hw_i/zynq_ultra_ps_e_0/inst/pl_clk0 |                                                                                                                                                                                    | hw_i/axi_smc/inst/m02_exit_pipeline/m02_exit/inst/areset                                                                                                          |                1 |              2 |         2.00 |
|  hw_i/zynq_ultra_ps_e_0/inst/pl_clk0 |                                                                                                                                                                                    | hw_i/axi_smc/inst/m01_exit_pipeline/m01_exit/inst/exit_inst/gen_w_cmd_reg.aresetn_d_reg_n_0_[0]                                                                   |                1 |              2 |         2.00 |
|  hw_i/zynq_ultra_ps_e_0/inst/pl_clk0 |                                                                                                                                                                                    | hw_i/axi_smc/inst/m01_exit_pipeline/m01_exit/inst/areset                                                                                                          |                1 |              2 |         2.00 |
|  hw_i/zynq_ultra_ps_e_0/inst/pl_clk0 |                                                                                                                                                                                    | hw_i/audio/axi_iic_0/U0/X_IIC/IIC_CONTROL_I/detect_stop_i_1_n_0                                                                                                   |                2 |              2 |         1.00 |
|  hw_i/zynq_ultra_ps_e_0/inst/pl_clk0 | hw_i/axi_smc/inst/s00_entry_pipeline/s00_si_converter/inst/gen_axilite_conv.axilite_conv_inst/s_axi_bresp_i[1]_i_2_n_0                                                             | hw_i/axi_smc/inst/s00_entry_pipeline/s00_si_converter/inst/gen_axilite_conv.axilite_conv_inst/s_axi_bresp_i[1]_i_1_n_0                                            |                1 |              2 |         2.00 |
|  hw_i/zynq_ultra_ps_e_0/inst/pl_clk0 | hw_i/axi_smc/inst/s00_entry_pipeline/s00_si_converter/inst/gen_axilite_conv.axilite_conv_inst/ar_start_addr_align[1]_i_1_n_0                                                       | hw_i/axi_smc/inst/s00_entry_pipeline/s00_si_converter/inst/areset                                                                                                 |                1 |              2 |         2.00 |
|  hw_i/zynq_ultra_ps_e_0/inst/pl_clk0 |                                                                                                                                                                                    | hw_i/axi_smc/inst/m00_exit_pipeline/m00_exit/inst/exit_inst/gen_w_cmd_reg.aresetn_d_reg_n_0_[0]                                                                   |                1 |              2 |         2.00 |
|  hw_i/zynq_ultra_ps_e_0/inst/pl_clk0 | hw_i/axi_smc/inst/s00_entry_pipeline/s00_si_converter/inst/gen_axilite_conv.axilite_conv_inst/s_r_pointer[1]_i_1_n_0                                                               | hw_i/axi_smc/inst/s00_entry_pipeline/s00_si_converter/inst/areset                                                                                                 |                1 |              2 |         2.00 |
|  hw_i/zynq_ultra_ps_e_0/inst/pl_clk0 |                                                                                                                                                                                    | hw_i/axi_smc/inst/switchboards/i_nodes/i_r_node/inst/inst_si_handler/areset_r                                                                                     |                3 |              3 |         1.00 |
|  hw_i/zynq_ultra_ps_e_0/inst/pl_clk0 | hw_i/axi_smc/inst/switchboards/i_nodes/i_b_node/inst/inst_mi_handler/gen_normal_area.gen_fi_regulator.inst_fi_regulator/allow_transfer_r_reg_0                                     | hw_i/axi_smc/inst/switchboards/i_nodes/i_b_node/inst/inst_si_handler/gen_si_handler.gen_request_counters.gen_req_counter[0].inst_req_counter/is_zero_r_reg_0[0]   |                1 |              3 |         3.00 |
|  hw_i/zynq_ultra_ps_e_0/inst/pl_clk0 | hw_i/axi_smc/inst/switchboards/i_nodes/i_b_node/inst/inst_si_handler/gen_si_handler.gen_request_counters.gen_req_counter[2].inst_req_counter/E[0]                                  | hw_i/axi_smc/inst/switchboards/i_nodes/i_b_node/inst/inst_si_handler/areset_r                                                                                     |                1 |              3 |         3.00 |
|  hw_i/zynq_ultra_ps_e_0/inst/pl_clk0 | hw_i/audio/aic3104_dma_wrapper_0/inst/aic3104_dma/axil_we_reg_n_0                                                                                                                  |                                                                                                                                                                   |                1 |              3 |         3.00 |
|  hw_i/zynq_ultra_ps_e_0/inst/pl_clk0 | hw_i/axi_smc/inst/switchboards/i_nodes/i_r_node/inst/inst_si_handler/gen_si_handler.gen_request_counters.gen_req_counter[2].inst_req_counter/E[0]                                  | hw_i/axi_smc/inst/switchboards/i_nodes/i_r_node/inst/inst_si_handler/areset_r                                                                                     |                1 |              3 |         3.00 |
|  hw_i/zynq_ultra_ps_e_0/inst/pl_clk0 | hw_i/axi_smc/inst/s00_entry_pipeline/s00_mmu/inst/wroute_vacancy                                                                                                                   |                                                                                                                                                                   |                1 |              3 |         3.00 |
|  hw_i/zynq_ultra_ps_e_0/inst/pl_clk0 | hw_i/axi_smc/inst/s00_entry_pipeline/s00_mmu/inst/ar_reg_stall/state                                                                                                               | hw_i/axi_smc/inst/s00_entry_pipeline/s00_mmu/inst/areset                                                                                                          |                2 |              3 |         1.50 |
|  hw_i/zynq_ultra_ps_e_0/inst/pl_clk0 |                                                                                                                                                                                    | hw_i/axi_smc/inst/switchboards/i_nodes/i_b_node/inst/inst_si_handler/areset_r                                                                                     |                3 |              3 |         1.00 |
|  hw_i/zynq_ultra_ps_e_0/inst/pl_clk0 | hw_i/audio/aic3104_dma_wrapper_0/inst/aic3104_dma/FSM_onehot_axil_rd_cs[2]_i_1_n_0                                                                                                 | hw_i/rst_ps8_0_96M/U0/peripheral_aresetn[0]                                                                                                                       |                1 |              3 |         3.00 |
|  hw_i/zynq_ultra_ps_e_0/inst/pl_clk0 | hw_i/axi_smc/inst/s00_entry_pipeline/s00_si_converter/inst/gen_axilite_conv.axilite_conv_inst/w_state[0]                                                                           | hw_i/axi_smc/inst/s00_entry_pipeline/s00_si_converter/inst/areset                                                                                                 |                1 |              3 |         3.00 |
|  hw_i/zynq_ultra_ps_e_0/inst/pl_clk0 | hw_i/axi_smc/inst/switchboards/i_nodes/i_r_node/inst/inst_mi_handler/gen_normal_area.gen_fi_regulator.inst_fi_regulator/allow_transfer_r_reg_0                                     | hw_i/axi_smc/inst/switchboards/i_nodes/i_r_node/inst/inst_si_handler/gen_si_handler.gen_request_counters.gen_req_counter[0].inst_req_counter/is_zero_r_reg_0[0]   |                1 |              3 |         3.00 |
|  hw_i/zynq_ultra_ps_e_0/inst/pl_clk0 | hw_i/axi_smc/inst/s00_entry_pipeline/s00_mmu/inst/aw_reg_stall/state                                                                                                               | hw_i/axi_smc/inst/s00_entry_pipeline/s00_mmu/inst/areset                                                                                                          |                2 |              3 |         1.50 |
|  hw_i/zynq_ultra_ps_e_0/inst/pl_clk0 | hw_i/axi_smc/inst/s00_entry_pipeline/s00_mmu/inst/gen_endpoint.decerr_slave_inst/gen_axi.gen_write.write_cs[0]                                                                     | hw_i/axi_smc/inst/s00_entry_pipeline/s00_mmu/inst/areset                                                                                                          |                1 |              3 |         3.00 |
|  hw_i/zynq_ultra_ps_e_0/inst/pl_clk0 | hw_i/audio/axi_iic_0/U0/X_IIC/IIC_CONTROL_I/BITCNT/E[0]                                                                                                                            | hw_i/audio/axi_iic_0/U0/X_IIC/IIC_CONTROL_I/state0                                                                                                                |                2 |              3 |         1.50 |
|  hw_i/zynq_ultra_ps_e_0/inst/pl_clk0 | hw_i/audio/aic3104_dma_wrapper_0/inst/aic3104_dma/axi_dma_writer/state[0]                                                                                                          | hw_i/rst_ps8_0_96M/U0/peripheral_aresetn[0]                                                                                                                       |                2 |              3 |         1.50 |
|  hw_i/audio/clk_wiz_0/inst/clk_out1  |                                                                                                                                                                                    | hw_i/audio/aic3104_dma_wrapper_0/inst/aic3104_dma/rx_fifo/gnuram_async_fifo.xpm_fifo_base_inst/xpm_fifo_rst_inst/FSM_onehot_gen_rst_ic.curr_wrst_state[4]_i_1_n_0 |                1 |              4 |         4.00 |
|  hw_i/zynq_ultra_ps_e_0/inst/pl_clk0 | hw_i/audio/axi_gpio_0/U0/AXI_LITE_IPIF_I/I_SLAVE_ATTACHMENT/bus2ip_addr_i[8]_i_1_n_0                                                                                               | hw_i/audio/axi_gpio_0/U0/AXI_LITE_IPIF_I/I_SLAVE_ATTACHMENT/SS[0]                                                                                                 |                1 |              4 |         4.00 |
|  hw_i/zynq_ultra_ps_e_0/inst/pl_clk0 | hw_i/audio/axi_iic_0/U0/X_IIC/WRITE_FIFO_I/Tx_data_exists_sgl                                                                                                                      | hw_i/audio/axi_iic_0/U0/X_IIC/REG_INTERFACE_I/Tx_fifo_rst                                                                                                         |                1 |              4 |         4.00 |
|  hw_i/zynq_ultra_ps_e_0/inst/pl_clk0 |                                                                                                                                                                                    | hw_i/rst_ps8_0_96M/U0/EXT_LPF/lpf_int                                                                                                                             |                1 |              4 |         4.00 |
|  hw_i/zynq_ultra_ps_e_0/inst/pl_clk0 |                                                                                                                                                                                    | hw_i/audio/aic3104_dma_wrapper_0/inst/aic3104_dma/tx_fifo/gnuram_async_fifo.xpm_fifo_base_inst/xpm_fifo_rst_inst/FSM_onehot_gen_rst_ic.curr_wrst_state[4]_i_1_n_0 |                1 |              4 |         4.00 |
|  hw_i/zynq_ultra_ps_e_0/inst/pl_clk0 | hw_i/axi_smc/inst/s00_entry_pipeline/s00_si_converter/inst/gen_axilite_conv.axilite_conv_inst/r_state[0]                                                                           | hw_i/axi_smc/inst/s00_entry_pipeline/s00_si_converter/inst/areset                                                                                                 |                2 |              4 |         2.00 |
|  hw_i/zynq_ultra_ps_e_0/inst/pl_clk0 |                                                                                                                                                                                    | hw_i/audio/axi_iic_0/U0/X_IIC/X_AXI_IPIF_SSP1/AXI_LITE_IPIF_I/I_SLAVE_ATTACHMENT/clear                                                                            |                1 |              4 |         4.00 |
|  hw_i/zynq_ultra_ps_e_0/inst/pl_clk0 |                                                                                                                                                                                    | hw_i/audio/axi_gpio_0/U0/AXI_LITE_IPIF_I/I_SLAVE_ATTACHMENT/clear                                                                                                 |                1 |              4 |         4.00 |
|  hw_i/zynq_ultra_ps_e_0/inst/pl_clk0 | hw_i/audio/axi_gpio_0/U0/AXI_LITE_IPIF_I/I_SLAVE_ATTACHMENT/start2                                                                                                                 | hw_i/audio/axi_gpio_0/U0/AXI_LITE_IPIF_I/I_SLAVE_ATTACHMENT/I_DECODER/cs_ce_clr                                                                                   |                2 |              4 |         2.00 |
|  hw_i/zynq_ultra_ps_e_0/inst/pl_clk0 |                                                                                                                                                                                    | hw_i/axi_smc/inst/clk_map/psr_aclk/U0/EXT_LPF/lpf_int                                                                                                             |                2 |              4 |         2.00 |
|  hw_i/zynq_ultra_ps_e_0/inst/pl_clk0 | hw_i/audio/axi_iic_0/U0/X_IIC/READ_FIFO_I/Rc_Data_Exists                                                                                                                           | hw_i/audio/axi_iic_0/U0/X_IIC/X_AXI_IPIF_SSP1/X_SOFT_RESET/SR[0]                                                                                                  |                1 |              4 |         4.00 |
|  hw_i/zynq_ultra_ps_e_0/inst/pl_clk0 | hw_i/audio/axi_iic_0/U0/X_IIC/WRITE_FIFO_CTRL_I/Data_Exists_DFF_0                                                                                                                  | hw_i/audio/axi_iic_0/U0/X_IIC/REG_INTERFACE_I/Tx_fifo_rst                                                                                                         |                1 |              4 |         4.00 |
|  hw_i/zynq_ultra_ps_e_0/inst/pl_clk0 | hw_i/audio/axi_iic_0/U0/X_IIC/IIC_CONTROL_I/BITCNT/q_int[0]_i_1__0_n_0                                                                                                             | hw_i/audio/axi_iic_0/U0/X_IIC/REG_INTERFACE_I/Q[0]                                                                                                                |                1 |              4 |         4.00 |
|  hw_i/zynq_ultra_ps_e_0/inst/pl_clk0 | hw_i/audio/axi_iic_0/U0/X_IIC/X_AXI_IPIF_SSP1/AXI_LITE_IPIF_I/I_SLAVE_ATTACHMENT/I_DECODER/Bus2IIC_WrCE[8]                                                                         | hw_i/audio/axi_iic_0/U0/X_IIC/X_AXI_IPIF_SSP1/X_SOFT_RESET/SR[0]                                                                                                  |                1 |              4 |         4.00 |
|  hw_i/zynq_ultra_ps_e_0/inst/pl_clk0 | hw_i/axi_smc/inst/s00_entry_pipeline/s00_si_converter/inst/gen_axilite_conv.axilite_conv_inst/aw_incr[0]                                                                           | hw_i/axi_smc/inst/s00_entry_pipeline/s00_si_converter/inst/areset                                                                                                 |                2 |              4 |         2.00 |
|  hw_i/zynq_ultra_ps_e_0/inst/pl_clk0 | hw_i/audio/axi_iic_0/U0/X_IIC/X_AXI_IPIF_SSP1/AXI_LITE_IPIF_I/I_SLAVE_ATTACHMENT/I_DECODER/Bus2IIC_WrCE[11]                                                                        | hw_i/audio/axi_iic_0/U0/X_IIC/X_AXI_IPIF_SSP1/X_SOFT_RESET/SR[0]                                                                                                  |                3 |              5 |         1.67 |
|  hw_i/zynq_ultra_ps_e_0/inst/pl_clk0 | hw_i/rst_ps8_0_96M/U0/SEQ/seq_cnt_en                                                                                                                                               | hw_i/rst_ps8_0_96M/U0/SEQ/seq_clr                                                                                                                                 |                1 |              6 |         6.00 |
|  hw_i/zynq_ultra_ps_e_0/inst/pl_clk0 |                                                                                                                                                                                    | hw_i/audio/axi_iic_0/U0/X_IIC/REG_INTERFACE_I/Tx_fifo_rst                                                                                                         |                4 |              6 |         1.50 |
|  hw_i/zynq_ultra_ps_e_0/inst/pl_clk0 | hw_i/axi_smc/inst/clk_map/psr_aclk/U0/SEQ/seq_cnt_en                                                                                                                               | hw_i/axi_smc/inst/clk_map/psr_aclk/U0/SEQ/seq_clr                                                                                                                 |                2 |              6 |         3.00 |
|  hw_i/zynq_ultra_ps_e_0/inst/pl_clk0 | hw_i/audio/axi_iic_0/U0/X_IIC/X_AXI_IPIF_SSP1/AXI_LITE_IPIF_I/I_SLAVE_ATTACHMENT/I_DECODER/Bus2IIC_WrCE[9]                                                                         | hw_i/audio/axi_iic_0/U0/X_IIC/X_AXI_IPIF_SSP1/X_SOFT_RESET/SR[0]                                                                                                  |                5 |              7 |         1.40 |
|  hw_i/zynq_ultra_ps_e_0/inst/pl_clk0 | hw_i/audio/aic3104_dma_wrapper_0/inst/aic3104_dma/buf_rd_count[7]_i_1_n_0                                                                                                          |                                                                                                                                                                   |                6 |              8 |         1.33 |
|  hw_i/zynq_ultra_ps_e_0/inst/pl_clk0 | hw_i/audio/axi_iic_0/U0/X_IIC/IIC_CONTROL_I/data_i2c_i0                                                                                                                            | hw_i/audio/axi_iic_0/U0/X_IIC/REG_INTERFACE_I/Q[0]                                                                                                                |                3 |              8 |         2.67 |
|  hw_i/zynq_ultra_ps_e_0/inst/pl_clk0 | hw_i/audio/axi_iic_0/U0/X_IIC/IIC_CONTROL_I/i2c_header_en                                                                                                                          | hw_i/audio/axi_iic_0/U0/X_IIC/REG_INTERFACE_I/Q[0]                                                                                                                |                1 |              8 |         8.00 |
|  hw_i/zynq_ultra_ps_e_0/inst/pl_clk0 | hw_i/axi_smc/inst/s00_entry_pipeline/s00_si_converter/inst/gen_axilite_conv.axilite_conv_inst/s_axi_rvalid_i                                                                       | hw_i/axi_smc/inst/s00_entry_pipeline/s00_si_converter/inst/areset                                                                                                 |                1 |              8 |         8.00 |
|  hw_i/zynq_ultra_ps_e_0/inst/pl_clk0 | hw_i/audio/aic3104_dma_wrapper_0/inst/aic3104_dma/buf_wr_addr[7]_i_1_n_0                                                                                                           |                                                                                                                                                                   |                4 |              8 |         2.00 |
|  hw_i/zynq_ultra_ps_e_0/inst/pl_clk0 | hw_i/axi_smc/inst/s00_entry_pipeline/s00_si_converter/inst/gen_axilite_conv.axilite_conv_inst/r_beats[7]_i_1_n_0                                                                   | hw_i/axi_smc/inst/s00_entry_pipeline/s00_si_converter/inst/areset                                                                                                 |                3 |              8 |         2.67 |
|  hw_i/zynq_ultra_ps_e_0/inst/pl_clk0 | hw_i/audio/aic3104_dma_wrapper_0/inst/aic3104_dma/buf_rd_count[31]_i_1_n_0                                                                                                         |                                                                                                                                                                   |                3 |              8 |         2.67 |
|  hw_i/zynq_ultra_ps_e_0/inst/pl_clk0 | hw_i/audio/aic3104_dma_wrapper_0/inst/aic3104_dma/buf_rd_addr[15]_i_1_n_0                                                                                                          |                                                                                                                                                                   |                2 |              8 |         4.00 |
|  hw_i/zynq_ultra_ps_e_0/inst/pl_clk0 | hw_i/axi_smc/inst/s00_entry_pipeline/s00_mmu/inst/gen_endpoint.decerr_slave_inst/gen_axi.gen_read.read_cnt[7]_i_1_n_0                                                              | hw_i/axi_smc/inst/s00_entry_pipeline/s00_mmu/inst/areset                                                                                                          |                2 |              8 |         4.00 |
|  hw_i/zynq_ultra_ps_e_0/inst/pl_clk0 | hw_i/audio/axi_iic_0/U0/X_IIC/WRITE_FIFO_I/CI                                                                                                                                      |                                                                                                                                                                   |                1 |              8 |         8.00 |
|  hw_i/zynq_ultra_ps_e_0/inst/pl_clk0 | hw_i/audio/axi_iic_0/U0/X_IIC/X_AXI_IPIF_SSP1/AXI_LITE_IPIF_I/I_SLAVE_ATTACHMENT/I_DECODER/E[0]                                                                                    | hw_i/audio/axi_iic_0/U0/X_IIC/X_AXI_IPIF_SSP1/X_SOFT_RESET/SR[0]                                                                                                  |                2 |              8 |         4.00 |
|  hw_i/zynq_ultra_ps_e_0/inst/pl_clk0 | hw_i/audio/aic3104_dma_wrapper_0/inst/aic3104_dma/buf_rd_addr[39]_i_1_n_0                                                                                                          |                                                                                                                                                                   |                5 |              8 |         1.60 |
|  hw_i/zynq_ultra_ps_e_0/inst/pl_clk0 | hw_i/audio/aic3104_dma_wrapper_0/inst/aic3104_dma/buf_rd_addr[31]_i_1_n_0                                                                                                          |                                                                                                                                                                   |                4 |              8 |         2.00 |
|  hw_i/zynq_ultra_ps_e_0/inst/pl_clk0 | hw_i/audio/aic3104_dma_wrapper_0/inst/aic3104_dma/buf_wr_addr[15]_i_1_n_0                                                                                                          |                                                                                                                                                                   |                4 |              8 |         2.00 |
|  hw_i/zynq_ultra_ps_e_0/inst/pl_clk0 | hw_i/audio/aic3104_dma_wrapper_0/inst/aic3104_dma/buf_rd_count[15]_i_1_n_0                                                                                                         |                                                                                                                                                                   |                2 |              8 |         4.00 |
|  hw_i/zynq_ultra_ps_e_0/inst/pl_clk0 | hw_i/audio/axi_iic_0/U0/X_IIC/READ_FIFO_I/CI                                                                                                                                       |                                                                                                                                                                   |                1 |              8 |         8.00 |
|  hw_i/zynq_ultra_ps_e_0/inst/pl_clk0 | hw_i/audio/axi_iic_0/U0/X_IIC/DYN_MASTER_I/rdByteCntr[0]_i_1_n_0                                                                                                                   | hw_i/audio/axi_iic_0/U0/X_IIC/REG_INTERFACE_I/Tx_fifo_rst                                                                                                         |                2 |              8 |         4.00 |
|  hw_i/zynq_ultra_ps_e_0/inst/pl_clk0 | hw_i/audio/aic3104_dma_wrapper_0/inst/aic3104_dma/buf_rd_count[23]_i_1_n_0                                                                                                         |                                                                                                                                                                   |                2 |              8 |         4.00 |
|  hw_i/zynq_ultra_ps_e_0/inst/pl_clk0 | hw_i/audio/aic3104_dma_wrapper_0/inst/aic3104_dma/buf_rd_addr[7]_i_1_n_0                                                                                                           |                                                                                                                                                                   |                4 |              8 |         2.00 |
|  hw_i/zynq_ultra_ps_e_0/inst/pl_clk0 | hw_i/audio/axi_iic_0/U0/X_IIC/IIC_CONTROL_I/I2CDATA_REG/data_int[7]_i_1_n_0                                                                                                        | hw_i/audio/axi_iic_0/U0/X_IIC/REG_INTERFACE_I/Q[0]                                                                                                                |                2 |              8 |         4.00 |
|  hw_i/zynq_ultra_ps_e_0/inst/pl_clk0 | hw_i/audio/aic3104_dma_wrapper_0/inst/aic3104_dma/buf_wr_addr[31]_i_1_n_0                                                                                                          |                                                                                                                                                                   |                4 |              8 |         2.00 |
|  hw_i/zynq_ultra_ps_e_0/inst/pl_clk0 | hw_i/axi_smc/inst/s00_entry_pipeline/s00_si_converter/inst/gen_axilite_conv.axilite_conv_inst/ar_cnt[7]_i_1_n_0                                                                    | hw_i/axi_smc/inst/s00_entry_pipeline/s00_si_converter/inst/areset                                                                                                 |                4 |              8 |         2.00 |
|  hw_i/zynq_ultra_ps_e_0/inst/pl_clk0 | hw_i/audio/aic3104_dma_wrapper_0/inst/aic3104_dma/buf_wr_addr[39]_i_1_n_0                                                                                                          |                                                                                                                                                                   |                6 |              8 |         1.33 |
|  hw_i/zynq_ultra_ps_e_0/inst/pl_clk0 | hw_i/audio/aic3104_dma_wrapper_0/inst/aic3104_dma/buf_wr_count[15]_i_1_n_0                                                                                                         |                                                                                                                                                                   |                3 |              8 |         2.67 |
|  hw_i/zynq_ultra_ps_e_0/inst/pl_clk0 | hw_i/audio/aic3104_dma_wrapper_0/inst/aic3104_dma/buf_wr_count[23]_i_1_n_0                                                                                                         |                                                                                                                                                                   |                4 |              8 |         2.00 |
|  hw_i/zynq_ultra_ps_e_0/inst/pl_clk0 | hw_i/audio/aic3104_dma_wrapper_0/inst/aic3104_dma/buf_wr_count[31]_i_1_n_0                                                                                                         |                                                                                                                                                                   |                2 |              8 |         4.00 |
|  hw_i/zynq_ultra_ps_e_0/inst/pl_clk0 | hw_i/audio/aic3104_dma_wrapper_0/inst/aic3104_dma/buf_rd_addr[23]_i_1_n_0                                                                                                          |                                                                                                                                                                   |                4 |              8 |         2.00 |
|  hw_i/zynq_ultra_ps_e_0/inst/pl_clk0 | hw_i/audio/aic3104_dma_wrapper_0/inst/aic3104_dma/buf_wr_count[7]_i_1_n_0                                                                                                          |                                                                                                                                                                   |                5 |              8 |         1.60 |
|  hw_i/zynq_ultra_ps_e_0/inst/pl_clk0 | hw_i/audio/aic3104_dma_wrapper_0/inst/aic3104_dma/buf_wr_addr[23]_i_1_n_0                                                                                                          |                                                                                                                                                                   |                5 |              8 |         1.60 |
|  hw_i/zynq_ultra_ps_e_0/inst/pl_clk0 | hw_i/axi_smc/inst/s00_entry_pipeline/s00_si_converter/inst/gen_axilite_conv.axilite_conv_inst/w_cnt[8]_i_1_n_0                                                                     | hw_i/axi_smc/inst/s00_entry_pipeline/s00_si_converter/inst/areset                                                                                                 |                2 |              9 |         4.50 |
|  hw_i/zynq_ultra_ps_e_0/inst/pl_clk0 | hw_i/axi_smc/inst/s00_entry_pipeline/s00_si_converter/inst/gen_axilite_conv.axilite_conv_inst/s_buser[0]                                                                           | hw_i/axi_smc/inst/s00_entry_pipeline/s00_si_converter/inst/gen_axilite_conv.axilite_conv_inst/b_cnt[8]_i_1_n_0                                                    |                2 |              9 |         4.50 |
|  hw_i/zynq_ultra_ps_e_0/inst/pl_clk0 | hw_i/audio/aic3104_dma_wrapper_0/inst/aic3104_dma/axi_dma_writer/beat_idx[8]_i_1_n_0                                                                                               | hw_i/rst_ps8_0_96M/U0/peripheral_aresetn[0]                                                                                                                       |                3 |              9 |         3.00 |
|  hw_i/zynq_ultra_ps_e_0/inst/pl_clk0 | hw_i/audio/axi_iic_0/U0/X_IIC/X_AXI_IPIF_SSP1/AXI_LITE_IPIF_I/I_SLAVE_ATTACHMENT/I_DECODER/Bus2IIC_WrCE[4]                                                                         | hw_i/audio/axi_iic_0/U0/X_IIC/X_AXI_IPIF_SSP1/X_SOFT_RESET/SR[0]                                                                                                  |                5 |             10 |         2.00 |
|  hw_i/zynq_ultra_ps_e_0/inst/pl_clk0 | hw_i/audio/aic3104_dma_wrapper_0/inst/aic3104_dma/axi_dma_reader/r_beat                                                                                                            | hw_i/rst_ps8_0_96M/U0/peripheral_aresetn[0]                                                                                                                       |                2 |             10 |         5.00 |
|  hw_i/zynq_ultra_ps_e_0/inst/pl_clk0 | hw_i/audio/axi_iic_0/U0/X_IIC/X_AXI_IPIF_SSP1/AXI_LITE_IPIF_I/I_SLAVE_ATTACHMENT/I_DECODER/Bus2IIC_WrCE[7]                                                                         | hw_i/audio/axi_iic_0/U0/X_IIC/X_AXI_IPIF_SSP1/X_SOFT_RESET/SR[0]                                                                                                  |                1 |             10 |        10.00 |
|  hw_i/zynq_ultra_ps_e_0/inst/pl_clk0 | hw_i/audio/axi_iic_0/U0/X_IIC/IIC_CONTROL_I/CLKCNT/q_int[0]_i_1__1_n_0                                                                                                             | hw_i/audio/axi_iic_0/U0/X_IIC/REG_INTERFACE_I/Q[0]                                                                                                                |                3 |             10 |         3.33 |
|  hw_i/zynq_ultra_ps_e_0/inst/pl_clk0 | hw_i/audio/axi_iic_0/U0/X_IIC/X_AXI_IPIF_SSP1/AXI_LITE_IPIF_I/I_SLAVE_ATTACHMENT/I_DECODER/Bus2IIC_WrCE[5]                                                                         | hw_i/audio/axi_iic_0/U0/X_IIC/X_AXI_IPIF_SSP1/X_SOFT_RESET/SR[0]                                                                                                  |                2 |             10 |         5.00 |
|  hw_i/zynq_ultra_ps_e_0/inst/pl_clk0 | hw_i/audio/axi_iic_0/U0/X_IIC/IIC_CONTROL_I/SETUP_CNT/q_int[0]_i_1_n_0                                                                                                             | hw_i/audio/axi_iic_0/U0/X_IIC/REG_INTERFACE_I/Q[0]                                                                                                                |                2 |             10 |         5.00 |
|  hw_i/zynq_ultra_ps_e_0/inst/pl_clk0 | hw_i/audio/axi_iic_0/U0/X_IIC/X_AXI_IPIF_SSP1/AXI_LITE_IPIF_I/I_SLAVE_ATTACHMENT/I_DECODER/Bus2IIC_WrCE[6]                                                                         | hw_i/audio/axi_iic_0/U0/X_IIC/X_AXI_IPIF_SSP1/X_SOFT_RESET/SR[0]                                                                                                  |                2 |             10 |         5.00 |
|  hw_i/zynq_ultra_ps_e_0/inst/pl_clk0 | hw_i/audio/axi_iic_0/U0/X_IIC/X_AXI_IPIF_SSP1/AXI_LITE_IPIF_I/I_SLAVE_ATTACHMENT/I_DECODER/Bus2IIC_WrCE[2]                                                                         | hw_i/audio/axi_iic_0/U0/X_IIC/X_AXI_IPIF_SSP1/X_SOFT_RESET/SR[0]                                                                                                  |                4 |             10 |         2.50 |
|  hw_i/zynq_ultra_ps_e_0/inst/pl_clk0 | hw_i/audio/axi_iic_0/U0/X_IIC/X_AXI_IPIF_SSP1/AXI_LITE_IPIF_I/I_SLAVE_ATTACHMENT/I_DECODER/Bus2IIC_WrCE[0]                                                                         | hw_i/audio/axi_iic_0/U0/X_IIC/X_AXI_IPIF_SSP1/X_SOFT_RESET/SR[0]                                                                                                  |                2 |             10 |         5.00 |
|  hw_i/zynq_ultra_ps_e_0/inst/pl_clk0 | hw_i/audio/axi_iic_0/U0/X_IIC/X_AXI_IPIF_SSP1/AXI_LITE_IPIF_I/I_SLAVE_ATTACHMENT/I_DECODER/Bus2IIC_WrCE[1]                                                                         | hw_i/audio/axi_iic_0/U0/X_IIC/X_AXI_IPIF_SSP1/X_SOFT_RESET/SR[0]                                                                                                  |                1 |             10 |        10.00 |
|  hw_i/zynq_ultra_ps_e_0/inst/pl_clk0 | hw_i/audio/axi_iic_0/U0/X_IIC/X_AXI_IPIF_SSP1/AXI_LITE_IPIF_I/I_SLAVE_ATTACHMENT/I_DECODER/Bus2IIC_WrCE[3]                                                                         | hw_i/audio/axi_iic_0/U0/X_IIC/X_AXI_IPIF_SSP1/X_SOFT_RESET/SR[0]                                                                                                  |                2 |             10 |         5.00 |
|  hw_i/zynq_ultra_ps_e_0/inst/pl_clk0 | hw_i/audio/aic3104_dma_wrapper_0/inst/aic3104_dma/axi_dma_writer/p_0_in[1]                                                                                                         | hw_i/rst_ps8_0_96M/U0/peripheral_aresetn[0]                                                                                                                       |                3 |             10 |         3.33 |
|  hw_i/zynq_ultra_ps_e_0/inst/pl_clk0 | hw_i/audio/axi_iic_0/U0/X_IIC/X_AXI_IPIF_SSP1/AXI_LITE_IPIF_I/I_SLAVE_ATTACHMENT/bus2ip_addr_i[8]_i_1_n_0                                                                          | hw_i/audio/axi_iic_0/U0/X_IIC/X_AXI_IPIF_SSP1/AXI_LITE_IPIF_I/I_SLAVE_ATTACHMENT/rst                                                                              |                2 |             10 |         5.00 |
|  hw_i/zynq_ultra_ps_e_0/inst/pl_clk0 | hw_i/audio/axi_iic_0/U0/X_IIC/IIC_CONTROL_I/FSM_onehot_scl_state[9]_i_2_n_0                                                                                                        | hw_i/audio/axi_iic_0/U0/X_IIC/REG_INTERFACE_I/Q[0]                                                                                                                |                4 |             10 |         2.50 |
|  hw_i/zynq_ultra_ps_e_0/inst/pl_clk0 |                                                                                                                                                                                    | hw_i/audio/axi_iic_0/U0/X_IIC/X_AXI_IPIF_SSP1/AXI_LITE_IPIF_I/I_SLAVE_ATTACHMENT/rst                                                                              |                3 |             10 |         3.33 |
|  hw_i/zynq_ultra_ps_e_0/inst/pl_clk0 |                                                                                                                                                                                    | hw_i/axi_smc/inst/s00_entry_pipeline/s00_mmu/inst/areset                                                                                                          |                7 |             10 |         1.43 |
|  hw_i/zynq_ultra_ps_e_0/inst/pl_clk0 | hw_i/audio/aic3104_dma_wrapper_0/inst/aic3104_dma/axi_dma_writer/fifo_count[10]_i_1_n_0                                                                                            | hw_i/rst_ps8_0_96M/U0/peripheral_aresetn[0]                                                                                                                       |                3 |             11 |         3.67 |
|  hw_i/zynq_ultra_ps_e_0/inst/pl_clk0 | hw_i/audio/aic3104_dma_wrapper_0/inst/aic3104_dma/axi_dma_reader/fifo_count[10]_i_1_n_0                                                                                            | hw_i/rst_ps8_0_96M/U0/peripheral_aresetn[0]                                                                                                                       |                3 |             11 |         3.67 |
|  hw_i/zynq_ultra_ps_e_0/inst/pl_clk0 | hw_i/audio/aic3104_dma_wrapper_0/inst/aic3104_dma/axil_addr[11]_i_1_n_0                                                                                                            |                                                                                                                                                                   |                2 |             12 |         6.00 |
|  hw_i/zynq_ultra_ps_e_0/inst/pl_clk0 | hw_i/audio/axi_iic_0/U0/X_IIC/X_AXI_IPIF_SSP1/AXI_LITE_IPIF_I/I_SLAVE_ATTACHMENT/s_axi_rresp_i[0]                                                                                  | hw_i/audio/axi_iic_0/U0/X_IIC/X_AXI_IPIF_SSP1/AXI_LITE_IPIF_I/I_SLAVE_ATTACHMENT/rst                                                                              |                9 |             12 |         1.33 |
|  hw_i/zynq_ultra_ps_e_0/inst/pl_clk0 | hw_i/axi_smc/inst/s00_entry_pipeline/s00_si_converter/inst/gen_axilite_conv.axilite_conv_inst/ar_addr_d[11]_i_1_n_0                                                                | hw_i/axi_smc/inst/s00_entry_pipeline/s00_si_converter/inst/areset                                                                                                 |                5 |             12 |         2.40 |
|  hw_i/zynq_ultra_ps_e_0/inst/pl_clk0 | hw_i/axi_smc/inst/s00_entry_pipeline/s00_si_converter/inst/gen_axilite_conv.axilite_conv_inst/aw_addr[11]_i_1_n_0                                                                  | hw_i/axi_smc/inst/s00_entry_pipeline/s00_si_converter/inst/areset                                                                                                 |                5 |             12 |         2.40 |
|  hw_i/zynq_ultra_ps_e_0/inst/pl_clk0 |                                                                                                                                                                                    | hw_i/axi_smc/inst/s00_entry_pipeline/s00_si_converter/inst/areset                                                                                                 |                7 |             12 |         1.71 |
|  hw_i/audio/clk_wiz_0/inst/clk_out1  | hw_i/audio/aic3104_dma_wrapper_0/inst/aic3104_dma/tx_fifo/gnuram_async_fifo.xpm_fifo_base_inst/rdp_inst/E[0]                                                                       | hw_i/audio/aic3104_dma_wrapper_0/inst/aic3104_dma/tx_fifo/gnuram_async_fifo.xpm_fifo_base_inst/xpm_fifo_rst_inst/gen_rst_ic.fifo_rd_rst_ic_reg_0                  |                5 |             15 |         3.00 |
|  hw_i/zynq_ultra_ps_e_0/inst/pl_clk0 | hw_i/audio/aic3104_dma_wrapper_0/inst/aic3104_dma/rx_fifo/gnuram_async_fifo.xpm_fifo_base_inst/rdp_inst/E[0]                                                                       | hw_i/audio/aic3104_dma_wrapper_0/inst/aic3104_dma/rx_fifo/gnuram_async_fifo.xpm_fifo_base_inst/xpm_fifo_rst_inst/gen_rst_ic.fifo_rd_rst_ic_reg_0                  |                5 |             15 |         3.00 |
|  hw_i/zynq_ultra_ps_e_0/inst/pl_clk0 | hw_i/axi_smc/inst/switchboards/i_nodes/i_aw_node/inst/inst_mi_handler/gen_normal_area.inst_fifo_node_payld/gen_reg_fifo.inst_reg_fifo/gen_single_rank.inst_cntr/E[0]               |                                                                                                                                                                   |                6 |             15 |         2.50 |
|  hw_i/zynq_ultra_ps_e_0/inst/pl_clk0 | hw_i/axi_smc/inst/s00_entry_pipeline/s00_mmu/inst/gen_endpoint.decerr_slave_inst/gen_axi.gen_write.s_axi_bid_i[15]_i_1_n_0                                                         | hw_i/axi_smc/inst/s00_entry_pipeline/s00_mmu/inst/areset                                                                                                          |                4 |             16 |         4.00 |
|  hw_i/zynq_ultra_ps_e_0/inst/pl_clk0 | hw_i/axi_smc/inst/s00_entry_pipeline/s00_transaction_regulator/inst/gen_endpoint.gen_r_singleorder.r_singleorder/gen_id_reg.s_rid_i0                                               |                                                                                                                                                                   |                4 |             16 |         4.00 |
|  hw_i/zynq_ultra_ps_e_0/inst/pl_clk0 | hw_i/axi_smc/inst/s00_entry_pipeline/s00_mmu/inst/gen_endpoint.decerr_slave_inst/gen_axi.gen_read.s_axi_rid_i[15]_i_1_n_0                                                          | hw_i/axi_smc/inst/s00_entry_pipeline/s00_mmu/inst/areset                                                                                                          |                4 |             16 |         4.00 |
|  hw_i/zynq_ultra_ps_e_0/inst/pl_clk0 | hw_i/axi_smc/inst/s00_entry_pipeline/s00_transaction_regulator/inst/gen_endpoint.gen_w_singleorder.w_singleorder/gen_id_reg.s_rid_i0                                               |                                                                                                                                                                   |                4 |             16 |         4.00 |
|  hw_i/zynq_ultra_ps_e_0/inst/pl_clk0 | hw_i/audio/aic3104_dma_wrapper_0/inst/aic3104_dma/FSM_onehot_axil_rd_cs_reg_n_0_[0]                                                                                                |                                                                                                                                                                   |                6 |             16 |         2.67 |
|  hw_i/zynq_ultra_ps_e_0/inst/pl_clk0 | hw_i/audio/aic3104_dma_wrapper_0/inst/aic3104_dma/axi_dma_reader/inflight_beats[15]_i_1_n_0                                                                                        | hw_i/rst_ps8_0_96M/U0/peripheral_aresetn[0]                                                                                                                       |                4 |             16 |         4.00 |
|  hw_i/zynq_ultra_ps_e_0/inst/pl_clk0 |                                                                                                                                                                                    | hw_i/audio/axi_gpio_0/U0/AXI_LITE_IPIF_I/I_SLAVE_ATTACHMENT/SS[0]                                                                                                 |                4 |             16 |         4.00 |
|  hw_i/zynq_ultra_ps_e_0/inst/pl_clk0 | hw_i/axi_smc/inst/switchboards/i_nodes/i_ar_node/inst/inst_mi_handler/gen_normal_area.inst_fifo_node_payld/gen_reg_fifo.inst_reg_fifo/gen_single_rank.inst_cntr/E[0]               |                                                                                                                                                                   |                8 |             19 |         2.38 |
|  hw_i/zynq_ultra_ps_e_0/inst/pl_clk0 |                                                                                                                                                                                    | hw_i/rst_ps8_0_96M/U0/peripheral_aresetn[0]                                                                                                                       |                9 |             20 |         2.22 |
|  hw_i/audio/clk_wiz_0/inst/clk_out1  |                                                                                                                                                                                    | hw_i/audio/aic3104_dma_wrapper_0/inst/aic3104_dma/rx_fifo/gnuram_async_fifo.xpm_fifo_base_inst/xpm_fifo_rst_inst/wrst_busy                                        |                7 |             21 |         3.00 |
|  hw_i/zynq_ultra_ps_e_0/inst/pl_clk0 |                                                                                                                                                                                    | hw_i/audio/aic3104_dma_wrapper_0/inst/aic3104_dma/tx_fifo/gnuram_async_fifo.xpm_fifo_base_inst/xpm_fifo_rst_inst/wrst_busy                                        |                6 |             21 |         3.50 |
|  hw_i/zynq_ultra_ps_e_0/inst/pl_clk0 | hw_i/audio/aic3104_dma_wrapper_0/inst/aic3104_dma/tx_fifo/gnuram_async_fifo.xpm_fifo_base_inst/xpm_fifo_rst_inst/wr_pntr_plus1_pf_carry                                            | hw_i/audio/aic3104_dma_wrapper_0/inst/aic3104_dma/tx_fifo/gnuram_async_fifo.xpm_fifo_base_inst/xpm_fifo_rst_inst/wrst_busy                                        |                6 |             22 |         3.67 |
|  hw_i/audio/clk_wiz_0/inst/clk_out1  | hw_i/audio/aic3104_dma_wrapper_0/inst/aic3104_dma/rx_fifo/gnuram_async_fifo.xpm_fifo_base_inst/xpm_fifo_rst_inst/wr_pntr_plus1_pf_carry                                            | hw_i/audio/aic3104_dma_wrapper_0/inst/aic3104_dma/rx_fifo/gnuram_async_fifo.xpm_fifo_base_inst/xpm_fifo_rst_inst/wrst_busy                                        |                7 |             22 |         3.14 |
|  hw_i/zynq_ultra_ps_e_0/inst/pl_clk0 | hw_i/audio/axi_iic_0/U0/X_IIC/X_AXI_IPIF_SSP1/AXI_LITE_IPIF_I/I_SLAVE_ATTACHMENT/start2                                                                                            | hw_i/audio/axi_iic_0/U0/X_IIC/X_AXI_IPIF_SSP1/AXI_LITE_IPIF_I/I_SLAVE_ATTACHMENT/I_DECODER/cs_ce_clr                                                              |                9 |             24 |         2.67 |
|  hw_i/audio/clk_wiz_0/inst/clk_out1  |                                                                                                                                                                                    | hw_i/audio/aic3104_dma_wrapper_0/inst/aic3104_dma/tx_fifo/gnuram_async_fifo.xpm_fifo_base_inst/xpm_fifo_rst_inst/gen_rst_ic.fifo_rd_rst_ic_reg_0                  |                8 |             27 |         3.38 |
|  hw_i/zynq_ultra_ps_e_0/inst/pl_clk0 |                                                                                                                                                                                    | hw_i/audio/aic3104_dma_wrapper_0/inst/aic3104_dma/rx_fifo/gnuram_async_fifo.xpm_fifo_base_inst/xpm_fifo_rst_inst/gen_rst_ic.fifo_rd_rst_ic_reg_0                  |               10 |             27 |         2.70 |
|  hw_i/zynq_ultra_ps_e_0/inst/pl_clk0 | hw_i/audio/aic3104_dma_wrapper_0/inst/aic3104_dma/axi_dma_writer/bytes_committed[31]_i_1_n_0                                                                                       | hw_i/rst_ps8_0_96M/U0/peripheral_aresetn[0]                                                                                                                       |                5 |             30 |         6.00 |
|  hw_i/zynq_ultra_ps_e_0/inst/pl_clk0 | hw_i/audio/aic3104_dma_wrapper_0/inst/aic3104_dma/axi_dma_reader/bytes_issued[31]_i_1_n_0                                                                                          | hw_i/rst_ps8_0_96M/U0/peripheral_aresetn[0]                                                                                                                       |                9 |             30 |         3.33 |
|  hw_i/zynq_ultra_ps_e_0/inst/pl_clk0 | hw_i/axi_smc/inst/s00_entry_pipeline/s00_si_converter/inst/gen_axilite_conv.axilite_conv_inst/s_axi_rdata_i[31]_i_1_n_0                                                            | hw_i/axi_smc/inst/s00_entry_pipeline/s00_si_converter/inst/areset                                                                                                 |                9 |             32 |         3.56 |
|  hw_i/zynq_ultra_ps_e_0/inst/pl_clk0 | hw_i/audio/aic3104_dma_wrapper_0/inst/aic3104_dma/rx_fifo/gnuram_async_fifo.xpm_fifo_base_inst/rdp_inst/E[0]                                                                       |                                                                                                                                                                   |                5 |             32 |         6.40 |
|  hw_i/zynq_ultra_ps_e_0/inst/pl_clk0 | hw_i/audio/aic3104_dma_wrapper_0/inst/aic3104_dma/FSM_onehot_axil_rd_cs_reg_n_0_[2]                                                                                                |                                                                                                                                                                   |                7 |             32 |         4.57 |
|  hw_i/zynq_ultra_ps_e_0/inst/pl_clk0 | hw_i/audio/aic3104_dma_wrapper_0/inst/aic3104_dma/rx_fifo/gnuram_async_fifo.xpm_fifo_base_inst/gen_fwft.ram_regout_en                                                              | hw_i/audio/aic3104_dma_wrapper_0/inst/aic3104_dma/rx_fifo/gnuram_async_fifo.xpm_fifo_base_inst/xpm_fifo_rst_inst/gen_rst_ic.fifo_rd_rst_ic_reg_0                  |                5 |             32 |         6.40 |
|  hw_i/audio/clk_wiz_0/inst/clk_out1  | hw_i/audio/aic3104_dma_wrapper_0/inst/aic3104_dma/tx_fifo/gnuram_async_fifo.xpm_fifo_base_inst/rdp_inst/E[0]                                                                       |                                                                                                                                                                   |                7 |             32 |         4.57 |
|  hw_i/audio/clk_wiz_0/inst/clk_out1  | hw_i/audio/aic3104_dma_wrapper_0/inst/aic3104_dma/tx_fifo/gnuram_async_fifo.xpm_fifo_base_inst/gen_fwft.ram_regout_en                                                              | hw_i/audio/aic3104_dma_wrapper_0/inst/aic3104_dma/tx_fifo/gnuram_async_fifo.xpm_fifo_base_inst/xpm_fifo_rst_inst/gen_rst_ic.fifo_rd_rst_ic_reg_0                  |               10 |             32 |         3.20 |
|  hw_i/zynq_ultra_ps_e_0/inst/pl_clk0 |                                                                                                                                                                                    | hw_i/audio/aic3104_dma_wrapper_0/inst/aic3104_dma/read_data[31]_i_1_n_0                                                                                           |               15 |             32 |         2.13 |
|  hw_i/zynq_ultra_ps_e_0/inst/pl_clk0 | hw_i/audio/aic3104_dma_wrapper_0/inst/aic3104_dma/axi_dma_reader/beats_streamed[31]_i_1_n_0                                                                                        | hw_i/rst_ps8_0_96M/U0/peripheral_aresetn[0]                                                                                                                       |                5 |             32 |         6.40 |
|  hw_i/zynq_ultra_ps_e_0/inst/pl_clk0 | hw_i/axi_smc/inst/switchboards/i_nodes/i_r_node/inst/inst_mi_handler/gen_normal_area.gen_fi_regulator.inst_fi_regulator/E[0]                                                       |                                                                                                                                                                   |               15 |             33 |         2.20 |
|  hw_i/zynq_ultra_ps_e_0/inst/pl_clk0 | hw_i/audio/aic3104_dma_wrapper_0/inst/aic3104_dma/axil_be[3]_i_1_n_0                                                                                                               |                                                                                                                                                                   |               18 |             36 |         2.00 |
|  hw_i/zynq_ultra_ps_e_0/inst/pl_clk0 | hw_i/audio/aic3104_dma_wrapper_0/inst/aic3104_dma/axi_dma_reader/fifo_pop                                                                                                          | hw_i/rst_ps8_0_96M/U0/peripheral_aresetn[0]                                                                                                                       |                9 |             38 |         4.22 |
|  hw_i/zynq_ultra_ps_e_0/inst/pl_clk0 | hw_i/audio/aic3104_dma_wrapper_0/inst/aic3104_dma/axi_dma_writer/p_0_in[0]                                                                                                         | hw_i/rst_ps8_0_96M/U0/peripheral_aresetn[0]                                                                                                                       |               13 |             38 |         2.92 |
|  hw_i/zynq_ultra_ps_e_0/inst/pl_clk0 | hw_i/axi_smc/inst/switchboards/i_nodes/i_w_node/inst/inst_mi_handler/gen_normal_area.inst_fifo_node_payld/gen_reg_fifo.inst_reg_fifo/gen_single_rank.inst_cntr/E[0]                |                                                                                                                                                                   |                9 |             39 |         4.33 |
|  hw_i/zynq_ultra_ps_e_0/inst/pl_clk0 | hw_i/audio/aic3104_dma_wrapper_0/inst/aic3104_dma/axi_dma_writer/fifo_mem_reg_576_639_0_6_i_1_n_0                                                                                  |                                                                                                                                                                   |                5 |             40 |         8.00 |
|  hw_i/zynq_ultra_ps_e_0/inst/pl_clk0 | hw_i/audio/aic3104_dma_wrapper_0/inst/aic3104_dma/axi_dma_writer/fifo_mem_reg_0_63_0_6_i_1_n_0                                                                                     |                                                                                                                                                                   |                5 |             40 |         8.00 |
|  hw_i/zynq_ultra_ps_e_0/inst/pl_clk0 | hw_i/audio/aic3104_dma_wrapper_0/inst/aic3104_dma/tx_fifo/gnuram_async_fifo.xpm_fifo_base_inst/gen_sdpram.xpm_memory_base_inst/gen_wr_a.gen_word_narrow.mem_reg_64_127_0_6_i_1_n_0 |                                                                                                                                                                   |                5 |             40 |         8.00 |
|  hw_i/zynq_ultra_ps_e_0/inst/pl_clk0 | hw_i/audio/aic3104_dma_wrapper_0/inst/aic3104_dma/tx_fifo/gnuram_async_fifo.xpm_fifo_base_inst/gen_sdpram.xpm_memory_base_inst/gen_wr_a.gen_word_narrow.mem_reg_0_63_0_6_i_1_n_0   |                                                                                                                                                                   |                5 |             40 |         8.00 |
|  hw_i/zynq_ultra_ps_e_0/inst/pl_clk0 | hw_i/audio/aic3104_dma_wrapper_0/inst/aic3104_dma/axi_dma_writer/fifo_mem_reg_320_383_0_6_i_1_n_0                                                                                  |                                                                                                                                                                   |                5 |             40 |         8.00 |
|  hw_i/zynq_ultra_ps_e_0/inst/pl_clk0 | hw_i/audio/aic3104_dma_wrapper_0/inst/aic3104_dma/axi_dma_writer/fifo_mem_reg_256_319_0_6_i_1_n_0                                                                                  |                                                                                                                                                                   |                5 |             40 |         8.00 |
|  hw_i/zynq_ultra_ps_e_0/inst/pl_clk0 | hw_i/audio/aic3104_dma_wrapper_0/inst/aic3104_dma/axi_dma_writer/fifo_mem_reg_768_831_0_6_i_1_n_0                                                                                  |                                                                                                                                                                   |                5 |             40 |         8.00 |
|  hw_i/zynq_ultra_ps_e_0/inst/pl_clk0 | hw_i/audio/aic3104_dma_wrapper_0/inst/aic3104_dma/axi_dma_writer/fifo_mem_reg_640_703_0_6_i_1_n_0                                                                                  |                                                                                                                                                                   |                5 |             40 |         8.00 |
|  hw_i/audio/clk_wiz_0/inst/clk_out1  | hw_i/audio/aic3104_dma_wrapper_0/inst/aic3104_dma/rx_fifo/gnuram_async_fifo.xpm_fifo_base_inst/gen_sdpram.xpm_memory_base_inst/gen_wr_a.gen_word_narrow.mem_reg_64_127_0_6_i_1_n_0 |                                                                                                                                                                   |                5 |             40 |         8.00 |
|  hw_i/zynq_ultra_ps_e_0/inst/pl_clk0 | hw_i/audio/aic3104_dma_wrapper_0/inst/aic3104_dma/axi_dma_writer/fifo_mem_reg_704_767_0_6_i_1_n_0                                                                                  |                                                                                                                                                                   |                5 |             40 |         8.00 |
|  hw_i/audio/clk_wiz_0/inst/clk_out1  | hw_i/audio/aic3104_dma_wrapper_0/inst/aic3104_dma/rx_fifo/gnuram_async_fifo.xpm_fifo_base_inst/gen_sdpram.xpm_memory_base_inst/gen_wr_a.gen_word_narrow.mem_reg_0_63_0_6_i_1_n_0   |                                                                                                                                                                   |                5 |             40 |         8.00 |
|  hw_i/zynq_ultra_ps_e_0/inst/pl_clk0 | hw_i/audio/aic3104_dma_wrapper_0/inst/aic3104_dma/axi_dma_writer/fifo_mem_reg_448_511_0_6_i_1_n_0                                                                                  |                                                                                                                                                                   |                5 |             40 |         8.00 |
|  hw_i/zynq_ultra_ps_e_0/inst/pl_clk0 | hw_i/audio/aic3104_dma_wrapper_0/inst/aic3104_dma/axi_dma_writer/fifo_mem_reg_832_895_0_6_i_1_n_0                                                                                  |                                                                                                                                                                   |                5 |             40 |         8.00 |
|  hw_i/zynq_ultra_ps_e_0/inst/pl_clk0 | hw_i/audio/aic3104_dma_wrapper_0/inst/aic3104_dma/axi_dma_writer/fifo_mem_reg_896_959_0_6_i_1_n_0                                                                                  |                                                                                                                                                                   |                5 |             40 |         8.00 |
|  hw_i/zynq_ultra_ps_e_0/inst/pl_clk0 | hw_i/audio/aic3104_dma_wrapper_0/inst/aic3104_dma/axi_dma_writer/fifo_mem_reg_960_1023_0_6_i_1_n_0                                                                                 |                                                                                                                                                                   |                5 |             40 |         8.00 |
|  hw_i/zynq_ultra_ps_e_0/inst/pl_clk0 | hw_i/audio/aic3104_dma_wrapper_0/inst/aic3104_dma/axi_dma_writer/fifo_mem_reg_64_127_0_6_i_1_n_0                                                                                   |                                                                                                                                                                   |                5 |             40 |         8.00 |
|  hw_i/zynq_ultra_ps_e_0/inst/pl_clk0 | hw_i/audio/aic3104_dma_wrapper_0/inst/aic3104_dma/axi_dma_writer/fifo_mem_reg_384_447_0_6_i_1_n_0                                                                                  |                                                                                                                                                                   |                5 |             40 |         8.00 |
|  hw_i/zynq_ultra_ps_e_0/inst/pl_clk0 | hw_i/audio/aic3104_dma_wrapper_0/inst/aic3104_dma/axi_dma_writer/fifo_mem_reg_512_575_0_6_i_1_n_0                                                                                  |                                                                                                                                                                   |                5 |             40 |         8.00 |
|  hw_i/zynq_ultra_ps_e_0/inst/pl_clk0 | hw_i/audio/aic3104_dma_wrapper_0/inst/aic3104_dma/axi_dma_writer/fifo_mem_reg_192_255_0_6_i_1_n_0                                                                                  |                                                                                                                                                                   |                5 |             40 |         8.00 |
|  hw_i/zynq_ultra_ps_e_0/inst/pl_clk0 | hw_i/audio/aic3104_dma_wrapper_0/inst/aic3104_dma/axi_dma_reader/fifo_mem_reg_192_255_0_6_i_1_n_0                                                                                  |                                                                                                                                                                   |                5 |             40 |         8.00 |
|  hw_i/zynq_ultra_ps_e_0/inst/pl_clk0 | hw_i/audio/aic3104_dma_wrapper_0/inst/aic3104_dma/axi_dma_reader/fifo_mem_reg_448_511_0_6_i_1_n_0                                                                                  |                                                                                                                                                                   |                5 |             40 |         8.00 |
|  hw_i/zynq_ultra_ps_e_0/inst/pl_clk0 | hw_i/audio/aic3104_dma_wrapper_0/inst/aic3104_dma/axi_dma_reader/fifo_mem_reg_128_191_0_6_i_1_n_0                                                                                  |                                                                                                                                                                   |                5 |             40 |         8.00 |
|  hw_i/zynq_ultra_ps_e_0/inst/pl_clk0 | hw_i/audio/aic3104_dma_wrapper_0/inst/aic3104_dma/axi_dma_reader/fifo_mem_reg_256_319_0_6_i_1_n_0                                                                                  |                                                                                                                                                                   |                5 |             40 |         8.00 |
|  hw_i/zynq_ultra_ps_e_0/inst/pl_clk0 | hw_i/audio/aic3104_dma_wrapper_0/inst/aic3104_dma/axi_dma_reader/fifo_mem_reg_320_383_0_6_i_1_n_0                                                                                  |                                                                                                                                                                   |                5 |             40 |         8.00 |
|  hw_i/zynq_ultra_ps_e_0/inst/pl_clk0 | hw_i/audio/aic3104_dma_wrapper_0/inst/aic3104_dma/axi_dma_reader/fifo_mem_reg_768_831_0_6_i_1_n_0                                                                                  |                                                                                                                                                                   |                5 |             40 |         8.00 |
|  hw_i/zynq_ultra_ps_e_0/inst/pl_clk0 | hw_i/audio/aic3104_dma_wrapper_0/inst/aic3104_dma/axi_dma_reader/fifo_mem_reg_384_447_0_6_i_1_n_0                                                                                  |                                                                                                                                                                   |                5 |             40 |         8.00 |
|  hw_i/zynq_ultra_ps_e_0/inst/pl_clk0 | hw_i/audio/aic3104_dma_wrapper_0/inst/aic3104_dma/axi_dma_reader/fifo_mem_reg_512_575_0_6_i_1_n_0                                                                                  |                                                                                                                                                                   |                5 |             40 |         8.00 |
|  hw_i/zynq_ultra_ps_e_0/inst/pl_clk0 | hw_i/audio/aic3104_dma_wrapper_0/inst/aic3104_dma/axi_dma_reader/fifo_mem_reg_576_639_0_6_i_1_n_0                                                                                  |                                                                                                                                                                   |                5 |             40 |         8.00 |
|  hw_i/zynq_ultra_ps_e_0/inst/pl_clk0 | hw_i/audio/aic3104_dma_wrapper_0/inst/aic3104_dma/axi_dma_reader/fifo_mem_reg_64_127_0_6_i_1_n_0                                                                                   |                                                                                                                                                                   |                5 |             40 |         8.00 |
|  hw_i/zynq_ultra_ps_e_0/inst/pl_clk0 | hw_i/audio/aic3104_dma_wrapper_0/inst/aic3104_dma/axi_dma_reader/fifo_mem_reg_704_767_0_6_i_1_n_0                                                                                  |                                                                                                                                                                   |                5 |             40 |         8.00 |
|  hw_i/zynq_ultra_ps_e_0/inst/pl_clk0 | hw_i/audio/aic3104_dma_wrapper_0/inst/aic3104_dma/axi_dma_reader/fifo_mem_reg_896_959_0_6_i_1_n_0                                                                                  |                                                                                                                                                                   |                5 |             40 |         8.00 |
|  hw_i/zynq_ultra_ps_e_0/inst/pl_clk0 | hw_i/audio/aic3104_dma_wrapper_0/inst/aic3104_dma/axi_dma_reader/fifo_mem_reg_832_895_0_6_i_1_n_0                                                                                  |                                                                                                                                                                   |                5 |             40 |         8.00 |
|  hw_i/zynq_ultra_ps_e_0/inst/pl_clk0 | hw_i/audio/aic3104_dma_wrapper_0/inst/aic3104_dma/axi_dma_reader/fifo_mem_reg_960_1023_0_6_i_1_n_0                                                                                 |                                                                                                                                                                   |                5 |             40 |         8.00 |
|  hw_i/zynq_ultra_ps_e_0/inst/pl_clk0 | hw_i/audio/aic3104_dma_wrapper_0/inst/aic3104_dma/axi_dma_reader/fifo_mem_reg_0_63_0_6_i_1_n_0                                                                                     |                                                                                                                                                                   |                5 |             40 |         8.00 |
|  hw_i/zynq_ultra_ps_e_0/inst/pl_clk0 | hw_i/audio/aic3104_dma_wrapper_0/inst/aic3104_dma/axi_dma_reader/fifo_mem_reg_640_703_0_6_i_1_n_0                                                                                  |                                                                                                                                                                   |                5 |             40 |         8.00 |
|  hw_i/zynq_ultra_ps_e_0/inst/pl_clk0 | hw_i/audio/aic3104_dma_wrapper_0/inst/aic3104_dma/axi_dma_writer/fifo_mem_reg_128_191_0_6_i_1_n_0                                                                                  |                                                                                                                                                                   |                5 |             40 |         8.00 |
|  hw_i/zynq_ultra_ps_e_0/inst/pl_clk0 |                                                                                                                                                                                    | hw_i/audio/axi_iic_0/U0/X_IIC/REG_INTERFACE_I/Q[0]                                                                                                                |               12 |             41 |         3.42 |
|  hw_i/zynq_ultra_ps_e_0/inst/pl_clk0 |                                                                                                                                                                                    | hw_i/audio/axi_iic_0/U0/X_IIC/X_AXI_IPIF_SSP1/X_SOFT_RESET/SR[0]                                                                                                  |               14 |             42 |         3.00 |
|  hw_i/zynq_ultra_ps_e_0/inst/pl_clk0 | hw_i/axi_smc/inst/s00_entry_pipeline/s00_mmu/inst/aw_reg_stall/m_vector_i[0]                                                                                                       |                                                                                                                                                                   |               10 |             44 |         4.40 |
|  hw_i/zynq_ultra_ps_e_0/inst/pl_clk0 | hw_i/axi_smc/inst/s00_entry_pipeline/s00_mmu/inst/aw_reg_stall/skid_buffer[1136]_i_1__0_n_0                                                                                        |                                                                                                                                                                   |               11 |             44 |         4.00 |
|  hw_i/zynq_ultra_ps_e_0/inst/pl_clk0 | hw_i/axi_smc/inst/s00_entry_pipeline/s00_mmu/inst/ar_reg_stall/m_vector_i[0]                                                                                                       |                                                                                                                                                                   |                9 |             48 |         5.33 |
|  hw_i/zynq_ultra_ps_e_0/inst/pl_clk0 | hw_i/axi_smc/inst/s00_entry_pipeline/s00_mmu/inst/ar_reg_stall/skid_buffer[1136]_i_1_n_0                                                                                           |                                                                                                                                                                   |                9 |             48 |         5.33 |
|  hw_i/zynq_ultra_ps_e_0/inst/pl_clk0 | hw_i/audio/aic3104_dma_wrapper_0/inst/aic3104_dma/axi_dma_writer/burst_beats[0]                                                                                                    | hw_i/rst_ps8_0_96M/U0/peripheral_aresetn[0]                                                                                                                       |               12 |             57 |         4.75 |
|  hw_i/zynq_ultra_ps_e_0/inst/pl_clk0 | hw_i/audio/aic3104_dma_wrapper_0/inst/aic3104_dma/axi_dma_reader/burst_beats_q[0]                                                                                                  | hw_i/rst_ps8_0_96M/U0/peripheral_aresetn[0]                                                                                                                       |               13 |             57 |         4.38 |
|  hw_i/zynq_ultra_ps_e_0/inst/pl_clk0 | hw_i/axi_smc/inst/s00_entry_pipeline/s00_si_converter/inst/gen_axilite_conv.axilite_conv_inst/m_aruser[0]                                                                          | hw_i/axi_smc/inst/s00_entry_pipeline/s00_si_converter/inst/areset                                                                                                 |               18 |             58 |         3.22 |
|  hw_i/audio/clk_wiz_0/inst/clk_out1  | hw_i/audio/aic3104_dma_wrapper_0/inst/aic3104_dma/rx_din[63]_i_1_n_0                                                                                                               |                                                                                                                                                                   |               12 |             64 |         5.33 |
|  hw_i/zynq_ultra_ps_e_0/inst/pl_clk0 | hw_i/audio/aic3104_dma_wrapper_0/inst/aic3104_dma/axi_dma_writer/base_addr[0]                                                                                                      | hw_i/rst_ps8_0_96M/U0/peripheral_aresetn[0]                                                                                                                       |               22 |             72 |         3.27 |
|  hw_i/zynq_ultra_ps_e_0/inst/pl_clk0 | hw_i/audio/aic3104_dma_wrapper_0/inst/aic3104_dma/axi_dma_reader/total_beats[0]                                                                                                    | hw_i/rst_ps8_0_96M/U0/peripheral_aresetn[0]                                                                                                                       |               20 |             72 |         3.60 |
|  hw_i/zynq_ultra_ps_e_0/inst/pl_clk0 |                                                                                                                                                                                    | hw_i/axi_smc/inst/clk_map/psr_aclk/U0/interconnect_aresetn[0]                                                                                                     |               29 |             93 |         3.21 |
|  hw_i/audio/clk_wiz_0/inst/clk_out1  |                                                                                                                                                                                    |                                                                                                                                                                   |               41 |            143 |         3.49 |
|  hw_i/zynq_ultra_ps_e_0/inst/pl_clk0 |                                                                                                                                                                                    |                                                                                                                                                                   |              104 |            308 |         2.96 |
+--------------------------------------+------------------------------------------------------------------------------------------------------------------------------------------------------------------------------------+-------------------------------------------------------------------------------------------------------------------------------------------------------------------+------------------+----------------+--------------+


